ISO-10303-21;
HEADER;
FILE_DESCRIPTION(('Open CASCADE Model'),'2;1');
FILE_NAME('Open CASCADE Shape Model','2026-09-14T15:41:57',('Author'),(
    'Open CASCADE'),'Open CASCADE STEP processor 7.9','Open CASCADE 7.9'
  ,'Unknown');
FILE_SCHEMA(('AUTOMOTIVE_DESIGN { 1 0 10303 214 1 1 1 1 }'));
ENDSEC;
DATA;
#1 = APPLICATION_PROTOCOL_DEFINITION('international standard',
  'automotive_design',2000,#2);
#2 = APPLICATION_CONTEXT(
  'core data for automotive mechanical design processes');
#3 = SHAPE_DEFINITION_REPRESENTATION(#4,#10);
#4 = PRODUCT_DEFINITION_SHAPE('','',#5);
#5 = PRODUCT_DEFINITION('design','',#6,#9);
#6 = PRODUCT_DEFINITION_FORMATION('','',#7);
#7 = PRODUCT('Open CASCADE STEP translator 7.9 3',
  'Open CASCADE STEP translator 7.9 3','',(#8));
#8 = PRODUCT_CONTEXT('',#2,'mechanical');
#9 = PRODUCT_DEFINITION_CONTEXT('part definition',#2,'design');
#10 = ADVANCED_BREP_SHAPE_REPRESENTATION('',(#11,#15),#13348);
#11 = AXIS2_PLACEMENT_3D('',#12,#13,#14);
#12 = CARTESIAN_POINT('',(0.,0.,0.));
#13 = DIRECTION('',(0.,0.,1.));
#14 = DIRECTION('',(1.,0.,-0.));
#15 = MANIFOLD_SOLID_BREP('',#16);
#16 = CLOSED_SHELL('',(#17,#137,#3427,#3477,#3531,#4949,#4976,#5003,
    #5030,#5057,#5064,#5140,#5189,#5238,#5287,#5336,#5385,#5434,#5483,
    #5532,#5581,#5630,#5679,#5728,#5777,#5804,#5880,#5929,#5978,#6027,
    #6076,#6125,#6174,#6201,#6277,#6326,#6375,#6402,#6478,#6527,#6576,
    #6625,#6674,#6723,#6772,#6821,#6870,#6897,#6973,#7022,#7071,#7120,
    #7169,#7218,#7267,#7316,#7365,#7414,#7463,#7512,#7561,#7610,#7659,
    #7708,#7757,#7806,#7855,#7904,#7953,#8002,#8051,#8100,#8149,#8198,
    #8247,#8296,#8345,#8394,#8443,#8492,#8541,#8590,#8617,#8691,#8841,
    #8977,#9125,#9152,#9275,#9344,#9494,#9541,#9588,#9688,#9757,#9784,
    #9831,#9967,#10103,#10152,#10179,#10226,#10275,#10300,#10325,#10350,
    #10368,#10525,#10532,#10545,#10583,#10826,#10875,#10924,#10951,
    #11005,#11244,#11271,#11320,#11369,#11396,#11400,#11449,#11498,
    #11525,#11529,#11583,#11822,#11849,#11903,#12142,#12169,#12243,
    #12290,#12337,#12398,#12431,#12438,#12445,#12452,#12479,#12506,
    #12533,#12583,#12632,#12680,#12707,#12734,#12741,#12768,#12795,
    #12822,#12872,#12921,#12969,#12996,#13023,#13030,#13057,#13084,
    #13111,#13161,#13210,#13258,#13285,#13312,#13319,#13326,#13333,
    #13340));
#17 = ADVANCED_FACE('',(#18),#32,.F.);
#18 = FACE_BOUND('',#19,.F.);
#19 = EDGE_LOOP('',(#20,#55,#83,#111));
#20 = ORIENTED_EDGE('',*,*,#21,.F.);
#21 = EDGE_CURVE('',#22,#24,#26,.T.);
#22 = VERTEX_POINT('',#23);
#23 = CARTESIAN_POINT('',(-105.,-101.,4.8));
#24 = VERTEX_POINT('',#25);
#25 = CARTESIAN_POINT('',(-105.,101.,4.8));
#26 = SURFACE_CURVE('',#27,(#31,#43),.PCURVE_S1.);
#27 = LINE('',#28,#29);
#28 = CARTESIAN_POINT('',(-105.,-105.,4.8));
#29 = VECTOR('',#30,1.);
#30 = DIRECTION('',(0.,1.,0.));
#31 = PCURVE('',#32,#37);
#32 = PLANE('',#33);
#33 = AXIS2_PLACEMENT_3D('',#34,#35,#36);
#34 = CARTESIAN_POINT('',(-105.,-105.,0.));
#35 = DIRECTION('',(1.,0.,0.));
#36 = DIRECTION('',(0.,0.,1.));
#37 = DEFINITIONAL_REPRESENTATION('',(#38),#42);
#38 = LINE('',#39,#40);
#39 = CARTESIAN_POINT('',(4.8,0.));
#40 = VECTOR('',#41,1.);
#41 = DIRECTION('',(0.,-1.));
#42 = ( GEOMETRIC_REPRESENTATION_CONTEXT(2) 
PARAMETRIC_REPRESENTATION_CONTEXT() REPRESENTATION_CONTEXT('2D SPACE',''
  ) );
#43 = PCURVE('',#44,#49);
#44 = PLANE('',#45);
#45 = AXIS2_PLACEMENT_3D('',#46,#47,#48);
#46 = CARTESIAN_POINT('',(-105.,-105.,4.8));
#47 = DIRECTION('',(0.,0.,1.));
#48 = DIRECTION('',(1.,0.,0.));
#49 = DEFINITIONAL_REPRESENTATION('',(#50),#54);
#50 = LINE('',#51,#52);
#51 = CARTESIAN_POINT('',(0.,0.));
#52 = VECTOR('',#53,1.);
#53 = DIRECTION('',(0.,1.));
#54 = ( GEOMETRIC_REPRESENTATION_CONTEXT(2) 
PARAMETRIC_REPRESENTATION_CONTEXT() REPRESENTATION_CONTEXT('2D SPACE',''
  ) );
#55 = ORIENTED_EDGE('',*,*,#56,.F.);
#56 = EDGE_CURVE('',#57,#22,#59,.T.);
#57 = VERTEX_POINT('',#58);
#58 = CARTESIAN_POINT('',(-105.,-101.,0.));
#59 = SURFACE_CURVE('',#60,(#64,#71),.PCURVE_S1.);
#60 = LINE('',#61,#62);
#61 = CARTESIAN_POINT('',(-105.,-101.,0.));
#62 = VECTOR('',#63,1.);
#63 = DIRECTION('',(0.,0.,1.));
#64 = PCURVE('',#32,#65);
#65 = DEFINITIONAL_REPRESENTATION('',(#66),#70);
#66 = LINE('',#67,#68);
#67 = CARTESIAN_POINT('',(0.,-4.));
#68 = VECTOR('',#69,1.);
#69 = DIRECTION('',(1.,0.));
#70 = ( GEOMETRIC_REPRESENTATION_CONTEXT(2) 
PARAMETRIC_REPRESENTATION_CONTEXT() REPRESENTATION_CONTEXT('2D SPACE',''
  ) );
#71 = PCURVE('',#72,#77);
#72 = CYLINDRICAL_SURFACE('',#73,4.);
#73 = AXIS2_PLACEMENT_3D('',#74,#75,#76);
#74 = CARTESIAN_POINT('',(-101.,-101.,0.));
#75 = DIRECTION('',(0.,0.,1.));
#76 = DIRECTION('',(-1.,-0.,0.));
#77 = DEFINITIONAL_REPRESENTATION('',(#78),#82);
#78 = LINE('',#79,#80);
#79 = CARTESIAN_POINT('',(0.,0.));
#80 = VECTOR('',#81,1.);
#81 = DIRECTION('',(0.,1.));
#82 = ( GEOMETRIC_REPRESENTATION_CONTEXT(2) 
PARAMETRIC_REPRESENTATION_CONTEXT() REPRESENTATION_CONTEXT('2D SPACE',''
  ) );
#83 = ORIENTED_EDGE('',*,*,#84,.T.);
#84 = EDGE_CURVE('',#57,#85,#87,.T.);
#85 = VERTEX_POINT('',#86);
#86 = CARTESIAN_POINT('',(-105.,101.,0.));
#87 = SURFACE_CURVE('',#88,(#92,#99),.PCURVE_S1.);
#88 = LINE('',#89,#90);
#89 = CARTESIAN_POINT('',(-105.,-105.,0.));
#90 = VECTOR('',#91,1.);
#91 = DIRECTION('',(0.,1.,0.));
#92 = PCURVE('',#32,#93);
#93 = DEFINITIONAL_REPRESENTATION('',(#94),#98);
#94 = LINE('',#95,#96);
#95 = CARTESIAN_POINT('',(0.,0.));
#96 = VECTOR('',#97,1.);
#97 = DIRECTION('',(0.,-1.));
#98 = ( GEOMETRIC_REPRESENTATION_CONTEXT(2) 
PARAMETRIC_REPRESENTATION_CONTEXT() REPRESENTATION_CONTEXT('2D SPACE',''
  ) );
#99 = PCURVE('',#100,#105);
#100 = PLANE('',#101);
#101 = AXIS2_PLACEMENT_3D('',#102,#103,#104);
#102 = CARTESIAN_POINT('',(-105.,-105.,0.));
#103 = DIRECTION('',(0.,0.,1.));
#104 = DIRECTION('',(1.,0.,0.));
#105 = DEFINITIONAL_REPRESENTATION('',(#106),#110);
#106 = LINE('',#107,#108);
#107 = CARTESIAN_POINT('',(0.,0.));
#108 = VECTOR('',#109,1.);
#109 = DIRECTION('',(0.,1.));
#110 = ( GEOMETRIC_REPRESENTATION_CONTEXT(2) 
PARAMETRIC_REPRESENTATION_CONTEXT() REPRESENTATION_CONTEXT('2D SPACE',''
  ) );
#111 = ORIENTED_EDGE('',*,*,#112,.T.);
#112 = EDGE_CURVE('',#85,#24,#113,.T.);
#113 = SURFACE_CURVE('',#114,(#118,#125),.PCURVE_S1.);
#114 = LINE('',#115,#116);
#115 = CARTESIAN_POINT('',(-105.,101.,0.));
#116 = VECTOR('',#117,1.);
#117 = DIRECTION('',(0.,0.,1.));
#118 = PCURVE('',#32,#119);
#119 = DEFINITIONAL_REPRESENTATION('',(#120),#124);
#120 = LINE('',#121,#122);
#121 = CARTESIAN_POINT('',(0.,-206.));
#122 = VECTOR('',#123,1.);
#123 = DIRECTION('',(1.,0.));
#124 = ( GEOMETRIC_REPRESENTATION_CONTEXT(2) 
PARAMETRIC_REPRESENTATION_CONTEXT() REPRESENTATION_CONTEXT('2D SPACE',''
  ) );
#125 = PCURVE('',#126,#131);
#126 = CYLINDRICAL_SURFACE('',#127,4.);
#127 = AXIS2_PLACEMENT_3D('',#128,#129,#130);
#128 = CARTESIAN_POINT('',(-101.,101.,0.));
#129 = DIRECTION('',(0.,0.,1.));
#130 = DIRECTION('',(-1.,-0.,0.));
#131 = DEFINITIONAL_REPRESENTATION('',(#132),#136);
#132 = LINE('',#133,#134);
#133 = CARTESIAN_POINT('',(-0.,0.));
#134 = VECTOR('',#135,1.);
#135 = DIRECTION('',(-0.,1.));
#136 = ( GEOMETRIC_REPRESENTATION_CONTEXT(2) 
PARAMETRIC_REPRESENTATION_CONTEXT() REPRESENTATION_CONTEXT('2D SPACE',''
  ) );
#137 = ADVANCED_FACE('',(#138,#337,#761,#971,#1077,#1339,#2875),#44,.T.
  );
#138 = FACE_BOUND('',#139,.T.);
#139 = EDGE_LOOP('',(#140,#141,#165,#193,#226,#254,#283,#311));
#140 = ORIENTED_EDGE('',*,*,#21,.F.);
#141 = ORIENTED_EDGE('',*,*,#142,.T.);
#142 = EDGE_CURVE('',#22,#143,#145,.T.);
#143 = VERTEX_POINT('',#144);
#144 = CARTESIAN_POINT('',(-101.,-105.,4.8));
#145 = SURFACE_CURVE('',#146,(#151,#158),.PCURVE_S1.);
#146 = CIRCLE('',#147,4.);
#147 = AXIS2_PLACEMENT_3D('',#148,#149,#150);
#148 = CARTESIAN_POINT('',(-101.,-101.,4.8));
#149 = DIRECTION('',(0.,0.,1.));
#150 = DIRECTION('',(0.,-1.,0.));
#151 = PCURVE('',#44,#152);
#152 = DEFINITIONAL_REPRESENTATION('',(#153),#157);
#153 = CIRCLE('',#154,4.);
#154 = AXIS2_PLACEMENT_2D('',#155,#156);
#155 = CARTESIAN_POINT('',(4.,4.));
#156 = DIRECTION('',(0.,-1.));
#157 = ( GEOMETRIC_REPRESENTATION_CONTEXT(2) 
PARAMETRIC_REPRESENTATION_CONTEXT() REPRESENTATION_CONTEXT('2D SPACE',''
  ) );
#158 = PCURVE('',#72,#159);
#159 = DEFINITIONAL_REPRESENTATION('',(#160),#164);
#160 = LINE('',#161,#162);
#161 = CARTESIAN_POINT('',(-4.712388980385,4.8));
#162 = VECTOR('',#163,1.);
#163 = DIRECTION('',(1.,0.));
#164 = ( GEOMETRIC_REPRESENTATION_CONTEXT(2) 
PARAMETRIC_REPRESENTATION_CONTEXT() REPRESENTATION_CONTEXT('2D SPACE',''
  ) );
#165 = ORIENTED_EDGE('',*,*,#166,.T.);
#166 = EDGE_CURVE('',#143,#167,#169,.T.);
#167 = VERTEX_POINT('',#168);
#168 = CARTESIAN_POINT('',(101.,-105.,4.8));
#169 = SURFACE_CURVE('',#170,(#174,#181),.PCURVE_S1.);
#170 = LINE('',#171,#172);
#171 = CARTESIAN_POINT('',(-105.,-105.,4.8));
#172 = VECTOR('',#173,1.);
#173 = DIRECTION('',(1.,0.,0.));
#174 = PCURVE('',#44,#175);
#175 = DEFINITIONAL_REPRESENTATION('',(#176),#180);
#176 = LINE('',#177,#178);
#177 = CARTESIAN_POINT('',(0.,0.));
#178 = VECTOR('',#179,1.);
#179 = DIRECTION('',(1.,0.));
#180 = ( GEOMETRIC_REPRESENTATION_CONTEXT(2) 
PARAMETRIC_REPRESENTATION_CONTEXT() REPRESENTATION_CONTEXT('2D SPACE',''
  ) );
#181 = PCURVE('',#182,#187);
#182 = PLANE('',#183);
#183 = AXIS2_PLACEMENT_3D('',#184,#185,#186);
#184 = CARTESIAN_POINT('',(-105.,-105.,0.));
#185 = DIRECTION('',(0.,1.,0.));
#186 = DIRECTION('',(0.,0.,1.));
#187 = DEFINITIONAL_REPRESENTATION('',(#188),#192);
#188 = LINE('',#189,#190);
#189 = CARTESIAN_POINT('',(4.8,0.));
#190 = VECTOR('',#191,1.);
#191 = DIRECTION('',(0.,1.));
#192 = ( GEOMETRIC_REPRESENTATION_CONTEXT(2) 
PARAMETRIC_REPRESENTATION_CONTEXT() REPRESENTATION_CONTEXT('2D SPACE',''
  ) );
#193 = ORIENTED_EDGE('',*,*,#194,.F.);
#194 = EDGE_CURVE('',#195,#167,#197,.T.);
#195 = VERTEX_POINT('',#196);
#196 = CARTESIAN_POINT('',(105.,-101.,4.8));
#197 = SURFACE_CURVE('',#198,(#203,#214),.PCURVE_S1.);
#198 = CIRCLE('',#199,4.);
#199 = AXIS2_PLACEMENT_3D('',#200,#201,#202);
#200 = CARTESIAN_POINT('',(101.,-101.,4.8));
#201 = DIRECTION('',(-0.,-0.,-1.));
#202 = DIRECTION('',(0.,-1.,0.));
#203 = PCURVE('',#44,#204);
#204 = DEFINITIONAL_REPRESENTATION('',(#205),#213);
#205 = ( BOUNDED_CURVE() B_SPLINE_CURVE(2,(#206,#207,#208,#209,#210,#211
,#212),.UNSPECIFIED.,.T.,.F.) B_SPLINE_CURVE_WITH_KNOTS((1,2,2,2,2,1),(
    -2.094395102393,0.,2.094395102393,4.188790204786,6.28318530718,
8.377580409573),.UNSPECIFIED.) CURVE() GEOMETRIC_REPRESENTATION_ITEM() 
RATIONAL_B_SPLINE_CURVE((1.,0.5,1.,0.5,1.,0.5,1.)) REPRESENTATION_ITEM(
  '') );
#206 = CARTESIAN_POINT('',(206.,0.));
#207 = CARTESIAN_POINT('',(199.07179676972,0.));
#208 = CARTESIAN_POINT('',(202.53589838486,6.));
#209 = CARTESIAN_POINT('',(206.,12.));
#210 = CARTESIAN_POINT('',(209.46410161513,6.));
#211 = CARTESIAN_POINT('',(212.92820323027,6.217248937901E-15));
#212 = CARTESIAN_POINT('',(206.,0.));
#213 = ( GEOMETRIC_REPRESENTATION_CONTEXT(2) 
PARAMETRIC_REPRESENTATION_CONTEXT() REPRESENTATION_CONTEXT('2D SPACE',''
  ) );
#214 = PCURVE('',#215,#220);
#215 = CYLINDRICAL_SURFACE('',#216,4.);
#216 = AXIS2_PLACEMENT_3D('',#217,#218,#219);
#217 = CARTESIAN_POINT('',(101.,-101.,0.));
#218 = DIRECTION('',(0.,0.,1.));
#219 = DIRECTION('',(1.,0.,-0.));
#220 = DEFINITIONAL_REPRESENTATION('',(#221),#225);
#221 = LINE('',#222,#223);
#222 = CARTESIAN_POINT('',(4.712388980385,4.8));
#223 = VECTOR('',#224,1.);
#224 = DIRECTION('',(-1.,0.));
#225 = ( GEOMETRIC_REPRESENTATION_CONTEXT(2) 
PARAMETRIC_REPRESENTATION_CONTEXT() REPRESENTATION_CONTEXT('2D SPACE',''
  ) );
#226 = ORIENTED_EDGE('',*,*,#227,.T.);
#227 = EDGE_CURVE('',#195,#228,#230,.T.);
#228 = VERTEX_POINT('',#229);
#229 = CARTESIAN_POINT('',(105.,101.,4.8));
#230 = SURFACE_CURVE('',#231,(#235,#242),.PCURVE_S1.);
#231 = LINE('',#232,#233);
#232 = CARTESIAN_POINT('',(105.,-105.,4.8));
#233 = VECTOR('',#234,1.);
#234 = DIRECTION('',(0.,1.,0.));
#235 = PCURVE('',#44,#236);
#236 = DEFINITIONAL_REPRESENTATION('',(#237),#241);
#237 = LINE('',#238,#239);
#238 = CARTESIAN_POINT('',(210.,0.));
#239 = VECTOR('',#240,1.);
#240 = DIRECTION('',(0.,1.));
#241 = ( GEOMETRIC_REPRESENTATION_CONTEXT(2) 
PARAMETRIC_REPRESENTATION_CONTEXT() REPRESENTATION_CONTEXT('2D SPACE',''
  ) );
#242 = PCURVE('',#243,#248);
#243 = PLANE('',#244);
#244 = AXIS2_PLACEMENT_3D('',#245,#246,#247);
#245 = CARTESIAN_POINT('',(105.,-105.,0.));
#246 = DIRECTION('',(1.,0.,0.));
#247 = DIRECTION('',(0.,0.,1.));
#248 = DEFINITIONAL_REPRESENTATION('',(#249),#253);
#249 = LINE('',#250,#251);
#250 = CARTESIAN_POINT('',(4.8,0.));
#251 = VECTOR('',#252,1.);
#252 = DIRECTION('',(0.,-1.));
#253 = ( GEOMETRIC_REPRESENTATION_CONTEXT(2) 
PARAMETRIC_REPRESENTATION_CONTEXT() REPRESENTATION_CONTEXT('2D SPACE',''
  ) );
#254 = ORIENTED_EDGE('',*,*,#255,.T.);
#255 = EDGE_CURVE('',#228,#256,#258,.T.);
#256 = VERTEX_POINT('',#257);
#257 = CARTESIAN_POINT('',(101.,105.,4.8));
#258 = SURFACE_CURVE('',#259,(#264,#271),.PCURVE_S1.);
#259 = CIRCLE('',#260,4.);
#260 = AXIS2_PLACEMENT_3D('',#261,#262,#263);
#261 = CARTESIAN_POINT('',(101.,101.,4.8));
#262 = DIRECTION('',(0.,0.,1.));
#263 = DIRECTION('',(0.,-1.,0.));
#264 = PCURVE('',#44,#265);
#265 = DEFINITIONAL_REPRESENTATION('',(#266),#270);
#266 = CIRCLE('',#267,4.);
#267 = AXIS2_PLACEMENT_2D('',#268,#269);
#268 = CARTESIAN_POINT('',(206.,206.));
#269 = DIRECTION('',(0.,-1.));
#270 = ( GEOMETRIC_REPRESENTATION_CONTEXT(2) 
PARAMETRIC_REPRESENTATION_CONTEXT() REPRESENTATION_CONTEXT('2D SPACE',''
  ) );
#271 = PCURVE('',#272,#277);
#272 = CYLINDRICAL_SURFACE('',#273,4.);
#273 = AXIS2_PLACEMENT_3D('',#274,#275,#276);
#274 = CARTESIAN_POINT('',(101.,101.,0.));
#275 = DIRECTION('',(0.,0.,1.));
#276 = DIRECTION('',(1.,0.,-0.));
#277 = DEFINITIONAL_REPRESENTATION('',(#278),#282);
#278 = LINE('',#279,#280);
#279 = CARTESIAN_POINT('',(-1.570796326795,4.8));
#280 = VECTOR('',#281,1.);
#281 = DIRECTION('',(1.,0.));
#282 = ( GEOMETRIC_REPRESENTATION_CONTEXT(2) 
PARAMETRIC_REPRESENTATION_CONTEXT() REPRESENTATION_CONTEXT('2D SPACE',''
  ) );
#283 = ORIENTED_EDGE('',*,*,#284,.F.);
#284 = EDGE_CURVE('',#285,#256,#287,.T.);
#285 = VERTEX_POINT('',#286);
#286 = CARTESIAN_POINT('',(-101.,105.,4.8));
#287 = SURFACE_CURVE('',#288,(#292,#299),.PCURVE_S1.);
#288 = LINE('',#289,#290);
#289 = CARTESIAN_POINT('',(-105.,105.,4.8));
#290 = VECTOR('',#291,1.);
#291 = DIRECTION('',(1.,0.,0.));
#292 = PCURVE('',#44,#293);
#293 = DEFINITIONAL_REPRESENTATION('',(#294),#298);
#294 = LINE('',#295,#296);
#295 = CARTESIAN_POINT('',(0.,210.));
#296 = VECTOR('',#297,1.);
#297 = DIRECTION('',(1.,0.));
#298 = ( GEOMETRIC_REPRESENTATION_CONTEXT(2) 
PARAMETRIC_REPRESENTATION_CONTEXT() REPRESENTATION_CONTEXT('2D SPACE',''
  ) );
#299 = PCURVE('',#300,#305);
#300 = PLANE('',#301);
#301 = AXIS2_PLACEMENT_3D('',#302,#303,#304);
#302 = CARTESIAN_POINT('',(-105.,105.,0.));
#303 = DIRECTION('',(0.,1.,0.));
#304 = DIRECTION('',(0.,0.,1.));
#305 = DEFINITIONAL_REPRESENTATION('',(#306),#310);
#306 = LINE('',#307,#308);
#307 = CARTESIAN_POINT('',(4.8,0.));
#308 = VECTOR('',#309,1.);
#309 = DIRECTION('',(0.,1.));
#310 = ( GEOMETRIC_REPRESENTATION_CONTEXT(2) 
PARAMETRIC_REPRESENTATION_CONTEXT() REPRESENTATION_CONTEXT('2D SPACE',''
  ) );
#311 = ORIENTED_EDGE('',*,*,#312,.F.);
#312 = EDGE_CURVE('',#24,#285,#313,.T.);
#313 = SURFACE_CURVE('',#314,(#319,#330),.PCURVE_S1.);
#314 = CIRCLE('',#315,4.);
#315 = AXIS2_PLACEMENT_3D('',#316,#317,#318);
#316 = CARTESIAN_POINT('',(-101.,101.,4.8));
#317 = DIRECTION('',(-0.,-0.,-1.));
#318 = DIRECTION('',(0.,-1.,0.));
#319 = PCURVE('',#44,#320);
#320 = DEFINITIONAL_REPRESENTATION('',(#321),#329);
#321 = ( BOUNDED_CURVE() B_SPLINE_CURVE(2,(#322,#323,#324,#325,#326,#327
,#328),.UNSPECIFIED.,.T.,.F.) B_SPLINE_CURVE_WITH_KNOTS((1,2,2,2,2,1),(
    -2.094395102393,0.,2.094395102393,4.188790204786,6.28318530718,
8.377580409573),.UNSPECIFIED.) CURVE() GEOMETRIC_REPRESENTATION_ITEM() 
RATIONAL_B_SPLINE_CURVE((1.,0.5,1.,0.5,1.,0.5,1.)) REPRESENTATION_ITEM(
  '') );
#322 = CARTESIAN_POINT('',(4.,202.));
#323 = CARTESIAN_POINT('',(-2.928203230276,202.));
#324 = CARTESIAN_POINT('',(0.535898384862,208.));
#325 = CARTESIAN_POINT('',(4.,214.));
#326 = CARTESIAN_POINT('',(7.464101615138,208.));
#327 = CARTESIAN_POINT('',(10.928203230276,202.));
#328 = CARTESIAN_POINT('',(4.,202.));
#329 = ( GEOMETRIC_REPRESENTATION_CONTEXT(2) 
PARAMETRIC_REPRESENTATION_CONTEXT() REPRESENTATION_CONTEXT('2D SPACE',''
  ) );
#330 = PCURVE('',#126,#331);
#331 = DEFINITIONAL_REPRESENTATION('',(#332),#336);
#332 = LINE('',#333,#334);
#333 = CARTESIAN_POINT('',(1.570796326795,4.8));
#334 = VECTOR('',#335,1.);
#335 = DIRECTION('',(-1.,0.));
#336 = ( GEOMETRIC_REPRESENTATION_CONTEXT(2) 
PARAMETRIC_REPRESENTATION_CONTEXT() REPRESENTATION_CONTEXT('2D SPACE',''
  ) );
#337 = FACE_BOUND('',#338,.T.);
#338 = EDGE_LOOP('',(#339,#367,#393,#419,#445,#487,#529,#555,#581,#607,
    #633,#659,#685,#711,#737));
#339 = ORIENTED_EDGE('',*,*,#340,.F.);
#340 = EDGE_CURVE('',#341,#343,#345,.T.);
#341 = VERTEX_POINT('',#342);
#342 = CARTESIAN_POINT('',(-6.037109375,-100.3212890625,4.8));
#343 = VERTEX_POINT('',#344);
#344 = CARTESIAN_POINT('',(-5.671875,-100.3212890625,4.8));
#345 = SURFACE_CURVE('',#346,(#350,#356),.PCURVE_S1.);
#346 = LINE('',#347,#348);
#347 = CARTESIAN_POINT('',(-55.3359375,-100.3212890625,4.8));
#348 = VECTOR('',#349,1.);
#349 = DIRECTION('',(1.,0.,-0.));
#350 = PCURVE('',#44,#351);
#351 = DEFINITIONAL_REPRESENTATION('',(#352),#355);
#352 = B_SPLINE_CURVE_WITH_KNOTS('',1,(#353,#354),.UNSPECIFIED.,.F.,.F.,
  (2,2),(49.298828125,49.6640625),.PIECEWISE_BEZIER_KNOTS.);
#353 = CARTESIAN_POINT('',(98.962890625,4.6787109375));
#354 = CARTESIAN_POINT('',(99.328125,4.6787109375));
#355 = ( GEOMETRIC_REPRESENTATION_CONTEXT(2) 
PARAMETRIC_REPRESENTATION_CONTEXT() REPRESENTATION_CONTEXT('2D SPACE',''
  ) );
#356 = PCURVE('',#357,#362);
#357 = PLANE('',#358);
#358 = AXIS2_PLACEMENT_3D('',#359,#360,#361);
#359 = CARTESIAN_POINT('',(-5.671875,-100.3212890625,4.4));
#360 = DIRECTION('',(0.,-1.,0.));
#361 = DIRECTION('',(-1.,0.,0.));
#362 = DEFINITIONAL_REPRESENTATION('',(#363),#366);
#363 = B_SPLINE_CURVE_WITH_KNOTS('',1,(#364,#365),.UNSPECIFIED.,.F.,.F.,
  (2,2),(49.298828125,49.6640625),.PIECEWISE_BEZIER_KNOTS.);
#364 = CARTESIAN_POINT('',(0.365234375,-0.4));
#365 = CARTESIAN_POINT('',(0.,-0.4));
#366 = ( GEOMETRIC_REPRESENTATION_CONTEXT(2) 
PARAMETRIC_REPRESENTATION_CONTEXT() REPRESENTATION_CONTEXT('2D SPACE',''
  ) );
#367 = ORIENTED_EDGE('',*,*,#368,.F.);
#368 = EDGE_CURVE('',#369,#341,#371,.T.);
#369 = VERTEX_POINT('',#370);
#370 = CARTESIAN_POINT('',(-6.037109375,-97.4580078125,4.8));
#371 = SURFACE_CURVE('',#372,(#376,#382),.PCURVE_S1.);
#372 = LINE('',#373,#374);
#373 = CARTESIAN_POINT('',(-6.037109375,-102.6606445312,4.8));
#374 = VECTOR('',#375,1.);
#375 = DIRECTION('',(0.,-1.,0.));
#376 = PCURVE('',#44,#377);
#377 = DEFINITIONAL_REPRESENTATION('',(#378),#381);
#378 = B_SPLINE_CURVE_WITH_KNOTS('',1,(#379,#380),.UNSPECIFIED.,.F.,.F.,
  (2,2),(-5.20263671875,-2.33935546875),.PIECEWISE_BEZIER_KNOTS.);
#379 = CARTESIAN_POINT('',(98.962890625,7.5419921875));
#380 = CARTESIAN_POINT('',(98.962890625,4.6787109375));
#381 = ( GEOMETRIC_REPRESENTATION_CONTEXT(2) 
PARAMETRIC_REPRESENTATION_CONTEXT() REPRESENTATION_CONTEXT('2D SPACE',''
  ) );
#382 = PCURVE('',#383,#388);
#383 = PLANE('',#384);
#384 = AXIS2_PLACEMENT_3D('',#385,#386,#387);
#385 = CARTESIAN_POINT('',(-6.037109375,-100.3212890625,4.4));
#386 = DIRECTION('',(-1.,0.,0.));
#387 = DIRECTION('',(0.,1.,0.));
#388 = DEFINITIONAL_REPRESENTATION('',(#389),#392);
#389 = B_SPLINE_CURVE_WITH_KNOTS('',1,(#390,#391),.UNSPECIFIED.,.F.,.F.,
  (2,2),(-5.20263671875,-2.33935546875),.PIECEWISE_BEZIER_KNOTS.);
#390 = CARTESIAN_POINT('',(2.86328125,-0.4));
#391 = CARTESIAN_POINT('',(0.,-0.4));
#392 = ( GEOMETRIC_REPRESENTATION_CONTEXT(2) 
PARAMETRIC_REPRESENTATION_CONTEXT() REPRESENTATION_CONTEXT('2D SPACE',''
  ) );
#393 = ORIENTED_EDGE('',*,*,#394,.F.);
#394 = EDGE_CURVE('',#395,#369,#397,.T.);
#395 = VERTEX_POINT('',#396);
#396 = CARTESIAN_POINT('',(-5.466796875,-97.4580078125,4.8));
#397 = SURFACE_CURVE('',#398,(#402,#408),.PCURVE_S1.);
#398 = LINE('',#399,#400);
#399 = CARTESIAN_POINT('',(-55.5185546875,-97.4580078125,4.8));
#400 = VECTOR('',#401,1.);
#401 = DIRECTION('',(-1.,0.,0.));
#402 = PCURVE('',#44,#403);
#403 = DEFINITIONAL_REPRESENTATION('',(#404),#407);
#404 = B_SPLINE_CURVE_WITH_KNOTS('',1,(#405,#406),.UNSPECIFIED.,.F.,.F.,
  (2,2),(-50.0517578125,-49.4814453125),.PIECEWISE_BEZIER_KNOTS.);
#405 = CARTESIAN_POINT('',(99.533203125,7.5419921875));
#406 = CARTESIAN_POINT('',(98.962890625,7.5419921875));
#407 = ( GEOMETRIC_REPRESENTATION_CONTEXT(2) 
PARAMETRIC_REPRESENTATION_CONTEXT() REPRESENTATION_CONTEXT('2D SPACE',''
  ) );
#408 = PCURVE('',#409,#414);
#409 = PLANE('',#410);
#410 = AXIS2_PLACEMENT_3D('',#411,#412,#413);
#411 = CARTESIAN_POINT('',(-6.037109375,-97.4580078125,4.4));
#412 = DIRECTION('',(0.,1.,0.));
#413 = DIRECTION('',(1.,0.,0.));
#414 = DEFINITIONAL_REPRESENTATION('',(#415),#418);
#415 = B_SPLINE_CURVE_WITH_KNOTS('',1,(#416,#417),.UNSPECIFIED.,.F.,.F.,
  (2,2),(-50.0517578125,-49.4814453125),.PIECEWISE_BEZIER_KNOTS.);
#416 = CARTESIAN_POINT('',(0.5703125,-0.4));
#417 = CARTESIAN_POINT('',(0.,-0.4));
#418 = ( GEOMETRIC_REPRESENTATION_CONTEXT(2) 
PARAMETRIC_REPRESENTATION_CONTEXT() REPRESENTATION_CONTEXT('2D SPACE',''
  ) );
#419 = ORIENTED_EDGE('',*,*,#420,.F.);
#420 = EDGE_CURVE('',#421,#395,#423,.T.);
#421 = VERTEX_POINT('',#422);
#422 = CARTESIAN_POINT('',(-4.7890625,-99.4853515625,4.8));
#423 = SURFACE_CURVE('',#424,(#428,#434),.PCURVE_S1.);
#424 = LINE('',#425,#426);
#425 = CARTESIAN_POINT('',(-9.335457494054,-85.88547258893,4.8));
#426 = VECTOR('',#427,1.);
#427 = DIRECTION('',(-0.317049967018,0.948408835057,0.));
#428 = PCURVE('',#44,#429);
#429 = DEFINITIONAL_REPRESENTATION('',(#430),#433);
#430 = B_SPLINE_CURVE_WITH_KNOTS('',1,(#431,#432),.UNSPECIFIED.,.F.,.F.,
  (2,2),(-14.33967975715,-12.20205337171),.PIECEWISE_BEZIER_KNOTS.);
#431 = CARTESIAN_POINT('',(100.2109375,5.5146484375));
#432 = CARTESIAN_POINT('',(99.533203125,7.5419921875));
#433 = ( GEOMETRIC_REPRESENTATION_CONTEXT(2) 
PARAMETRIC_REPRESENTATION_CONTEXT() REPRESENTATION_CONTEXT('2D SPACE',''
  ) );
#434 = PCURVE('',#435,#440);
#435 = PLANE('',#436);
#436 = AXIS2_PLACEMENT_3D('',#437,#438,#439);
#437 = CARTESIAN_POINT('',(-5.466796875,-97.4580078125,4.4));
#438 = DIRECTION('',(0.948408835057,0.317049967018,0.));
#439 = DIRECTION('',(0.317049967018,-0.948408835057,0.));
#440 = DEFINITIONAL_REPRESENTATION('',(#441),#444);
#441 = B_SPLINE_CURVE_WITH_KNOTS('',1,(#442,#443),.UNSPECIFIED.,.F.,.F.,
  (2,2),(-14.33967975715,-12.20205337171),.PIECEWISE_BEZIER_KNOTS.);
#442 = CARTESIAN_POINT('',(2.137626385438,-0.4));
#443 = CARTESIAN_POINT('',(0.,-0.4));
#444 = ( GEOMETRIC_REPRESENTATION_CONTEXT(2) 
PARAMETRIC_REPRESENTATION_CONTEXT() REPRESENTATION_CONTEXT('2D SPACE',''
  ) );
#445 = ORIENTED_EDGE('',*,*,#446,.F.);
#446 = EDGE_CURVE('',#447,#421,#449,.T.);
#447 = VERTEX_POINT('',#448);
#448 = CARTESIAN_POINT('',(-4.65234375,-99.9091796875,4.8));
#449 = SURFACE_CURVE('',#450,(#458,#469),.PCURVE_S1.);
#450 = B_SPLINE_CURVE_WITH_KNOTS('',6,(#451,#452,#453,#454,#455,#456,
    #457),.UNSPECIFIED.,.F.,.F.,(7,7),(0.,1.),.PIECEWISE_BEZIER_KNOTS.);
#451 = CARTESIAN_POINT('',(-4.65234375,-99.9091796875,4.8));
#452 = CARTESIAN_POINT('',(-4.667426242943,-99.8598188015,4.8));
#453 = CARTESIAN_POINT('',(-4.686001620148,-99.80077242102,4.8));
#454 = CARTESIAN_POINT('',(-4.707779105295,-99.73287870203,4.8));
#455 = CARTESIAN_POINT('',(-4.732420742276,-99.65709792307,4.8));
#456 = CARTESIAN_POINT('',(-4.759607462068,-99.57433032291,4.8));
#457 = CARTESIAN_POINT('',(-4.7890625,-99.4853515625,4.8));
#458 = PCURVE('',#44,#459);
#459 = DEFINITIONAL_REPRESENTATION('',(#460),#468);
#460 = B_SPLINE_CURVE_WITH_KNOTS('',6,(#461,#462,#463,#464,#465,#466,
    #467),.UNSPECIFIED.,.F.,.F.,(7,7),(0.,1.),.PIECEWISE_BEZIER_KNOTS.);
#461 = CARTESIAN_POINT('',(100.34765625,5.0908203125));
#462 = CARTESIAN_POINT('',(100.33257375705,5.140181198496));
#463 = CARTESIAN_POINT('',(100.31399837985,5.199227578974));
#464 = CARTESIAN_POINT('',(100.2922208947,5.267121297969));
#465 = CARTESIAN_POINT('',(100.26757925772,5.342902076921));
#466 = CARTESIAN_POINT('',(100.24039253793,5.425669677081));
#467 = CARTESIAN_POINT('',(100.2109375,5.5146484375));
#468 = ( GEOMETRIC_REPRESENTATION_CONTEXT(2) 
PARAMETRIC_REPRESENTATION_CONTEXT() REPRESENTATION_CONTEXT('2D SPACE',''
  ) );
#469 = PCURVE('',#470,#477);
#470 = SURFACE_OF_LINEAR_EXTRUSION('',#471,#475);
#471 = B_SPLINE_CURVE_WITH_KNOTS('',2,(#472,#473,#474),.UNSPECIFIED.,.F.
  ,.F.,(3,3),(0.,1.),.PIECEWISE_BEZIER_KNOTS.);
#472 = CARTESIAN_POINT('',(-4.7890625,-99.4853515625,4.4));
#473 = CARTESIAN_POINT('',(-4.6953125,-99.7685546875,4.4));
#474 = CARTESIAN_POINT('',(-4.65234375,-99.9091796875,4.4));
#475 = VECTOR('',#476,1.);
#476 = DIRECTION('',(-0.,-0.,-1.));
#477 = DEFINITIONAL_REPRESENTATION('',(#478),#486);
#478 = B_SPLINE_CURVE_WITH_KNOTS('',6,(#479,#480,#481,#482,#483,#484,
    #485),.UNSPECIFIED.,.F.,.F.,(7,7),(0.,1.),.PIECEWISE_BEZIER_KNOTS.);
#479 = CARTESIAN_POINT('',(1.,-0.4));
#480 = CARTESIAN_POINT('',(0.824494627569,-0.4));
#481 = CARTESIAN_POINT('',(0.652028239359,-0.4));
#482 = CARTESIAN_POINT('',(0.483144964179,-0.4));
#483 = CARTESIAN_POINT('',(0.318130104019,-0.4));
#484 = CARTESIAN_POINT('',(0.157093535636,-0.4));
#485 = CARTESIAN_POINT('',(0.,-0.4));
#486 = ( GEOMETRIC_REPRESENTATION_CONTEXT(2) 
PARAMETRIC_REPRESENTATION_CONTEXT() REPRESENTATION_CONTEXT('2D SPACE',''
  ) );
#487 = ORIENTED_EDGE('',*,*,#488,.F.);
#488 = EDGE_CURVE('',#489,#447,#491,.T.);
#489 = VERTEX_POINT('',#490);
#490 = CARTESIAN_POINT('',(-4.5,-99.4501953125,4.8));
#491 = SURFACE_CURVE('',#492,(#500,#511),.PCURVE_S1.);
#492 = B_SPLINE_CURVE_WITH_KNOTS('',6,(#493,#494,#495,#496,#497,#498,
    #499),.UNSPECIFIED.,.F.,.F.,(7,7),(0.,1.),.PIECEWISE_BEZIER_KNOTS.);
#493 = CARTESIAN_POINT('',(-4.5,-99.4501953125,4.8));
#494 = CARTESIAN_POINT('',(-4.532370882393,-99.54486487421,4.8));
#495 = CARTESIAN_POINT('',(-4.562394036415,-99.63345763887,4.8));
#496 = CARTESIAN_POINT('',(-4.589769344723,-99.71517471788,4.8));
#497 = CARTESIAN_POINT('',(-4.614139944087,-99.78905762533,4.8));
#498 = CARTESIAN_POINT('',(-4.635115072122,-99.85404791829,4.8));
#499 = CARTESIAN_POINT('',(-4.65234375,-99.9091796875,4.8));
#500 = PCURVE('',#44,#501);
#501 = DEFINITIONAL_REPRESENTATION('',(#502),#510);
#502 = B_SPLINE_CURVE_WITH_KNOTS('',6,(#503,#504,#505,#506,#507,#508,
    #509),.UNSPECIFIED.,.F.,.F.,(7,7),(0.,1.),.PIECEWISE_BEZIER_KNOTS.);
#503 = CARTESIAN_POINT('',(100.5,5.5498046875));
#504 = CARTESIAN_POINT('',(100.4676291176,5.455135125784));
#505 = CARTESIAN_POINT('',(100.43760596358,5.366542361128));
#506 = CARTESIAN_POINT('',(100.41023065527,5.284825282117));
#507 = CARTESIAN_POINT('',(100.38586005591,5.210942374663));
#508 = CARTESIAN_POINT('',(100.36488492787,5.14595208171));
#509 = CARTESIAN_POINT('',(100.34765625,5.0908203125));
#510 = ( GEOMETRIC_REPRESENTATION_CONTEXT(2) 
PARAMETRIC_REPRESENTATION_CONTEXT() REPRESENTATION_CONTEXT('2D SPACE',''
  ) );
#511 = PCURVE('',#512,#519);
#512 = SURFACE_OF_LINEAR_EXTRUSION('',#513,#517);
#513 = B_SPLINE_CURVE_WITH_KNOTS('',2,(#514,#515,#516),.UNSPECIFIED.,.F.
  ,.F.,(3,3),(0.,1.),.PIECEWISE_BEZIER_KNOTS.);
#514 = CARTESIAN_POINT('',(-4.65234375,-99.9091796875,4.4));
#515 = CARTESIAN_POINT('',(-4.603515625,-99.7529296875,4.4));
#516 = CARTESIAN_POINT('',(-4.5,-99.4501953125,4.4));
#517 = VECTOR('',#518,1.);
#518 = DIRECTION('',(-0.,-0.,-1.));
#519 = DEFINITIONAL_REPRESENTATION('',(#520),#528);
#520 = B_SPLINE_CURVE_WITH_KNOTS('',6,(#521,#522,#523,#524,#525,#526,
    #527),.UNSPECIFIED.,.F.,.F.,(7,7),(0.,1.),.PIECEWISE_BEZIER_KNOTS.);
#521 = CARTESIAN_POINT('',(1.,-0.4));
#522 = CARTESIAN_POINT('',(0.843642530328,-0.4));
#523 = CARTESIAN_POINT('',(0.683126421195,-0.4));
#524 = CARTESIAN_POINT('',(0.518353536687,-0.4));
#525 = CARTESIAN_POINT('',(0.349374980999,-0.4));
#526 = CARTESIAN_POINT('',(0.176421661472,-0.4));
#527 = CARTESIAN_POINT('',(0.,-0.4));
#528 = ( GEOMETRIC_REPRESENTATION_CONTEXT(2) 
PARAMETRIC_REPRESENTATION_CONTEXT() REPRESENTATION_CONTEXT('2D SPACE',''
  ) );
#529 = ORIENTED_EDGE('',*,*,#530,.F.);
#530 = EDGE_CURVE('',#531,#489,#533,.T.);
#531 = VERTEX_POINT('',#532);
#532 = CARTESIAN_POINT('',(-3.814453125,-97.4580078125,4.8));
#533 = SURFACE_CURVE('',#534,(#538,#544),.PCURVE_S1.);
#534 = LINE('',#535,#536);
#535 = CARTESIAN_POINT('',(-10.67421331462,-117.3923536626,4.8));
#536 = VECTOR('',#537,1.);
#537 = DIRECTION('',(-0.325390653072,-0.945579675593,0.));
#538 = PCURVE('',#44,#539);
#539 = DEFINITIONAL_REPRESENTATION('',(#540),#543);
#540 = B_SPLINE_CURVE_WITH_KNOTS('',1,(#541,#542),.UNSPECIFIED.,.F.,.F.,
  (2,2),(-21.08161413018,-18.97477157484),.PIECEWISE_BEZIER_KNOTS.);
#541 = CARTESIAN_POINT('',(101.185546875,7.5419921875));
#542 = CARTESIAN_POINT('',(100.5,5.5498046875));
#543 = ( GEOMETRIC_REPRESENTATION_CONTEXT(2) 
PARAMETRIC_REPRESENTATION_CONTEXT() REPRESENTATION_CONTEXT('2D SPACE',''
  ) );
#544 = PCURVE('',#545,#550);
#545 = PLANE('',#546);
#546 = AXIS2_PLACEMENT_3D('',#547,#548,#549);
#547 = CARTESIAN_POINT('',(-4.5,-99.4501953125,4.4));
#548 = DIRECTION('',(-0.945579675593,0.325390653072,0.));
#549 = DIRECTION('',(0.325390653072,0.945579675593,0.));
#550 = DEFINITIONAL_REPRESENTATION('',(#551),#554);
#551 = B_SPLINE_CURVE_WITH_KNOTS('',1,(#552,#553),.UNSPECIFIED.,.F.,.F.,
  (2,2),(-21.08161413018,-18.97477157484),.PIECEWISE_BEZIER_KNOTS.);
#552 = CARTESIAN_POINT('',(2.106842555337,-0.4));
#553 = CARTESIAN_POINT('',(0.,-0.4));
#554 = ( GEOMETRIC_REPRESENTATION_CONTEXT(2) 
PARAMETRIC_REPRESENTATION_CONTEXT() REPRESENTATION_CONTEXT('2D SPACE',''
  ) );
#555 = ORIENTED_EDGE('',*,*,#556,.F.);
#556 = EDGE_CURVE('',#557,#531,#559,.T.);
#557 = VERTEX_POINT('',#558);
#558 = CARTESIAN_POINT('',(-3.3046875,-97.4580078125,4.8));
#559 = SURFACE_CURVE('',#560,(#564,#570),.PCURVE_S1.);
#560 = LINE('',#561,#562);
#561 = CARTESIAN_POINT('',(-54.4072265625,-97.4580078125,4.8));
#562 = VECTOR('',#563,1.);
#563 = DIRECTION('',(-1.,0.,0.));
#564 = PCURVE('',#44,#565);
#565 = DEFINITIONAL_REPRESENTATION('',(#566),#569);
#566 = B_SPLINE_CURVE_WITH_KNOTS('',1,(#567,#568),.UNSPECIFIED.,.F.,.F.,
  (2,2),(-51.1025390625,-50.5927734375),.PIECEWISE_BEZIER_KNOTS.);
#567 = CARTESIAN_POINT('',(101.6953125,7.5419921875));
#568 = CARTESIAN_POINT('',(101.185546875,7.5419921875));
#569 = ( GEOMETRIC_REPRESENTATION_CONTEXT(2) 
PARAMETRIC_REPRESENTATION_CONTEXT() REPRESENTATION_CONTEXT('2D SPACE',''
  ) );
#570 = PCURVE('',#571,#576);
#571 = PLANE('',#572);
#572 = AXIS2_PLACEMENT_3D('',#573,#574,#575);
#573 = CARTESIAN_POINT('',(-3.814453125,-97.4580078125,4.4));
#574 = DIRECTION('',(0.,1.,0.));
#575 = DIRECTION('',(1.,0.,0.));
#576 = DEFINITIONAL_REPRESENTATION('',(#577),#580);
#577 = B_SPLINE_CURVE_WITH_KNOTS('',1,(#578,#579),.UNSPECIFIED.,.F.,.F.,
  (2,2),(-51.1025390625,-50.5927734375),.PIECEWISE_BEZIER_KNOTS.);
#578 = CARTESIAN_POINT('',(0.509765625,-0.4));
#579 = CARTESIAN_POINT('',(0.,-0.4));
#580 = ( GEOMETRIC_REPRESENTATION_CONTEXT(2) 
PARAMETRIC_REPRESENTATION_CONTEXT() REPRESENTATION_CONTEXT('2D SPACE',''
  ) );
#581 = ORIENTED_EDGE('',*,*,#582,.F.);
#582 = EDGE_CURVE('',#583,#557,#585,.T.);
#583 = VERTEX_POINT('',#584);
#584 = CARTESIAN_POINT('',(-3.3046875,-100.3212890625,4.8));
#585 = SURFACE_CURVE('',#586,(#590,#596),.PCURVE_S1.);
#586 = LINE('',#587,#588);
#587 = CARTESIAN_POINT('',(-3.3046875,-101.2290039062,4.8));
#588 = VECTOR('',#589,1.);
#589 = DIRECTION('',(0.,1.,0.));
#590 = PCURVE('',#44,#591);
#591 = DEFINITIONAL_REPRESENTATION('',(#592),#595);
#592 = B_SPLINE_CURVE_WITH_KNOTS('',1,(#593,#594),.UNSPECIFIED.,.F.,.F.,
  (2,2),(0.90771484375,3.77099609375),.PIECEWISE_BEZIER_KNOTS.);
#593 = CARTESIAN_POINT('',(101.6953125,4.6787109375));
#594 = CARTESIAN_POINT('',(101.6953125,7.5419921875));
#595 = ( GEOMETRIC_REPRESENTATION_CONTEXT(2) 
PARAMETRIC_REPRESENTATION_CONTEXT() REPRESENTATION_CONTEXT('2D SPACE',''
  ) );
#596 = PCURVE('',#597,#602);
#597 = PLANE('',#598);
#598 = AXIS2_PLACEMENT_3D('',#599,#600,#601);
#599 = CARTESIAN_POINT('',(-3.3046875,-97.4580078125,4.4));
#600 = DIRECTION('',(1.,0.,0.));
#601 = DIRECTION('',(0.,-1.,0.));
#602 = DEFINITIONAL_REPRESENTATION('',(#603),#606);
#603 = B_SPLINE_CURVE_WITH_KNOTS('',1,(#604,#605),.UNSPECIFIED.,.F.,.F.,
  (2,2),(0.90771484375,3.77099609375),.PIECEWISE_BEZIER_KNOTS.);
#604 = CARTESIAN_POINT('',(2.86328125,-0.4));
#605 = CARTESIAN_POINT('',(0.,-0.4));
#606 = ( GEOMETRIC_REPRESENTATION_CONTEXT(2) 
PARAMETRIC_REPRESENTATION_CONTEXT() REPRESENTATION_CONTEXT('2D SPACE',''
  ) );
#607 = ORIENTED_EDGE('',*,*,#608,.F.);
#608 = EDGE_CURVE('',#609,#583,#611,.T.);
#609 = VERTEX_POINT('',#610);
#610 = CARTESIAN_POINT('',(-3.669921875,-100.3212890625,4.8));
#611 = SURFACE_CURVE('',#612,(#616,#622),.PCURVE_S1.);
#612 = LINE('',#613,#614);
#613 = CARTESIAN_POINT('',(-54.15234375,-100.3212890625,4.8));
#614 = VECTOR('',#615,1.);
#615 = DIRECTION('',(1.,0.,-0.));
#616 = PCURVE('',#44,#617);
#617 = DEFINITIONAL_REPRESENTATION('',(#618),#621);
#618 = B_SPLINE_CURVE_WITH_KNOTS('',1,(#619,#620),.UNSPECIFIED.,.F.,.F.,
  (2,2),(50.482421875,50.84765625),.PIECEWISE_BEZIER_KNOTS.);
#619 = CARTESIAN_POINT('',(101.330078125,4.6787109375));
#620 = CARTESIAN_POINT('',(101.6953125,4.6787109375));
#621 = ( GEOMETRIC_REPRESENTATION_CONTEXT(2) 
PARAMETRIC_REPRESENTATION_CONTEXT() REPRESENTATION_CONTEXT('2D SPACE',''
  ) );
#622 = PCURVE('',#623,#628);
#623 = PLANE('',#624);
#624 = AXIS2_PLACEMENT_3D('',#625,#626,#627);
#625 = CARTESIAN_POINT('',(-3.3046875,-100.3212890625,4.4));
#626 = DIRECTION('',(0.,-1.,0.));
#627 = DIRECTION('',(-1.,0.,0.));
#628 = DEFINITIONAL_REPRESENTATION('',(#629),#632);
#629 = B_SPLINE_CURVE_WITH_KNOTS('',1,(#630,#631),.UNSPECIFIED.,.F.,.F.,
  (2,2),(50.482421875,50.84765625),.PIECEWISE_BEZIER_KNOTS.);
#630 = CARTESIAN_POINT('',(0.365234375,-0.4));
#631 = CARTESIAN_POINT('',(0.,-0.4));
#632 = ( GEOMETRIC_REPRESENTATION_CONTEXT(2) 
PARAMETRIC_REPRESENTATION_CONTEXT() REPRESENTATION_CONTEXT('2D SPACE',''
  ) );
#633 = ORIENTED_EDGE('',*,*,#634,.F.);
#634 = EDGE_CURVE('',#635,#609,#637,.T.);
#635 = VERTEX_POINT('',#636);
#636 = CARTESIAN_POINT('',(-3.669921875,-97.9248046875,4.8));
#637 = SURFACE_CURVE('',#638,(#642,#648),.PCURVE_S1.);
#638 = LINE('',#639,#640);
#639 = CARTESIAN_POINT('',(-3.669921875,-102.6606445312,4.8));
#640 = VECTOR('',#641,1.);
#641 = DIRECTION('',(0.,-1.,0.));
#642 = PCURVE('',#44,#643);
#643 = DEFINITIONAL_REPRESENTATION('',(#644),#647);
#644 = B_SPLINE_CURVE_WITH_KNOTS('',1,(#645,#646),.UNSPECIFIED.,.F.,.F.,
  (2,2),(-4.73583984375,-2.33935546875),.PIECEWISE_BEZIER_KNOTS.);
#645 = CARTESIAN_POINT('',(101.330078125,7.0751953125));
#646 = CARTESIAN_POINT('',(101.330078125,4.6787109375));
#647 = ( GEOMETRIC_REPRESENTATION_CONTEXT(2) 
PARAMETRIC_REPRESENTATION_CONTEXT() REPRESENTATION_CONTEXT('2D SPACE',''
  ) );
#648 = PCURVE('',#649,#654);
#649 = PLANE('',#650);
#650 = AXIS2_PLACEMENT_3D('',#651,#652,#653);
#651 = CARTESIAN_POINT('',(-3.669921875,-100.3212890625,4.4));
#652 = DIRECTION('',(-1.,0.,0.));
#653 = DIRECTION('',(0.,1.,0.));
#654 = DEFINITIONAL_REPRESENTATION('',(#655),#658);
#655 = B_SPLINE_CURVE_WITH_KNOTS('',1,(#656,#657),.UNSPECIFIED.,.F.,.F.,
  (2,2),(-4.73583984375,-2.33935546875),.PIECEWISE_BEZIER_KNOTS.);
#656 = CARTESIAN_POINT('',(2.396484375,-0.4));
#657 = CARTESIAN_POINT('',(0.,-0.4));
#658 = ( GEOMETRIC_REPRESENTATION_CONTEXT(2) 
PARAMETRIC_REPRESENTATION_CONTEXT() REPRESENTATION_CONTEXT('2D SPACE',''
  ) );
#659 = ORIENTED_EDGE('',*,*,#660,.F.);
#660 = EDGE_CURVE('',#661,#635,#663,.T.);
#661 = VERTEX_POINT('',#662);
#662 = CARTESIAN_POINT('',(-4.501953125,-100.3212890625,4.8));
#663 = SURFACE_CURVE('',#664,(#668,#674),.PCURVE_S1.);
#664 = LINE('',#665,#666);
#665 = CARTESIAN_POINT('',(-10.21619648534,-116.7799195863,4.8));
#666 = VECTOR('',#667,1.);
#667 = DIRECTION('',(0.32798306061,0.944683604152,-0.));
#668 = PCURVE('',#44,#669);
#669 = DEFINITIONAL_REPRESENTATION('',(#670),#673);
#670 = B_SPLINE_CURVE_WITH_KNOTS('',1,(#671,#672),.UNSPECIFIED.,.F.,.F.,
  (2,2),(17.422373429027,19.959185081593),.PIECEWISE_BEZIER_KNOTS.);
#671 = CARTESIAN_POINT('',(100.498046875,4.6787109375));
#672 = CARTESIAN_POINT('',(101.330078125,7.0751953125));
#673 = ( GEOMETRIC_REPRESENTATION_CONTEXT(2) 
PARAMETRIC_REPRESENTATION_CONTEXT() REPRESENTATION_CONTEXT('2D SPACE',''
  ) );
#674 = PCURVE('',#675,#680);
#675 = PLANE('',#676);
#676 = AXIS2_PLACEMENT_3D('',#677,#678,#679);
#677 = CARTESIAN_POINT('',(-3.669921875,-97.9248046875,4.4));
#678 = DIRECTION('',(0.944683604152,-0.32798306061,0.));
#679 = DIRECTION('',(-0.32798306061,-0.944683604152,0.));
#680 = DEFINITIONAL_REPRESENTATION('',(#681),#684);
#681 = B_SPLINE_CURVE_WITH_KNOTS('',1,(#682,#683),.UNSPECIFIED.,.F.,.F.,
  (2,2),(17.422373429027,19.959185081593),.PIECEWISE_BEZIER_KNOTS.);
#682 = CARTESIAN_POINT('',(2.536811652566,-0.4));
#683 = CARTESIAN_POINT('',(0.,-0.4));
#684 = ( GEOMETRIC_REPRESENTATION_CONTEXT(2) 
PARAMETRIC_REPRESENTATION_CONTEXT() REPRESENTATION_CONTEXT('2D SPACE',''
  ) );
#685 = ORIENTED_EDGE('',*,*,#686,.F.);
#686 = EDGE_CURVE('',#687,#661,#689,.T.);
#687 = VERTEX_POINT('',#688);
#688 = CARTESIAN_POINT('',(-4.84375,-100.3212890625,4.8));
#689 = SURFACE_CURVE('',#690,(#694,#700),.PCURVE_S1.);
#690 = LINE('',#691,#692);
#691 = CARTESIAN_POINT('',(-54.7509765625,-100.3212890625,4.8));
#692 = VECTOR('',#693,1.);
#693 = DIRECTION('',(1.,0.,-0.));
#694 = PCURVE('',#44,#695);
#695 = DEFINITIONAL_REPRESENTATION('',(#696),#699);
#696 = B_SPLINE_CURVE_WITH_KNOTS('',1,(#697,#698),.UNSPECIFIED.,.F.,.F.,
  (2,2),(49.9072265625,50.2490234375),.PIECEWISE_BEZIER_KNOTS.);
#697 = CARTESIAN_POINT('',(100.15625,4.6787109375));
#698 = CARTESIAN_POINT('',(100.498046875,4.6787109375));
#699 = ( GEOMETRIC_REPRESENTATION_CONTEXT(2) 
PARAMETRIC_REPRESENTATION_CONTEXT() REPRESENTATION_CONTEXT('2D SPACE',''
  ) );
#700 = PCURVE('',#701,#706);
#701 = PLANE('',#702);
#702 = AXIS2_PLACEMENT_3D('',#703,#704,#705);
#703 = CARTESIAN_POINT('',(-4.501953125,-100.3212890625,4.4));
#704 = DIRECTION('',(0.,-1.,0.));
#705 = DIRECTION('',(-1.,0.,0.));
#706 = DEFINITIONAL_REPRESENTATION('',(#707),#710);
#707 = B_SPLINE_CURVE_WITH_KNOTS('',1,(#708,#709),.UNSPECIFIED.,.F.,.F.,
  (2,2),(49.9072265625,50.2490234375),.PIECEWISE_BEZIER_KNOTS.);
#708 = CARTESIAN_POINT('',(0.341796875,-0.4));
#709 = CARTESIAN_POINT('',(0.,-0.4));
#710 = ( GEOMETRIC_REPRESENTATION_CONTEXT(2) 
PARAMETRIC_REPRESENTATION_CONTEXT() REPRESENTATION_CONTEXT('2D SPACE',''
  ) );
#711 = ORIENTED_EDGE('',*,*,#712,.F.);
#712 = EDGE_CURVE('',#713,#687,#715,.T.);
#713 = VERTEX_POINT('',#714);
#714 = CARTESIAN_POINT('',(-5.671875,-97.8837890625,4.8));
#715 = SURFACE_CURVE('',#716,(#720,#726),.PCURVE_S1.);
#716 = LINE('',#717,#718);
#717 = CARTESIAN_POINT('',(-9.313363634532,-87.16544515708,4.8));
#718 = VECTOR('',#719,1.);
#719 = DIRECTION('',(0.321685100848,-0.94684671193,0.));
#720 = PCURVE('',#44,#721);
#721 = DEFINITIONAL_REPRESENTATION('',(#722),#725);
#722 = B_SPLINE_CURVE_WITH_KNOTS('',1,(#723,#724),.UNSPECIFIED.,.F.,.F.,
  (2,2),(11.320041322812,13.894375657281),.PIECEWISE_BEZIER_KNOTS.);
#723 = CARTESIAN_POINT('',(99.328125,7.1162109375));
#724 = CARTESIAN_POINT('',(100.15625,4.6787109375));
#725 = ( GEOMETRIC_REPRESENTATION_CONTEXT(2) 
PARAMETRIC_REPRESENTATION_CONTEXT() REPRESENTATION_CONTEXT('2D SPACE',''
  ) );
#726 = PCURVE('',#727,#732);
#727 = PLANE('',#728);
#728 = AXIS2_PLACEMENT_3D('',#729,#730,#731);
#729 = CARTESIAN_POINT('',(-4.84375,-100.3212890625,4.4));
#730 = DIRECTION('',(-0.94684671193,-0.321685100848,0.));
#731 = DIRECTION('',(-0.321685100848,0.94684671193,0.));
#732 = DEFINITIONAL_REPRESENTATION('',(#733),#736);
#733 = B_SPLINE_CURVE_WITH_KNOTS('',1,(#734,#735),.UNSPECIFIED.,.F.,.F.,
  (2,2),(11.320041322812,13.894375657281),.PIECEWISE_BEZIER_KNOTS.);
#734 = CARTESIAN_POINT('',(2.574334334469,-0.4));
#735 = CARTESIAN_POINT('',(0.,-0.4));
#736 = ( GEOMETRIC_REPRESENTATION_CONTEXT(2) 
PARAMETRIC_REPRESENTATION_CONTEXT() REPRESENTATION_CONTEXT('2D SPACE',''
  ) );
#737 = ORIENTED_EDGE('',*,*,#738,.F.);
#738 = EDGE_CURVE('',#343,#713,#739,.T.);
#739 = SURFACE_CURVE('',#740,(#744,#750),.PCURVE_S1.);
#740 = LINE('',#741,#742);
#741 = CARTESIAN_POINT('',(-5.671875,-101.4418945312,4.8));
#742 = VECTOR('',#743,1.);
#743 = DIRECTION('',(0.,1.,0.));
#744 = PCURVE('',#44,#745);
#745 = DEFINITIONAL_REPRESENTATION('',(#746),#749);
#746 = B_SPLINE_CURVE_WITH_KNOTS('',1,(#747,#748),.UNSPECIFIED.,.F.,.F.,
  (2,2),(1.12060546875,3.55810546875),.PIECEWISE_BEZIER_KNOTS.);
#747 = CARTESIAN_POINT('',(99.328125,4.6787109375));
#748 = CARTESIAN_POINT('',(99.328125,7.1162109375));
#749 = ( GEOMETRIC_REPRESENTATION_CONTEXT(2) 
PARAMETRIC_REPRESENTATION_CONTEXT() REPRESENTATION_CONTEXT('2D SPACE',''
  ) );
#750 = PCURVE('',#751,#756);
#751 = PLANE('',#752);
#752 = AXIS2_PLACEMENT_3D('',#753,#754,#755);
#753 = CARTESIAN_POINT('',(-5.671875,-97.8837890625,4.4));
#754 = DIRECTION('',(1.,0.,0.));
#755 = DIRECTION('',(0.,-1.,0.));
#756 = DEFINITIONAL_REPRESENTATION('',(#757),#760);
#757 = B_SPLINE_CURVE_WITH_KNOTS('',1,(#758,#759),.UNSPECIFIED.,.F.,.F.,
  (2,2),(1.12060546875,3.55810546875),.PIECEWISE_BEZIER_KNOTS.);
#758 = CARTESIAN_POINT('',(2.4375,-0.4));
#759 = CARTESIAN_POINT('',(0.,-0.4));
#760 = ( GEOMETRIC_REPRESENTATION_CONTEXT(2) 
PARAMETRIC_REPRESENTATION_CONTEXT() REPRESENTATION_CONTEXT('2D SPACE',''
  ) );
#761 = FACE_BOUND('',#762,.T.);
#762 = EDGE_LOOP('',(#763,#791,#817,#843,#869,#895,#921,#947));
#763 = ORIENTED_EDGE('',*,*,#764,.F.);
#764 = EDGE_CURVE('',#765,#767,#769,.T.);
#765 = VERTEX_POINT('',#766);
#766 = CARTESIAN_POINT('',(-3.0078125,-100.3212890625,4.8));
#767 = VERTEX_POINT('',#768);
#768 = CARTESIAN_POINT('',(-2.60546875,-100.3212890625,4.8));
#769 = SURFACE_CURVE('',#770,(#774,#780),.PCURVE_S1.);
#770 = LINE('',#771,#772);
#771 = CARTESIAN_POINT('',(-53.802734375,-100.3212890625,4.8));
#772 = VECTOR('',#773,1.);
#773 = DIRECTION('',(1.,0.,-0.));
#774 = PCURVE('',#44,#775);
#775 = DEFINITIONAL_REPRESENTATION('',(#776),#779);
#776 = B_SPLINE_CURVE_WITH_KNOTS('',1,(#777,#778),.UNSPECIFIED.,.F.,.F.,
  (2,2),(50.794921875,51.197265625),.PIECEWISE_BEZIER_KNOTS.);
#777 = CARTESIAN_POINT('',(101.9921875,4.6787109375));
#778 = CARTESIAN_POINT('',(102.39453125,4.6787109375));
#779 = ( GEOMETRIC_REPRESENTATION_CONTEXT(2) 
PARAMETRIC_REPRESENTATION_CONTEXT() REPRESENTATION_CONTEXT('2D SPACE',''
  ) );
#780 = PCURVE('',#781,#786);
#781 = PLANE('',#782);
#782 = AXIS2_PLACEMENT_3D('',#783,#784,#785);
#783 = CARTESIAN_POINT('',(-2.60546875,-100.3212890625,4.4));
#784 = DIRECTION('',(0.,-1.,0.));
#785 = DIRECTION('',(-1.,0.,0.));
#786 = DEFINITIONAL_REPRESENTATION('',(#787),#790);
#787 = B_SPLINE_CURVE_WITH_KNOTS('',1,(#788,#789),.UNSPECIFIED.,.F.,.F.,
  (2,2),(50.794921875,51.197265625),.PIECEWISE_BEZIER_KNOTS.);
#788 = CARTESIAN_POINT('',(0.40234375,-0.4));
#789 = CARTESIAN_POINT('',(0.,-0.4));
#790 = ( GEOMETRIC_REPRESENTATION_CONTEXT(2) 
PARAMETRIC_REPRESENTATION_CONTEXT() REPRESENTATION_CONTEXT('2D SPACE',''
  ) );
#791 = ORIENTED_EDGE('',*,*,#792,.F.);
#792 = EDGE_CURVE('',#793,#765,#795,.T.);
#793 = VERTEX_POINT('',#794);
#794 = CARTESIAN_POINT('',(-1.908203125,-97.4580078125,4.8));
#795 = SURFACE_CURVE('',#796,(#800,#806),.PCURVE_S1.);
#796 = LINE('',#797,#798);
#797 = CARTESIAN_POINT('',(-10.34522913168,-119.4272442704,4.8));
#798 = VECTOR('',#799,1.);
#799 = DIRECTION('',(-0.358509651553,-0.933526019853,0.));
#800 = PCURVE('',#44,#801);
#801 = DEFINITIONAL_REPRESENTATION('',(#802),#805);
#802 = B_SPLINE_CURVE_WITH_KNOTS('',1,(#803,#804),.UNSPECIFIED.,.F.,.F.,
  (2,2),(-23.53360912357,-20.46644100066),.PIECEWISE_BEZIER_KNOTS.);
#803 = CARTESIAN_POINT('',(103.091796875,7.5419921875));
#804 = CARTESIAN_POINT('',(101.9921875,4.6787109375));
#805 = ( GEOMETRIC_REPRESENTATION_CONTEXT(2) 
PARAMETRIC_REPRESENTATION_CONTEXT() REPRESENTATION_CONTEXT('2D SPACE',''
  ) );
#806 = PCURVE('',#807,#812);
#807 = PLANE('',#808);
#808 = AXIS2_PLACEMENT_3D('',#809,#810,#811);
#809 = CARTESIAN_POINT('',(-3.0078125,-100.3212890625,4.4));
#810 = DIRECTION('',(-0.933526019853,0.358509651553,0.));
#811 = DIRECTION('',(0.358509651553,0.933526019853,0.));
#812 = DEFINITIONAL_REPRESENTATION('',(#813),#816);
#813 = B_SPLINE_CURVE_WITH_KNOTS('',1,(#814,#815),.UNSPECIFIED.,.F.,.F.,
  (2,2),(-23.53360912357,-20.46644100066),.PIECEWISE_BEZIER_KNOTS.);
#814 = CARTESIAN_POINT('',(3.067168122909,-0.4));
#815 = CARTESIAN_POINT('',(0.,-0.4));
#816 = ( GEOMETRIC_REPRESENTATION_CONTEXT(2) 
PARAMETRIC_REPRESENTATION_CONTEXT() REPRESENTATION_CONTEXT('2D SPACE',''
  ) );
#817 = ORIENTED_EDGE('',*,*,#818,.F.);
#818 = EDGE_CURVE('',#819,#793,#821,.T.);
#819 = VERTEX_POINT('',#820);
#820 = CARTESIAN_POINT('',(-1.5,-97.4580078125,4.8));
#821 = SURFACE_CURVE('',#822,(#826,#832),.PCURVE_S1.);
#822 = LINE('',#823,#824);
#823 = CARTESIAN_POINT('',(-53.4541015625,-97.4580078125,4.8));
#824 = VECTOR('',#825,1.);
#825 = DIRECTION('',(-1.,0.,0.));
#826 = PCURVE('',#44,#827);
#827 = DEFINITIONAL_REPRESENTATION('',(#828),#831);
#828 = B_SPLINE_CURVE_WITH_KNOTS('',1,(#829,#830),.UNSPECIFIED.,.F.,.F.,
  (2,2),(-51.9541015625,-51.5458984375),.PIECEWISE_BEZIER_KNOTS.);
#829 = CARTESIAN_POINT('',(103.5,7.5419921875));
#830 = CARTESIAN_POINT('',(103.091796875,7.5419921875));
#831 = ( GEOMETRIC_REPRESENTATION_CONTEXT(2) 
PARAMETRIC_REPRESENTATION_CONTEXT() REPRESENTATION_CONTEXT('2D SPACE',''
  ) );
#832 = PCURVE('',#833,#838);
#833 = PLANE('',#834);
#834 = AXIS2_PLACEMENT_3D('',#835,#836,#837);
#835 = CARTESIAN_POINT('',(-1.908203125,-97.4580078125,4.4));
#836 = DIRECTION('',(0.,1.,0.));
#837 = DIRECTION('',(1.,0.,0.));
#838 = DEFINITIONAL_REPRESENTATION('',(#839),#842);
#839 = B_SPLINE_CURVE_WITH_KNOTS('',1,(#840,#841),.UNSPECIFIED.,.F.,.F.,
  (2,2),(-51.9541015625,-51.5458984375),.PIECEWISE_BEZIER_KNOTS.);
#840 = CARTESIAN_POINT('',(0.408203125,-0.4));
#841 = CARTESIAN_POINT('',(0.,-0.4));
#842 = ( GEOMETRIC_REPRESENTATION_CONTEXT(2) 
PARAMETRIC_REPRESENTATION_CONTEXT() REPRESENTATION_CONTEXT('2D SPACE',''
  ) );
#843 = ORIENTED_EDGE('',*,*,#844,.F.);
#844 = EDGE_CURVE('',#845,#819,#847,.T.);
#845 = VERTEX_POINT('',#846);
#846 = CARTESIAN_POINT('',(-0.328125,-100.3212890625,4.8));
#847 = SURFACE_CURVE('',#848,(#852,#858),.PCURVE_S1.);
#848 = LINE('',#849,#850);
#849 = CARTESIAN_POINT('',(-7.602861614,-82.54668260229,4.8));
#850 = VECTOR('',#851,1.);
#851 = DIRECTION('',(-0.378780330599,0.925486607764,0.));
#852 = PCURVE('',#44,#853);
#853 = DEFINITIONAL_REPRESENTATION('',(#854),#857);
#854 = B_SPLINE_CURVE_WITH_KNOTS('',1,(#855,#856),.UNSPECIFIED.,.F.,.F.,
  (2,2),(-19.20568737687,-16.11187572581),.PIECEWISE_BEZIER_KNOTS.);
#855 = CARTESIAN_POINT('',(104.671875,4.6787109375));
#856 = CARTESIAN_POINT('',(103.5,7.5419921875));
#857 = ( GEOMETRIC_REPRESENTATION_CONTEXT(2) 
PARAMETRIC_REPRESENTATION_CONTEXT() REPRESENTATION_CONTEXT('2D SPACE',''
  ) );
#858 = PCURVE('',#859,#864);
#859 = PLANE('',#860);
#860 = AXIS2_PLACEMENT_3D('',#861,#862,#863);
#861 = CARTESIAN_POINT('',(-1.5,-97.4580078125,4.4));
#862 = DIRECTION('',(0.925486607764,0.378780330599,0.));
#863 = DIRECTION('',(0.378780330599,-0.925486607764,0.));
#864 = DEFINITIONAL_REPRESENTATION('',(#865),#868);
#865 = B_SPLINE_CURVE_WITH_KNOTS('',1,(#866,#867),.UNSPECIFIED.,.F.,.F.,
  (2,2),(-19.20568737687,-16.11187572581),.PIECEWISE_BEZIER_KNOTS.);
#866 = CARTESIAN_POINT('',(3.093811651059,-0.4));
#867 = CARTESIAN_POINT('',(0.,-0.4));
#868 = ( GEOMETRIC_REPRESENTATION_CONTEXT(2) 
PARAMETRIC_REPRESENTATION_CONTEXT() REPRESENTATION_CONTEXT('2D SPACE',''
  ) );
#869 = ORIENTED_EDGE('',*,*,#870,.F.);
#870 = EDGE_CURVE('',#871,#845,#873,.T.);
#871 = VERTEX_POINT('',#872);
#872 = CARTESIAN_POINT('',(-0.759765625,-100.3212890625,4.8));
#873 = SURFACE_CURVE('',#874,(#878,#884),.PCURVE_S1.);
#874 = LINE('',#875,#876);
#875 = CARTESIAN_POINT('',(-52.6640625,-100.3212890625,4.8));
#876 = VECTOR('',#877,1.);
#877 = DIRECTION('',(1.,0.,-0.));
#878 = PCURVE('',#44,#879);
#879 = DEFINITIONAL_REPRESENTATION('',(#880),#883);
#880 = B_SPLINE_CURVE_WITH_KNOTS('',1,(#881,#882),.UNSPECIFIED.,.F.,.F.,
  (2,2),(51.904296875,52.3359375),.PIECEWISE_BEZIER_KNOTS.);
#881 = CARTESIAN_POINT('',(104.240234375,4.6787109375));
#882 = CARTESIAN_POINT('',(104.671875,4.6787109375));
#883 = ( GEOMETRIC_REPRESENTATION_CONTEXT(2) 
PARAMETRIC_REPRESENTATION_CONTEXT() REPRESENTATION_CONTEXT('2D SPACE',''
  ) );
#884 = PCURVE('',#885,#890);
#885 = PLANE('',#886);
#886 = AXIS2_PLACEMENT_3D('',#887,#888,#889);
#887 = CARTESIAN_POINT('',(-0.328125,-100.3212890625,4.4));
#888 = DIRECTION('',(0.,-1.,0.));
#889 = DIRECTION('',(-1.,0.,0.));
#890 = DEFINITIONAL_REPRESENTATION('',(#891),#894);
#891 = B_SPLINE_CURVE_WITH_KNOTS('',1,(#892,#893),.UNSPECIFIED.,.F.,.F.,
  (2,2),(51.904296875,52.3359375),.PIECEWISE_BEZIER_KNOTS.);
#892 = CARTESIAN_POINT('',(0.431640625,-0.4));
#893 = CARTESIAN_POINT('',(0.,-0.4));
#894 = ( GEOMETRIC_REPRESENTATION_CONTEXT(2) 
PARAMETRIC_REPRESENTATION_CONTEXT() REPRESENTATION_CONTEXT('2D SPACE',''
  ) );
#895 = ORIENTED_EDGE('',*,*,#896,.F.);
#896 = EDGE_CURVE('',#897,#871,#899,.T.);
#897 = VERTEX_POINT('',#898);
#898 = CARTESIAN_POINT('',(-1.09375,-99.4541015625,4.8));
#899 = SURFACE_CURVE('',#900,(#904,#910),.PCURVE_S1.);
#900 = LINE('',#901,#902);
#901 = CARTESIAN_POINT('',(-6.707503787756,-84.87803909604,4.8));
#902 = VECTOR('',#903,1.);
#903 = DIRECTION('',(0.359401561996,-0.933183003078,0.));
#904 = PCURVE('',#44,#905);
#905 = DEFINITIONAL_REPRESENTATION('',(#906),#909);
#906 = B_SPLINE_CURVE_WITH_KNOTS('',1,(#907,#908),.UNSPECIFIED.,.F.,.F.,
  (2,2),(15.619725625489,16.549004767028),.PIECEWISE_BEZIER_KNOTS.);
#907 = CARTESIAN_POINT('',(103.90625,5.5458984375));
#908 = CARTESIAN_POINT('',(104.240234375,4.6787109375));
#909 = ( GEOMETRIC_REPRESENTATION_CONTEXT(2) 
PARAMETRIC_REPRESENTATION_CONTEXT() REPRESENTATION_CONTEXT('2D SPACE',''
  ) );
#910 = PCURVE('',#911,#916);
#911 = PLANE('',#912);
#912 = AXIS2_PLACEMENT_3D('',#913,#914,#915);
#913 = CARTESIAN_POINT('',(-0.759765625,-100.3212890625,4.4));
#914 = DIRECTION('',(-0.933183003078,-0.359401561996,0.));
#915 = DIRECTION('',(-0.359401561996,0.933183003078,0.));
#916 = DEFINITIONAL_REPRESENTATION('',(#917),#920);
#917 = B_SPLINE_CURVE_WITH_KNOTS('',1,(#918,#919),.UNSPECIFIED.,.F.,.F.,
  (2,2),(15.619725625489,16.549004767028),.PIECEWISE_BEZIER_KNOTS.);
#918 = CARTESIAN_POINT('',(0.929279141539,-0.4));
#919 = CARTESIAN_POINT('',(0.,-0.4));
#920 = ( GEOMETRIC_REPRESENTATION_CONTEXT(2) 
PARAMETRIC_REPRESENTATION_CONTEXT() REPRESENTATION_CONTEXT('2D SPACE',''
  ) );
#921 = ORIENTED_EDGE('',*,*,#922,.F.);
#922 = EDGE_CURVE('',#923,#897,#925,.T.);
#923 = VERTEX_POINT('',#924);
#924 = CARTESIAN_POINT('',(-2.291015625,-99.4541015625,4.8));
#925 = SURFACE_CURVE('',#926,(#930,#936),.PCURVE_S1.);
#926 = LINE('',#927,#928);
#927 = CARTESIAN_POINT('',(-53.046875,-99.4541015625,4.8));
#928 = VECTOR('',#929,1.);
#929 = DIRECTION('',(1.,0.,-0.));
#930 = PCURVE('',#44,#931);
#931 = DEFINITIONAL_REPRESENTATION('',(#932),#935);
#932 = B_SPLINE_CURVE_WITH_KNOTS('',1,(#933,#934),.UNSPECIFIED.,.F.,.F.,
  (2,2),(50.755859375,51.953125),.PIECEWISE_BEZIER_KNOTS.);
#933 = CARTESIAN_POINT('',(102.708984375,5.5458984375));
#934 = CARTESIAN_POINT('',(103.90625,5.5458984375));
#935 = ( GEOMETRIC_REPRESENTATION_CONTEXT(2) 
PARAMETRIC_REPRESENTATION_CONTEXT() REPRESENTATION_CONTEXT('2D SPACE',''
  ) );
#936 = PCURVE('',#937,#942);
#937 = PLANE('',#938);
#938 = AXIS2_PLACEMENT_3D('',#939,#940,#941);
#939 = CARTESIAN_POINT('',(-1.09375,-99.4541015625,4.4));
#940 = DIRECTION('',(0.,-1.,0.));
#941 = DIRECTION('',(-1.,0.,0.));
#942 = DEFINITIONAL_REPRESENTATION('',(#943),#946);
#943 = B_SPLINE_CURVE_WITH_KNOTS('',1,(#944,#945),.UNSPECIFIED.,.F.,.F.,
  (2,2),(50.755859375,51.953125),.PIECEWISE_BEZIER_KNOTS.);
#944 = CARTESIAN_POINT('',(1.197265625,-0.4));
#945 = CARTESIAN_POINT('',(0.,-0.4));
#946 = ( GEOMETRIC_REPRESENTATION_CONTEXT(2) 
PARAMETRIC_REPRESENTATION_CONTEXT() REPRESENTATION_CONTEXT('2D SPACE',''
  ) );
#947 = ORIENTED_EDGE('',*,*,#948,.F.);
#948 = EDGE_CURVE('',#767,#923,#949,.T.);
#949 = SURFACE_CURVE('',#950,(#954,#960),.PCURVE_S1.);
#950 = LINE('',#951,#952);
#951 = CARTESIAN_POINT('',(-9.14747515752,-118.3625986583,4.8));
#952 = VECTOR('',#953,1.);
#953 = DIRECTION('',(0.340892893414,0.940102140844,-0.));
#954 = PCURVE('',#44,#955);
#955 = DEFINITIONAL_REPRESENTATION('',(#956),#959);
#956 = B_SPLINE_CURVE_WITH_KNOTS('',1,(#957,#958),.UNSPECIFIED.,.F.,.F.,
  (2,2),(19.190797267725,20.113236928613),.PIECEWISE_BEZIER_KNOTS.);
#957 = CARTESIAN_POINT('',(102.39453125,4.6787109375));
#958 = CARTESIAN_POINT('',(102.708984375,5.5458984375));
#959 = ( GEOMETRIC_REPRESENTATION_CONTEXT(2) 
PARAMETRIC_REPRESENTATION_CONTEXT() REPRESENTATION_CONTEXT('2D SPACE',''
  ) );
#960 = PCURVE('',#961,#966);
#961 = PLANE('',#962);
#962 = AXIS2_PLACEMENT_3D('',#963,#964,#965);
#963 = CARTESIAN_POINT('',(-2.291015625,-99.4541015625,4.4));
#964 = DIRECTION('',(0.940102140844,-0.340892893414,0.));
#965 = DIRECTION('',(-0.340892893414,-0.940102140844,0.));
#966 = DEFINITIONAL_REPRESENTATION('',(#967),#970);
#967 = B_SPLINE_CURVE_WITH_KNOTS('',1,(#968,#969),.UNSPECIFIED.,.F.,.F.,
  (2,2),(19.190797267725,20.113236928613),.PIECEWISE_BEZIER_KNOTS.);
#968 = CARTESIAN_POINT('',(0.922439660888,-0.4));
#969 = CARTESIAN_POINT('',(0.,-0.4));
#970 = ( GEOMETRIC_REPRESENTATION_CONTEXT(2) 
PARAMETRIC_REPRESENTATION_CONTEXT() REPRESENTATION_CONTEXT('2D SPACE',''
  ) );
#971 = FACE_BOUND('',#972,.T.);
#972 = EDGE_LOOP('',(#973,#1001,#1027,#1053));
#973 = ORIENTED_EDGE('',*,*,#974,.F.);
#974 = EDGE_CURVE('',#975,#977,#979,.T.);
#975 = VERTEX_POINT('',#976);
#976 = CARTESIAN_POINT('',(3.90625E-02,-100.3212890625,4.8));
#977 = VERTEX_POINT('',#978);
#978 = CARTESIAN_POINT('',(0.41796875,-100.3212890625,4.8));
#979 = SURFACE_CURVE('',#980,(#984,#990),.PCURVE_S1.);
#980 = LINE('',#981,#982);
#981 = CARTESIAN_POINT('',(-52.291015625,-100.3212890625,4.8));
#982 = VECTOR('',#983,1.);
#983 = DIRECTION('',(1.,0.,-0.));
#984 = PCURVE('',#44,#985);
#985 = DEFINITIONAL_REPRESENTATION('',(#986),#989);
#986 = B_SPLINE_CURVE_WITH_KNOTS('',1,(#987,#988),.UNSPECIFIED.,.F.,.F.,
  (2,2),(52.330078125,52.708984375),.PIECEWISE_BEZIER_KNOTS.);
#987 = CARTESIAN_POINT('',(105.0390625,4.6787109375));
#988 = CARTESIAN_POINT('',(105.41796875,4.6787109375));
#989 = ( GEOMETRIC_REPRESENTATION_CONTEXT(2) 
PARAMETRIC_REPRESENTATION_CONTEXT() REPRESENTATION_CONTEXT('2D SPACE',''
  ) );
#990 = PCURVE('',#991,#996);
#991 = PLANE('',#992);
#992 = AXIS2_PLACEMENT_3D('',#993,#994,#995);
#993 = CARTESIAN_POINT('',(0.41796875,-100.3212890625,4.4));
#994 = DIRECTION('',(0.,-1.,0.));
#995 = DIRECTION('',(-1.,0.,0.));
#996 = DEFINITIONAL_REPRESENTATION('',(#997),#1000);
#997 = B_SPLINE_CURVE_WITH_KNOTS('',1,(#998,#999),.UNSPECIFIED.,.F.,.F.,
  (2,2),(52.330078125,52.708984375),.PIECEWISE_BEZIER_KNOTS.);
#998 = CARTESIAN_POINT('',(0.37890625,-0.4));
#999 = CARTESIAN_POINT('',(0.,-0.4));
#1000 = ( GEOMETRIC_REPRESENTATION_CONTEXT(2) 
PARAMETRIC_REPRESENTATION_CONTEXT() REPRESENTATION_CONTEXT('2D SPACE',''
  ) );
#1001 = ORIENTED_EDGE('',*,*,#1002,.F.);
#1002 = EDGE_CURVE('',#1003,#975,#1005,.T.);
#1003 = VERTEX_POINT('',#1004);
#1004 = CARTESIAN_POINT('',(3.90625E-02,-97.4580078125,4.8));
#1005 = SURFACE_CURVE('',#1006,(#1010,#1016),.PCURVE_S1.);
#1006 = LINE('',#1007,#1008);
#1007 = CARTESIAN_POINT('',(3.90625E-02,-102.6606445312,4.8));
#1008 = VECTOR('',#1009,1.);
#1009 = DIRECTION('',(0.,-1.,0.));
#1010 = PCURVE('',#44,#1011);
#1011 = DEFINITIONAL_REPRESENTATION('',(#1012),#1015);
#1012 = B_SPLINE_CURVE_WITH_KNOTS('',1,(#1013,#1014),.UNSPECIFIED.,.F.,
  .F.,(2,2),(-5.20263671875,-2.33935546875),.PIECEWISE_BEZIER_KNOTS.);
#1013 = CARTESIAN_POINT('',(105.0390625,7.5419921875));
#1014 = CARTESIAN_POINT('',(105.0390625,4.6787109375));
#1015 = ( GEOMETRIC_REPRESENTATION_CONTEXT(2) 
PARAMETRIC_REPRESENTATION_CONTEXT() REPRESENTATION_CONTEXT('2D SPACE',''
  ) );
#1016 = PCURVE('',#1017,#1022);
#1017 = PLANE('',#1018);
#1018 = AXIS2_PLACEMENT_3D('',#1019,#1020,#1021);
#1019 = CARTESIAN_POINT('',(3.90625E-02,-100.3212890625,4.4));
#1020 = DIRECTION('',(-1.,0.,0.));
#1021 = DIRECTION('',(0.,1.,0.));
#1022 = DEFINITIONAL_REPRESENTATION('',(#1023),#1026);
#1023 = B_SPLINE_CURVE_WITH_KNOTS('',1,(#1024,#1025),.UNSPECIFIED.,.F.,
  .F.,(2,2),(-5.20263671875,-2.33935546875),.PIECEWISE_BEZIER_KNOTS.);
#1024 = CARTESIAN_POINT('',(2.86328125,-0.4));
#1025 = CARTESIAN_POINT('',(0.,-0.4));
#1026 = ( GEOMETRIC_REPRESENTATION_CONTEXT(2) 
PARAMETRIC_REPRESENTATION_CONTEXT() REPRESENTATION_CONTEXT('2D SPACE',''
  ) );
#1027 = ORIENTED_EDGE('',*,*,#1028,.F.);
#1028 = EDGE_CURVE('',#1029,#1003,#1031,.T.);
#1029 = VERTEX_POINT('',#1030);
#1030 = CARTESIAN_POINT('',(0.41796875,-97.4580078125,4.8));
#1031 = SURFACE_CURVE('',#1032,(#1036,#1042),.PCURVE_S1.);
#1032 = LINE('',#1033,#1034);
#1033 = CARTESIAN_POINT('',(-52.48046875,-97.4580078125,4.8));
#1034 = VECTOR('',#1035,1.);
#1035 = DIRECTION('',(-1.,0.,0.));
#1036 = PCURVE('',#44,#1037);
#1037 = DEFINITIONAL_REPRESENTATION('',(#1038),#1041);
#1038 = B_SPLINE_CURVE_WITH_KNOTS('',1,(#1039,#1040),.UNSPECIFIED.,.F.,
  .F.,(2,2),(-52.8984375,-52.51953125),.PIECEWISE_BEZIER_KNOTS.);
#1039 = CARTESIAN_POINT('',(105.41796875,7.5419921875));
#1040 = CARTESIAN_POINT('',(105.0390625,7.5419921875));
#1041 = ( GEOMETRIC_REPRESENTATION_CONTEXT(2) 
PARAMETRIC_REPRESENTATION_CONTEXT() REPRESENTATION_CONTEXT('2D SPACE',''
  ) );
#1042 = PCURVE('',#1043,#1048);
#1043 = PLANE('',#1044);
#1044 = AXIS2_PLACEMENT_3D('',#1045,#1046,#1047);
#1045 = CARTESIAN_POINT('',(3.90625E-02,-97.4580078125,4.4));
#1046 = DIRECTION('',(0.,1.,0.));
#1047 = DIRECTION('',(1.,0.,0.));
#1048 = DEFINITIONAL_REPRESENTATION('',(#1049),#1052);
#1049 = B_SPLINE_CURVE_WITH_KNOTS('',1,(#1050,#1051),.UNSPECIFIED.,.F.,
  .F.,(2,2),(-52.8984375,-52.51953125),.PIECEWISE_BEZIER_KNOTS.);
#1050 = CARTESIAN_POINT('',(0.37890625,-0.4));
#1051 = CARTESIAN_POINT('',(0.,-0.4));
#1052 = ( GEOMETRIC_REPRESENTATION_CONTEXT(2) 
PARAMETRIC_REPRESENTATION_CONTEXT() REPRESENTATION_CONTEXT('2D SPACE',''
  ) );
#1053 = ORIENTED_EDGE('',*,*,#1054,.F.);
#1054 = EDGE_CURVE('',#977,#1029,#1055,.T.);
#1055 = SURFACE_CURVE('',#1056,(#1060,#1066),.PCURVE_S1.);
#1056 = LINE('',#1057,#1058);
#1057 = CARTESIAN_POINT('',(0.41796875,-101.2290039062,4.8));
#1058 = VECTOR('',#1059,1.);
#1059 = DIRECTION('',(0.,1.,0.));
#1060 = PCURVE('',#44,#1061);
#1061 = DEFINITIONAL_REPRESENTATION('',(#1062),#1065);
#1062 = B_SPLINE_CURVE_WITH_KNOTS('',1,(#1063,#1064),.UNSPECIFIED.,.F.,
  .F.,(2,2),(0.90771484375,3.77099609375),.PIECEWISE_BEZIER_KNOTS.);
#1063 = CARTESIAN_POINT('',(105.41796875,4.6787109375));
#1064 = CARTESIAN_POINT('',(105.41796875,7.5419921875));
#1065 = ( GEOMETRIC_REPRESENTATION_CONTEXT(2) 
PARAMETRIC_REPRESENTATION_CONTEXT() REPRESENTATION_CONTEXT('2D SPACE',''
  ) );
#1066 = PCURVE('',#1067,#1072);
#1067 = PLANE('',#1068);
#1068 = AXIS2_PLACEMENT_3D('',#1069,#1070,#1071);
#1069 = CARTESIAN_POINT('',(0.41796875,-97.4580078125,4.4));
#1070 = DIRECTION('',(1.,0.,0.));
#1071 = DIRECTION('',(0.,-1.,0.));
#1072 = DEFINITIONAL_REPRESENTATION('',(#1073),#1076);
#1073 = B_SPLINE_CURVE_WITH_KNOTS('',1,(#1074,#1075),.UNSPECIFIED.,.F.,
  .F.,(2,2),(0.90771484375,3.77099609375),.PIECEWISE_BEZIER_KNOTS.);
#1074 = CARTESIAN_POINT('',(2.86328125,-0.4));
#1075 = CARTESIAN_POINT('',(0.,-0.4));
#1076 = ( GEOMETRIC_REPRESENTATION_CONTEXT(2) 
PARAMETRIC_REPRESENTATION_CONTEXT() REPRESENTATION_CONTEXT('2D SPACE',''
  ) );
#1077 = FACE_BOUND('',#1078,.T.);
#1078 = EDGE_LOOP('',(#1079,#1107,#1133,#1159,#1185,#1211,#1237,#1263,
    #1289,#1315));
#1079 = ORIENTED_EDGE('',*,*,#1080,.F.);
#1080 = EDGE_CURVE('',#1081,#1083,#1085,.T.);
#1081 = VERTEX_POINT('',#1082);
#1082 = CARTESIAN_POINT('',(1.08203125,-100.3212890625,4.8));
#1083 = VERTEX_POINT('',#1084);
#1084 = CARTESIAN_POINT('',(1.4453125,-100.3212890625,4.8));
#1085 = SURFACE_CURVE('',#1086,(#1090,#1096),.PCURVE_S1.);
#1086 = LINE('',#1087,#1088);
#1087 = CARTESIAN_POINT('',(-51.77734375,-100.3212890625,4.8));
#1088 = VECTOR('',#1089,1.);
#1089 = DIRECTION('',(1.,0.,-0.));
#1090 = PCURVE('',#44,#1091);
#1091 = DEFINITIONAL_REPRESENTATION('',(#1092),#1095);
#1092 = B_SPLINE_CURVE_WITH_KNOTS('',1,(#1093,#1094),.UNSPECIFIED.,.F.,
  .F.,(2,2),(52.859375,53.22265625),.PIECEWISE_BEZIER_KNOTS.);
#1093 = CARTESIAN_POINT('',(106.08203125,4.6787109375));
#1094 = CARTESIAN_POINT('',(106.4453125,4.6787109375));
#1095 = ( GEOMETRIC_REPRESENTATION_CONTEXT(2) 
PARAMETRIC_REPRESENTATION_CONTEXT() REPRESENTATION_CONTEXT('2D SPACE',''
  ) );
#1096 = PCURVE('',#1097,#1102);
#1097 = PLANE('',#1098);
#1098 = AXIS2_PLACEMENT_3D('',#1099,#1100,#1101);
#1099 = CARTESIAN_POINT('',(1.4453125,-100.3212890625,4.4));
#1100 = DIRECTION('',(0.,-1.,0.));
#1101 = DIRECTION('',(-1.,0.,0.));
#1102 = DEFINITIONAL_REPRESENTATION('',(#1103),#1106);
#1103 = B_SPLINE_CURVE_WITH_KNOTS('',1,(#1104,#1105),.UNSPECIFIED.,.F.,
  .F.,(2,2),(52.859375,53.22265625),.PIECEWISE_BEZIER_KNOTS.);
#1104 = CARTESIAN_POINT('',(0.36328125,-0.4));
#1105 = CARTESIAN_POINT('',(0.,-0.4));
#1106 = ( GEOMETRIC_REPRESENTATION_CONTEXT(2) 
PARAMETRIC_REPRESENTATION_CONTEXT() REPRESENTATION_CONTEXT('2D SPACE',''
  ) );
#1107 = ORIENTED_EDGE('',*,*,#1108,.F.);
#1108 = EDGE_CURVE('',#1109,#1081,#1111,.T.);
#1109 = VERTEX_POINT('',#1110);
#1110 = CARTESIAN_POINT('',(1.08203125,-97.4580078125,4.8));
#1111 = SURFACE_CURVE('',#1112,(#1116,#1122),.PCURVE_S1.);
#1112 = LINE('',#1113,#1114);
#1113 = CARTESIAN_POINT('',(1.08203125,-102.6606445312,4.8));
#1114 = VECTOR('',#1115,1.);
#1115 = DIRECTION('',(0.,-1.,0.));
#1116 = PCURVE('',#44,#1117);
#1117 = DEFINITIONAL_REPRESENTATION('',(#1118),#1121);
#1118 = B_SPLINE_CURVE_WITH_KNOTS('',1,(#1119,#1120),.UNSPECIFIED.,.F.,
  .F.,(2,2),(-5.20263671875,-2.33935546875),.PIECEWISE_BEZIER_KNOTS.);
#1119 = CARTESIAN_POINT('',(106.08203125,7.5419921875));
#1120 = CARTESIAN_POINT('',(106.08203125,4.6787109375));
#1121 = ( GEOMETRIC_REPRESENTATION_CONTEXT(2) 
PARAMETRIC_REPRESENTATION_CONTEXT() REPRESENTATION_CONTEXT('2D SPACE',''
  ) );
#1122 = PCURVE('',#1123,#1128);
#1123 = PLANE('',#1124);
#1124 = AXIS2_PLACEMENT_3D('',#1125,#1126,#1127);
#1125 = CARTESIAN_POINT('',(1.08203125,-100.3212890625,4.4));
#1126 = DIRECTION('',(-1.,0.,0.));
#1127 = DIRECTION('',(0.,1.,0.));
#1128 = DEFINITIONAL_REPRESENTATION('',(#1129),#1132);
#1129 = B_SPLINE_CURVE_WITH_KNOTS('',1,(#1130,#1131),.UNSPECIFIED.,.F.,
  .F.,(2,2),(-5.20263671875,-2.33935546875),.PIECEWISE_BEZIER_KNOTS.);
#1130 = CARTESIAN_POINT('',(2.86328125,-0.4));
#1131 = CARTESIAN_POINT('',(0.,-0.4));
#1132 = ( GEOMETRIC_REPRESENTATION_CONTEXT(2) 
PARAMETRIC_REPRESENTATION_CONTEXT() REPRESENTATION_CONTEXT('2D SPACE',''
  ) );
#1133 = ORIENTED_EDGE('',*,*,#1134,.F.);
#1134 = EDGE_CURVE('',#1135,#1109,#1137,.T.);
#1135 = VERTEX_POINT('',#1136);
#1136 = CARTESIAN_POINT('',(1.470703125,-97.4580078125,4.8));
#1137 = SURFACE_CURVE('',#1138,(#1142,#1148),.PCURVE_S1.);
#1138 = LINE('',#1139,#1140);
#1139 = CARTESIAN_POINT('',(-51.958984375,-97.4580078125,4.8));
#1140 = VECTOR('',#1141,1.);
#1141 = DIRECTION('',(-1.,0.,0.));
#1142 = PCURVE('',#44,#1143);
#1143 = DEFINITIONAL_REPRESENTATION('',(#1144),#1147);
#1144 = B_SPLINE_CURVE_WITH_KNOTS('',1,(#1145,#1146),.UNSPECIFIED.,.F.,
  .F.,(2,2),(-53.4296875,-53.041015625),.PIECEWISE_BEZIER_KNOTS.);
#1145 = CARTESIAN_POINT('',(106.470703125,7.5419921875));
#1146 = CARTESIAN_POINT('',(106.08203125,7.5419921875));
#1147 = ( GEOMETRIC_REPRESENTATION_CONTEXT(2) 
PARAMETRIC_REPRESENTATION_CONTEXT() REPRESENTATION_CONTEXT('2D SPACE',''
  ) );
#1148 = PCURVE('',#1149,#1154);
#1149 = PLANE('',#1150);
#1150 = AXIS2_PLACEMENT_3D('',#1151,#1152,#1153);
#1151 = CARTESIAN_POINT('',(1.08203125,-97.4580078125,4.4));
#1152 = DIRECTION('',(0.,1.,0.));
#1153 = DIRECTION('',(1.,0.,0.));
#1154 = DEFINITIONAL_REPRESENTATION('',(#1155),#1158);
#1155 = B_SPLINE_CURVE_WITH_KNOTS('',1,(#1156,#1157),.UNSPECIFIED.,.F.,
  .F.,(2,2),(-53.4296875,-53.041015625),.PIECEWISE_BEZIER_KNOTS.);
#1156 = CARTESIAN_POINT('',(0.388671875,-0.4));
#1157 = CARTESIAN_POINT('',(0.,-0.4));
#1158 = ( GEOMETRIC_REPRESENTATION_CONTEXT(2) 
PARAMETRIC_REPRESENTATION_CONTEXT() REPRESENTATION_CONTEXT('2D SPACE',''
  ) );
#1159 = ORIENTED_EDGE('',*,*,#1160,.F.);
#1160 = EDGE_CURVE('',#1161,#1135,#1163,.T.);
#1161 = VERTEX_POINT('',#1162);
#1162 = CARTESIAN_POINT('',(2.974609375,-99.7060546875,4.8));
#1163 = SURFACE_CURVE('',#1164,(#1168,#1174),.PCURVE_S1.);
#1164 = LINE('',#1165,#1166);
#1165 = CARTESIAN_POINT('',(-13.24541749724,-75.46027425898,4.8));
#1166 = VECTOR('',#1167,1.);
#1167 = DIRECTION('',(-0.556032629383,0.831160462884,0.));
#1168 = PCURVE('',#44,#1169);
#1169 = DEFINITIONAL_REPRESENTATION('',(#1170),#1173);
#1170 = B_SPLINE_CURVE_WITH_KNOTS('',1,(#1171,#1172),.UNSPECIFIED.,.F.,
  .F.,(2,2),(-29.17099827438,-26.46628964663),.PIECEWISE_BEZIER_KNOTS.);
#1171 = CARTESIAN_POINT('',(107.974609375,5.2939453125));
#1172 = CARTESIAN_POINT('',(106.470703125,7.5419921875));
#1173 = ( GEOMETRIC_REPRESENTATION_CONTEXT(2) 
PARAMETRIC_REPRESENTATION_CONTEXT() REPRESENTATION_CONTEXT('2D SPACE',''
  ) );
#1174 = PCURVE('',#1175,#1180);
#1175 = PLANE('',#1176);
#1176 = AXIS2_PLACEMENT_3D('',#1177,#1178,#1179);
#1177 = CARTESIAN_POINT('',(1.470703125,-97.4580078125,4.4));
#1178 = DIRECTION('',(0.831160462884,0.556032629383,0.));
#1179 = DIRECTION('',(0.556032629383,-0.831160462884,0.));
#1180 = DEFINITIONAL_REPRESENTATION('',(#1181),#1184);
#1181 = B_SPLINE_CURVE_WITH_KNOTS('',1,(#1182,#1183),.UNSPECIFIED.,.F.,
  .F.,(2,2),(-29.17099827438,-26.46628964663),.PIECEWISE_BEZIER_KNOTS.);
#1182 = CARTESIAN_POINT('',(2.704708627743,-0.4));
#1183 = CARTESIAN_POINT('',(0.,-0.4));
#1184 = ( GEOMETRIC_REPRESENTATION_CONTEXT(2) 
PARAMETRIC_REPRESENTATION_CONTEXT() REPRESENTATION_CONTEXT('2D SPACE',''
  ) );
#1185 = ORIENTED_EDGE('',*,*,#1186,.F.);
#1186 = EDGE_CURVE('',#1187,#1161,#1189,.T.);
#1187 = VERTEX_POINT('',#1188);
#1188 = CARTESIAN_POINT('',(2.974609375,-97.4580078125,4.8));
#1189 = SURFACE_CURVE('',#1190,(#1194,#1200),.PCURVE_S1.);
#1190 = LINE('',#1191,#1192);
#1191 = CARTESIAN_POINT('',(2.974609375,-102.3530273437,4.8));
#1192 = VECTOR('',#1193,1.);
#1193 = DIRECTION('',(0.,-1.,0.));
#1194 = PCURVE('',#44,#1195);
#1195 = DEFINITIONAL_REPRESENTATION('',(#1196),#1199);
#1196 = B_SPLINE_CURVE_WITH_KNOTS('',1,(#1197,#1198),.UNSPECIFIED.,.F.,
  .F.,(2,2),(-4.89501953125,-2.64697265625),.PIECEWISE_BEZIER_KNOTS.);
#1197 = CARTESIAN_POINT('',(107.974609375,7.5419921875));
#1198 = CARTESIAN_POINT('',(107.974609375,5.2939453125));
#1199 = ( GEOMETRIC_REPRESENTATION_CONTEXT(2) 
PARAMETRIC_REPRESENTATION_CONTEXT() REPRESENTATION_CONTEXT('2D SPACE',''
  ) );
#1200 = PCURVE('',#1201,#1206);
#1201 = PLANE('',#1202);
#1202 = AXIS2_PLACEMENT_3D('',#1203,#1204,#1205);
#1203 = CARTESIAN_POINT('',(2.974609375,-99.7060546875,4.4));
#1204 = DIRECTION('',(-1.,0.,0.));
#1205 = DIRECTION('',(0.,1.,0.));
#1206 = DEFINITIONAL_REPRESENTATION('',(#1207),#1210);
#1207 = B_SPLINE_CURVE_WITH_KNOTS('',1,(#1208,#1209),.UNSPECIFIED.,.F.,
  .F.,(2,2),(-4.89501953125,-2.64697265625),.PIECEWISE_BEZIER_KNOTS.);
#1208 = CARTESIAN_POINT('',(2.248046875,-0.4));
#1209 = CARTESIAN_POINT('',(0.,-0.4));
#1210 = ( GEOMETRIC_REPRESENTATION_CONTEXT(2) 
PARAMETRIC_REPRESENTATION_CONTEXT() REPRESENTATION_CONTEXT('2D SPACE',''
  ) );
#1211 = ORIENTED_EDGE('',*,*,#1212,.F.);
#1212 = EDGE_CURVE('',#1213,#1187,#1215,.T.);
#1213 = VERTEX_POINT('',#1214);
#1214 = CARTESIAN_POINT('',(3.337890625,-97.4580078125,4.8));
#1215 = SURFACE_CURVE('',#1216,(#1220,#1226),.PCURVE_S1.);
#1216 = LINE('',#1217,#1218);
#1217 = CARTESIAN_POINT('',(-51.0126953125,-97.4580078125,4.8));
#1218 = VECTOR('',#1219,1.);
#1219 = DIRECTION('',(-1.,0.,0.));
#1220 = PCURVE('',#44,#1221);
#1221 = DEFINITIONAL_REPRESENTATION('',(#1222),#1225);
#1222 = B_SPLINE_CURVE_WITH_KNOTS('',1,(#1223,#1224),.UNSPECIFIED.,.F.,
  .F.,(2,2),(-54.3505859375,-53.9873046875),.PIECEWISE_BEZIER_KNOTS.);
#1223 = CARTESIAN_POINT('',(108.337890625,7.5419921875));
#1224 = CARTESIAN_POINT('',(107.974609375,7.5419921875));
#1225 = ( GEOMETRIC_REPRESENTATION_CONTEXT(2) 
PARAMETRIC_REPRESENTATION_CONTEXT() REPRESENTATION_CONTEXT('2D SPACE',''
  ) );
#1226 = PCURVE('',#1227,#1232);
#1227 = PLANE('',#1228);
#1228 = AXIS2_PLACEMENT_3D('',#1229,#1230,#1231);
#1229 = CARTESIAN_POINT('',(2.974609375,-97.4580078125,4.4));
#1230 = DIRECTION('',(0.,1.,0.));
#1231 = DIRECTION('',(1.,0.,0.));
#1232 = DEFINITIONAL_REPRESENTATION('',(#1233),#1236);
#1233 = B_SPLINE_CURVE_WITH_KNOTS('',1,(#1234,#1235),.UNSPECIFIED.,.F.,
  .F.,(2,2),(-54.3505859375,-53.9873046875),.PIECEWISE_BEZIER_KNOTS.);
#1234 = CARTESIAN_POINT('',(0.36328125,-0.4));
#1235 = CARTESIAN_POINT('',(0.,-0.4));
#1236 = ( GEOMETRIC_REPRESENTATION_CONTEXT(2) 
PARAMETRIC_REPRESENTATION_CONTEXT() REPRESENTATION_CONTEXT('2D SPACE',''
  ) );
#1237 = ORIENTED_EDGE('',*,*,#1238,.F.);
#1238 = EDGE_CURVE('',#1239,#1213,#1241,.T.);
#1239 = VERTEX_POINT('',#1240);
#1240 = CARTESIAN_POINT('',(3.337890625,-100.3212890625,4.8));
#1241 = SURFACE_CURVE('',#1242,(#1246,#1252),.PCURVE_S1.);
#1242 = LINE('',#1243,#1244);
#1243 = CARTESIAN_POINT('',(3.337890625,-101.2290039062,4.8));
#1244 = VECTOR('',#1245,1.);
#1245 = DIRECTION('',(0.,1.,0.));
#1246 = PCURVE('',#44,#1247);
#1247 = DEFINITIONAL_REPRESENTATION('',(#1248),#1251);
#1248 = B_SPLINE_CURVE_WITH_KNOTS('',1,(#1249,#1250),.UNSPECIFIED.,.F.,
  .F.,(2,2),(0.90771484375,3.77099609375),.PIECEWISE_BEZIER_KNOTS.);
#1249 = CARTESIAN_POINT('',(108.337890625,4.6787109375));
#1250 = CARTESIAN_POINT('',(108.337890625,7.5419921875));
#1251 = ( GEOMETRIC_REPRESENTATION_CONTEXT(2) 
PARAMETRIC_REPRESENTATION_CONTEXT() REPRESENTATION_CONTEXT('2D SPACE',''
  ) );
#1252 = PCURVE('',#1253,#1258);
#1253 = PLANE('',#1254);
#1254 = AXIS2_PLACEMENT_3D('',#1255,#1256,#1257);
#1255 = CARTESIAN_POINT('',(3.337890625,-97.4580078125,4.4));
#1256 = DIRECTION('',(1.,0.,0.));
#1257 = DIRECTION('',(0.,-1.,0.));
#1258 = DEFINITIONAL_REPRESENTATION('',(#1259),#1262);
#1259 = B_SPLINE_CURVE_WITH_KNOTS('',1,(#1260,#1261),.UNSPECIFIED.,.F.,
  .F.,(2,2),(0.90771484375,3.77099609375),.PIECEWISE_BEZIER_KNOTS.);
#1260 = CARTESIAN_POINT('',(2.86328125,-0.4));
#1261 = CARTESIAN_POINT('',(0.,-0.4));
#1262 = ( GEOMETRIC_REPRESENTATION_CONTEXT(2) 
PARAMETRIC_REPRESENTATION_CONTEXT() REPRESENTATION_CONTEXT('2D SPACE',''
  ) );
#1263 = ORIENTED_EDGE('',*,*,#1264,.F.);
#1264 = EDGE_CURVE('',#1265,#1239,#1267,.T.);
#1265 = VERTEX_POINT('',#1266);
#1266 = CARTESIAN_POINT('',(2.94921875,-100.3212890625,4.8));
#1267 = SURFACE_CURVE('',#1268,(#1272,#1278),.PCURVE_S1.);
#1268 = LINE('',#1269,#1270);
#1269 = CARTESIAN_POINT('',(-50.8310546875,-100.3212890625,4.8));
#1270 = VECTOR('',#1271,1.);
#1271 = DIRECTION('',(1.,0.,-0.));
#1272 = PCURVE('',#44,#1273);
#1273 = DEFINITIONAL_REPRESENTATION('',(#1274),#1277);
#1274 = B_SPLINE_CURVE_WITH_KNOTS('',1,(#1275,#1276),.UNSPECIFIED.,.F.,
  .F.,(2,2),(53.7802734375,54.1689453125),.PIECEWISE_BEZIER_KNOTS.);
#1275 = CARTESIAN_POINT('',(107.94921875,4.6787109375));
#1276 = CARTESIAN_POINT('',(108.337890625,4.6787109375));
#1277 = ( GEOMETRIC_REPRESENTATION_CONTEXT(2) 
PARAMETRIC_REPRESENTATION_CONTEXT() REPRESENTATION_CONTEXT('2D SPACE',''
  ) );
#1278 = PCURVE('',#1279,#1284);
#1279 = PLANE('',#1280);
#1280 = AXIS2_PLACEMENT_3D('',#1281,#1282,#1283);
#1281 = CARTESIAN_POINT('',(3.337890625,-100.3212890625,4.4));
#1282 = DIRECTION('',(0.,-1.,0.));
#1283 = DIRECTION('',(-1.,0.,0.));
#1284 = DEFINITIONAL_REPRESENTATION('',(#1285),#1288);
#1285 = B_SPLINE_CURVE_WITH_KNOTS('',1,(#1286,#1287),.UNSPECIFIED.,.F.,
  .F.,(2,2),(53.7802734375,54.1689453125),.PIECEWISE_BEZIER_KNOTS.);
#1286 = CARTESIAN_POINT('',(0.388671875,-0.4));
#1287 = CARTESIAN_POINT('',(0.,-0.4));
#1288 = ( GEOMETRIC_REPRESENTATION_CONTEXT(2) 
PARAMETRIC_REPRESENTATION_CONTEXT() REPRESENTATION_CONTEXT('2D SPACE',''
  ) );
#1289 = ORIENTED_EDGE('',*,*,#1290,.F.);
#1290 = EDGE_CURVE('',#1291,#1265,#1293,.T.);
#1291 = VERTEX_POINT('',#1292);
#1292 = CARTESIAN_POINT('',(1.4453125,-98.0712890625,4.8));
#1293 = SURFACE_CURVE('',#1294,(#1298,#1304),.PCURVE_S1.);
#1294 = LINE('',#1295,#1296);
#1295 = CARTESIAN_POINT('',(-12.63743837333,-77.00203061303,4.8));
#1296 = VECTOR('',#1297,1.);
#1297 = DIRECTION('',(0.555699055242,-0.831383521609,0.));
#1298 = PCURVE('',#44,#1299);
#1299 = DEFINITIONAL_REPRESENTATION('',(#1300),#1303);
#1300 = B_SPLINE_CURVE_WITH_KNOTS('',1,(#1301,#1302),.UNSPECIFIED.,.F.,
  .F.,(2,2),(25.342405642928,28.048737848846),.PIECEWISE_BEZIER_KNOTS.);
#1301 = CARTESIAN_POINT('',(106.4453125,6.9287109375));
#1302 = CARTESIAN_POINT('',(107.94921875,4.6787109375));
#1303 = ( GEOMETRIC_REPRESENTATION_CONTEXT(2) 
PARAMETRIC_REPRESENTATION_CONTEXT() REPRESENTATION_CONTEXT('2D SPACE',''
  ) );
#1304 = PCURVE('',#1305,#1310);
#1305 = PLANE('',#1306);
#1306 = AXIS2_PLACEMENT_3D('',#1307,#1308,#1309);
#1307 = CARTESIAN_POINT('',(2.94921875,-100.3212890625,4.4));
#1308 = DIRECTION('',(-0.831383521609,-0.555699055242,0.));
#1309 = DIRECTION('',(-0.555699055242,0.831383521609,0.));
#1310 = DEFINITIONAL_REPRESENTATION('',(#1311),#1314);
#1311 = B_SPLINE_CURVE_WITH_KNOTS('',1,(#1312,#1313),.UNSPECIFIED.,.F.,
  .F.,(2,2),(25.342405642928,28.048737848846),.PIECEWISE_BEZIER_KNOTS.);
#1312 = CARTESIAN_POINT('',(2.706332205918,-0.4));
#1313 = CARTESIAN_POINT('',(0.,-0.4));
#1314 = ( GEOMETRIC_REPRESENTATION_CONTEXT(2) 
PARAMETRIC_REPRESENTATION_CONTEXT() REPRESENTATION_CONTEXT('2D SPACE',''
  ) );
#1315 = ORIENTED_EDGE('',*,*,#1316,.F.);
#1316 = EDGE_CURVE('',#1083,#1291,#1317,.T.);
#1317 = SURFACE_CURVE('',#1318,(#1322,#1328),.PCURVE_S1.);
#1318 = LINE('',#1319,#1320);
#1319 = CARTESIAN_POINT('',(1.4453125,-101.5356445312,4.8));
#1320 = VECTOR('',#1321,1.);
#1321 = DIRECTION('',(0.,1.,0.));
#1322 = PCURVE('',#44,#1323);
#1323 = DEFINITIONAL_REPRESENTATION('',(#1324),#1327);
#1324 = B_SPLINE_CURVE_WITH_KNOTS('',1,(#1325,#1326),.UNSPECIFIED.,.F.,
  .F.,(2,2),(1.21435546875,3.46435546875),.PIECEWISE_BEZIER_KNOTS.);
#1325 = CARTESIAN_POINT('',(106.4453125,4.6787109375));
#1326 = CARTESIAN_POINT('',(106.4453125,6.9287109375));
#1327 = ( GEOMETRIC_REPRESENTATION_CONTEXT(2) 
PARAMETRIC_REPRESENTATION_CONTEXT() REPRESENTATION_CONTEXT('2D SPACE',''
  ) );
#1328 = PCURVE('',#1329,#1334);
#1329 = PLANE('',#1330);
#1330 = AXIS2_PLACEMENT_3D('',#1331,#1332,#1333);
#1331 = CARTESIAN_POINT('',(1.4453125,-98.0712890625,4.4));
#1332 = DIRECTION('',(1.,0.,0.));
#1333 = DIRECTION('',(0.,-1.,0.));
#1334 = DEFINITIONAL_REPRESENTATION('',(#1335),#1338);
#1335 = B_SPLINE_CURVE_WITH_KNOTS('',1,(#1336,#1337),.UNSPECIFIED.,.F.,
  .F.,(2,2),(1.21435546875,3.46435546875),.PIECEWISE_BEZIER_KNOTS.);
#1336 = CARTESIAN_POINT('',(2.25,-0.4));
#1337 = CARTESIAN_POINT('',(0.,-0.4));
#1338 = ( GEOMETRIC_REPRESENTATION_CONTEXT(2) 
PARAMETRIC_REPRESENTATION_CONTEXT() REPRESENTATION_CONTEXT('2D SPACE',''
  ) );
#1339 = FACE_BOUND('',#1340,.T.);
#1340 = EDGE_LOOP('',(#1341,#1369,#1408,#1447,#1486,#1525,#1564,#1609,
    #1654,#1693,#1738,#1783,#1822,#1873,#1924,#1975,#2014,#2053,#2104,
    #2155,#2181,#2232,#2274,#2316,#2367,#2412,#2457,#2502,#2541,#2592,
    #2643,#2694,#2733,#2775,#2826));
#1341 = ORIENTED_EDGE('',*,*,#1342,.F.);
#1342 = EDGE_CURVE('',#1343,#1345,#1347,.T.);
#1343 = VERTEX_POINT('',#1344);
#1344 = CARTESIAN_POINT('',(4.203125,-99.3701171875,4.8));
#1345 = VERTEX_POINT('',#1346);
#1346 = CARTESIAN_POINT('',(3.845703125,-99.4013671875,4.8));
#1347 = SURFACE_CURVE('',#1348,(#1352,#1358),.PCURVE_S1.);
#1348 = LINE('',#1349,#1350);
#1349 = CARTESIAN_POINT('',(-50.40717209841,-104.144787972,4.8));
#1350 = VECTOR('',#1351,1.);
#1351 = DIRECTION('',(-0.99619962403,-8.70994206802E-02,0.));
#1352 = PCURVE('',#44,#1353);
#1353 = DEFINITIONAL_REPRESENTATION('',(#1354),#1357);
#1354 = B_SPLINE_CURVE_WITH_KNOTS('',1,(#1355,#1356),.UNSPECIFIED.,.F.,
  .F.,(2,2),(-54.81862849687,-54.45984310247),.PIECEWISE_BEZIER_KNOTS.);
#1355 = CARTESIAN_POINT('',(109.203125,5.6298828125));
#1356 = CARTESIAN_POINT('',(108.845703125,5.5986328125));
#1357 = ( GEOMETRIC_REPRESENTATION_CONTEXT(2) 
PARAMETRIC_REPRESENTATION_CONTEXT() REPRESENTATION_CONTEXT('2D SPACE',''
  ) );
#1358 = PCURVE('',#1359,#1364);
#1359 = PLANE('',#1360);
#1360 = AXIS2_PLACEMENT_3D('',#1361,#1362,#1363);
#1361 = CARTESIAN_POINT('',(3.845703125,-99.4013671875,4.4));
#1362 = DIRECTION('',(-8.70994206802E-02,0.99619962403,0.));
#1363 = DIRECTION('',(0.99619962403,8.70994206802E-02,0.));
#1364 = DEFINITIONAL_REPRESENTATION('',(#1365),#1368);
#1365 = B_SPLINE_CURVE_WITH_KNOTS('',1,(#1366,#1367),.UNSPECIFIED.,.F.,
  .F.,(2,2),(-54.81862849687,-54.45984310247),.PIECEWISE_BEZIER_KNOTS.);
#1366 = CARTESIAN_POINT('',(0.358785394391,-0.4));
#1367 = CARTESIAN_POINT('',(0.,-0.4));
#1368 = ( GEOMETRIC_REPRESENTATION_CONTEXT(2) 
PARAMETRIC_REPRESENTATION_CONTEXT() REPRESENTATION_CONTEXT('2D SPACE',''
  ) );
#1369 = ORIENTED_EDGE('',*,*,#1370,.F.);
#1370 = EDGE_CURVE('',#1371,#1343,#1373,.T.);
#1371 = VERTEX_POINT('',#1372);
#1372 = CARTESIAN_POINT('',(4.3212890625,-99.72265625,4.8));
#1373 = SURFACE_CURVE('',#1374,(#1381,#1391),.PCURVE_S1.);
#1374 = B_SPLINE_CURVE_WITH_KNOTS('',5,(#1375,#1376,#1377,#1378,#1379,
    #1380),.UNSPECIFIED.,.F.,.F.,(6,6),(0.,1.),
  .PIECEWISE_BEZIER_KNOTS.);
#1375 = CARTESIAN_POINT('',(4.3212890625,-99.72265625,4.8));
#1376 = CARTESIAN_POINT('',(4.283659368075,-99.66680586143,4.8));
#1377 = CARTESIAN_POINT('',(4.253107255273,-99.60324380747,4.8));
#1378 = CARTESIAN_POINT('',(4.229645798627,-99.53227879075,4.8));
#1379 = CARTESIAN_POINT('',(4.213084272918,-99.45438795834,4.8));
#1380 = CARTESIAN_POINT('',(4.203125,-99.3701171875,4.8));
#1381 = PCURVE('',#44,#1382);
#1382 = DEFINITIONAL_REPRESENTATION('',(#1383),#1390);
#1383 = B_SPLINE_CURVE_WITH_KNOTS('',5,(#1384,#1385,#1386,#1387,#1388,
    #1389),.UNSPECIFIED.,.F.,.F.,(6,6),(0.,1.),
  .PIECEWISE_BEZIER_KNOTS.);
#1384 = CARTESIAN_POINT('',(109.3212890625,5.27734375));
#1385 = CARTESIAN_POINT('',(109.28365936807,5.333194138567));
#1386 = CARTESIAN_POINT('',(109.25310725527,5.396756192527));
#1387 = CARTESIAN_POINT('',(109.22964579862,5.467721209243));
#1388 = CARTESIAN_POINT('',(109.21308427291,5.545612041659));
#1389 = CARTESIAN_POINT('',(109.203125,5.6298828125));
#1390 = ( GEOMETRIC_REPRESENTATION_CONTEXT(2) 
PARAMETRIC_REPRESENTATION_CONTEXT() REPRESENTATION_CONTEXT('2D SPACE',''
  ) );
#1391 = PCURVE('',#1392,#1399);
#1392 = SURFACE_OF_LINEAR_EXTRUSION('',#1393,#1397);
#1393 = B_SPLINE_CURVE_WITH_KNOTS('',2,(#1394,#1395,#1396),
  .UNSPECIFIED.,.F.,.F.,(3,3),(0.,1.),.PIECEWISE_BEZIER_KNOTS.);
#1394 = CARTESIAN_POINT('',(4.203125,-99.3701171875,4.4));
#1395 = CARTESIAN_POINT('',(4.228515625,-99.5849609375,4.4));
#1396 = CARTESIAN_POINT('',(4.3212890625,-99.72265625,4.4));
#1397 = VECTOR('',#1398,1.);
#1398 = DIRECTION('',(-0.,-0.,-1.));
#1399 = DEFINITIONAL_REPRESENTATION('',(#1400),#1407);
#1400 = B_SPLINE_CURVE_WITH_KNOTS('',5,(#1401,#1402,#1403,#1404,#1405,
    #1406),.UNSPECIFIED.,.F.,.F.,(6,6),(0.,1.),
  .PIECEWISE_BEZIER_KNOTS.);
#1401 = CARTESIAN_POINT('',(1.,-0.4));
#1402 = CARTESIAN_POINT('',(0.797195752153,-0.4));
#1403 = CARTESIAN_POINT('',(0.595194353703,-0.4));
#1404 = CARTESIAN_POINT('',(0.394659300379,-0.4));
#1405 = CARTESIAN_POINT('',(0.196121066684,-0.4));
#1406 = CARTESIAN_POINT('',(0.,-0.4));
#1407 = ( GEOMETRIC_REPRESENTATION_CONTEXT(2) 
PARAMETRIC_REPRESENTATION_CONTEXT() REPRESENTATION_CONTEXT('2D SPACE',''
  ) );
#1408 = ORIENTED_EDGE('',*,*,#1409,.F.);
#1409 = EDGE_CURVE('',#1410,#1371,#1412,.T.);
#1410 = VERTEX_POINT('',#1411);
#1411 = CARTESIAN_POINT('',(4.609375,-99.9453125,4.8));
#1412 = SURFACE_CURVE('',#1413,(#1420,#1430),.PCURVE_S1.);
#1413 = B_SPLINE_CURVE_WITH_KNOTS('',5,(#1414,#1415,#1416,#1417,#1418,
    #1419),.UNSPECIFIED.,.F.,.F.,(6,6),(0.,1.),
  .PIECEWISE_BEZIER_KNOTS.);
#1414 = CARTESIAN_POINT('',(4.609375,-99.9453125,4.8));
#1415 = CARTESIAN_POINT('',(4.532738877827,-99.91197578685,4.8));
#1416 = CARTESIAN_POINT('',(4.464974178499,-99.87313166747,4.8));
#1417 = CARTESIAN_POINT('',(4.406817040841,-99.82861413796,4.8));
#1418 = CARTESIAN_POINT('',(4.358840513715,-99.77839050917,4.8));
#1419 = CARTESIAN_POINT('',(4.3212890625,-99.72265625,4.8));
#1420 = PCURVE('',#44,#1421);
#1421 = DEFINITIONAL_REPRESENTATION('',(#1422),#1429);
#1422 = B_SPLINE_CURVE_WITH_KNOTS('',5,(#1423,#1424,#1425,#1426,#1427,
    #1428),.UNSPECIFIED.,.F.,.F.,(6,6),(0.,1.),
  .PIECEWISE_BEZIER_KNOTS.);
#1423 = CARTESIAN_POINT('',(109.609375,5.0546875));
#1424 = CARTESIAN_POINT('',(109.53273887782,5.088024213145));
#1425 = CARTESIAN_POINT('',(109.46497417849,5.126868332525));
#1426 = CARTESIAN_POINT('',(109.40681704084,5.171385862031));
#1427 = CARTESIAN_POINT('',(109.35884051371,5.221609490828));
#1428 = CARTESIAN_POINT('',(109.3212890625,5.27734375));
#1429 = ( GEOMETRIC_REPRESENTATION_CONTEXT(2) 
PARAMETRIC_REPRESENTATION_CONTEXT() REPRESENTATION_CONTEXT('2D SPACE',''
  ) );
#1430 = PCURVE('',#1431,#1438);
#1431 = SURFACE_OF_LINEAR_EXTRUSION('',#1432,#1436);
#1432 = B_SPLINE_CURVE_WITH_KNOTS('',2,(#1433,#1434,#1435),
  .UNSPECIFIED.,.F.,.F.,(3,3),(0.,1.),.PIECEWISE_BEZIER_KNOTS.);
#1433 = CARTESIAN_POINT('',(4.3212890625,-99.72265625,4.4));
#1434 = CARTESIAN_POINT('',(4.4140625,-99.8603515625,4.4));
#1435 = CARTESIAN_POINT('',(4.609375,-99.9453125,4.4));
#1436 = VECTOR('',#1437,1.);
#1437 = DIRECTION('',(-0.,-0.,-1.));
#1438 = DEFINITIONAL_REPRESENTATION('',(#1439),#1446);
#1439 = B_SPLINE_CURVE_WITH_KNOTS('',5,(#1440,#1441,#1442,#1443,#1444,
    #1445),.UNSPECIFIED.,.F.,.F.,(6,6),(0.,1.),
  .PIECEWISE_BEZIER_KNOTS.);
#1440 = CARTESIAN_POINT('',(1.,-0.4));
#1441 = CARTESIAN_POINT('',(0.803811527237,-0.4));
#1442 = CARTESIAN_POINT('',(0.605074719369,-0.4));
#1443 = CARTESIAN_POINT('',(0.404362859412,-0.4));
#1444 = CARTESIAN_POINT('',(0.20238255813,-0.4));
#1445 = CARTESIAN_POINT('',(0.,-0.4));
#1446 = ( GEOMETRIC_REPRESENTATION_CONTEXT(2) 
PARAMETRIC_REPRESENTATION_CONTEXT() REPRESENTATION_CONTEXT('2D SPACE',''
  ) );
#1447 = ORIENTED_EDGE('',*,*,#1448,.F.);
#1448 = EDGE_CURVE('',#1449,#1410,#1451,.T.);
#1449 = VERTEX_POINT('',#1450);
#1450 = CARTESIAN_POINT('',(5.048828125,-100.0302734375,4.8));
#1451 = SURFACE_CURVE('',#1452,(#1459,#1469),.PCURVE_S1.);
#1452 = B_SPLINE_CURVE_WITH_KNOTS('',5,(#1453,#1454,#1455,#1456,#1457,
    #1458),.UNSPECIFIED.,.F.,.F.,(6,6),(0.,1.),
  .PIECEWISE_BEZIER_KNOTS.);
#1453 = CARTESIAN_POINT('',(5.048828125,-100.0302734375,4.8));
#1454 = CARTESIAN_POINT('',(4.952560157644,-100.0302734375,4.8));
#1455 = CARTESIAN_POINT('',(4.860120007746,-100.0220171742,4.8));
#1456 = CARTESIAN_POINT('',(4.771893458391,-100.005190108,4.8));
#1457 = CARTESIAN_POINT('',(4.688224163524,-99.97961188613,4.8));
#1458 = CARTESIAN_POINT('',(4.609375,-99.9453125,4.8));
#1459 = PCURVE('',#44,#1460);
#1460 = DEFINITIONAL_REPRESENTATION('',(#1461),#1468);
#1461 = B_SPLINE_CURVE_WITH_KNOTS('',5,(#1462,#1463,#1464,#1465,#1466,
    #1467),.UNSPECIFIED.,.F.,.F.,(6,6),(0.,1.),
  .PIECEWISE_BEZIER_KNOTS.);
#1462 = CARTESIAN_POINT('',(110.048828125,4.9697265625));
#1463 = CARTESIAN_POINT('',(109.95256015764,4.9697265625));
#1464 = CARTESIAN_POINT('',(109.86012000774,4.977982825783));
#1465 = CARTESIAN_POINT('',(109.77189345839,4.994809891979));
#1466 = CARTESIAN_POINT('',(109.68822416352,5.020388113867));
#1467 = CARTESIAN_POINT('',(109.609375,5.0546875));
#1468 = ( GEOMETRIC_REPRESENTATION_CONTEXT(2) 
PARAMETRIC_REPRESENTATION_CONTEXT() REPRESENTATION_CONTEXT('2D SPACE',''
  ) );
#1469 = PCURVE('',#1470,#1477);
#1470 = SURFACE_OF_LINEAR_EXTRUSION('',#1471,#1475);
#1471 = B_SPLINE_CURVE_WITH_KNOTS('',2,(#1472,#1473,#1474),
  .UNSPECIFIED.,.F.,.F.,(3,3),(0.,1.),.PIECEWISE_BEZIER_KNOTS.);
#1472 = CARTESIAN_POINT('',(4.609375,-99.9453125,4.4));
#1473 = CARTESIAN_POINT('',(4.8046875,-100.0302734375,4.4));
#1474 = CARTESIAN_POINT('',(5.048828125,-100.0302734375,4.4));
#1475 = VECTOR('',#1476,1.);
#1476 = DIRECTION('',(-0.,-0.,-1.));
#1477 = DEFINITIONAL_REPRESENTATION('',(#1478),#1485);
#1478 = B_SPLINE_CURVE_WITH_KNOTS('',5,(#1479,#1480,#1481,#1482,#1483,
    #1484),.UNSPECIFIED.,.F.,.F.,(6,6),(0.,1.),
  .PIECEWISE_BEZIER_KNOTS.);
#1479 = CARTESIAN_POINT('',(1.,-0.4));
#1480 = CARTESIAN_POINT('',(0.802843202854,-0.4));
#1481 = CARTESIAN_POINT('',(0.60380805908,-0.4));
#1482 = CARTESIAN_POINT('',(0.403314435674,-0.4));
#1483 = CARTESIAN_POINT('',(0.201853858621,-0.4));
#1484 = CARTESIAN_POINT('',(0.,-0.4));
#1485 = ( GEOMETRIC_REPRESENTATION_CONTEXT(2) 
PARAMETRIC_REPRESENTATION_CONTEXT() REPRESENTATION_CONTEXT('2D SPACE',''
  ) );
#1486 = ORIENTED_EDGE('',*,*,#1487,.F.);
#1487 = EDGE_CURVE('',#1488,#1449,#1490,.T.);
#1488 = VERTEX_POINT('',#1489);
#1489 = CARTESIAN_POINT('',(5.431640625,-99.9658203125,4.8));
#1490 = SURFACE_CURVE('',#1491,(#1498,#1508),.PCURVE_S1.);
#1491 = B_SPLINE_CURVE_WITH_KNOTS('',5,(#1492,#1493,#1494,#1495,#1496,
    #1497),.UNSPECIFIED.,.F.,.F.,(6,6),(0.,1.),
  .PIECEWISE_BEZIER_KNOTS.);
#1492 = CARTESIAN_POINT('',(5.431640625,-99.9658203125,4.8));
#1493 = CARTESIAN_POINT('',(5.364472426402,-99.99189737783,4.8));
#1494 = CARTESIAN_POINT('',(5.292365713454,-100.0112806436,4.8));
#1495 = CARTESIAN_POINT('',(5.215534901581,-100.024018739,4.8));
#1496 = CARTESIAN_POINT('',(5.134254779652,-100.0302734375,4.8));
#1497 = CARTESIAN_POINT('',(5.048828125,-100.0302734375,4.8));
#1498 = PCURVE('',#44,#1499);
#1499 = DEFINITIONAL_REPRESENTATION('',(#1500),#1507);
#1500 = B_SPLINE_CURVE_WITH_KNOTS('',5,(#1501,#1502,#1503,#1504,#1505,
    #1506),.UNSPECIFIED.,.F.,.F.,(6,6),(0.,1.),
  .PIECEWISE_BEZIER_KNOTS.);
#1501 = CARTESIAN_POINT('',(110.431640625,5.0341796875));
#1502 = CARTESIAN_POINT('',(110.3644724264,5.008102622162));
#1503 = CARTESIAN_POINT('',(110.29236571345,4.988719356315));
#1504 = CARTESIAN_POINT('',(110.21553490158,4.975981260903));
#1505 = CARTESIAN_POINT('',(110.13425477965,4.9697265625));
#1506 = CARTESIAN_POINT('',(110.048828125,4.9697265625));
#1507 = ( GEOMETRIC_REPRESENTATION_CONTEXT(2) 
PARAMETRIC_REPRESENTATION_CONTEXT() REPRESENTATION_CONTEXT('2D SPACE',''
  ) );
#1508 = PCURVE('',#1509,#1516);
#1509 = SURFACE_OF_LINEAR_EXTRUSION('',#1510,#1514);
#1510 = B_SPLINE_CURVE_WITH_KNOTS('',2,(#1511,#1512,#1513),
  .UNSPECIFIED.,.F.,.F.,(3,3),(0.,1.),.PIECEWISE_BEZIER_KNOTS.);
#1511 = CARTESIAN_POINT('',(5.048828125,-100.0302734375,4.4));
#1512 = CARTESIAN_POINT('',(5.265625,-100.0302734375,4.4));
#1513 = CARTESIAN_POINT('',(5.431640625,-99.9658203125,4.4));
#1514 = VECTOR('',#1515,1.);
#1515 = DIRECTION('',(-0.,-0.,-1.));
#1516 = DEFINITIONAL_REPRESENTATION('',(#1517),#1524);
#1517 = B_SPLINE_CURVE_WITH_KNOTS('',5,(#1518,#1519,#1520,#1521,#1522,
    #1523),.UNSPECIFIED.,.F.,.F.,(6,6),(0.,1.),
  .PIECEWISE_BEZIER_KNOTS.);
#1518 = CARTESIAN_POINT('',(1.,-0.4));
#1519 = CARTESIAN_POINT('',(0.797705190106,-0.4));
#1520 = CARTESIAN_POINT('',(0.596183888312,-0.4));
#1521 = CARTESIAN_POINT('',(0.395842238909,-0.4));
#1522 = CARTESIAN_POINT('',(0.19702003235,-0.4));
#1523 = CARTESIAN_POINT('',(0.,-0.4));
#1524 = ( GEOMETRIC_REPRESENTATION_CONTEXT(2) 
PARAMETRIC_REPRESENTATION_CONTEXT() REPRESENTATION_CONTEXT('2D SPACE',''
  ) );
#1525 = ORIENTED_EDGE('',*,*,#1526,.F.);
#1526 = EDGE_CURVE('',#1527,#1488,#1529,.T.);
#1527 = VERTEX_POINT('',#1528);
#1528 = CARTESIAN_POINT('',(5.6787109375,-99.7890625,4.8));
#1529 = SURFACE_CURVE('',#1530,(#1537,#1547),.PCURVE_S1.);
#1530 = B_SPLINE_CURVE_WITH_KNOTS('',5,(#1531,#1532,#1533,#1534,#1535,
    #1536),.UNSPECIFIED.,.F.,.F.,(6,6),(0.,1.),
  .PIECEWISE_BEZIER_KNOTS.);
#1531 = CARTESIAN_POINT('',(5.6787109375,-99.7890625,4.8));
#1532 = CARTESIAN_POINT('',(5.646009301278,-99.83437199597,4.8));
#1533 = CARTESIAN_POINT('',(5.604709406213,-99.87475093023,4.8));
#1534 = CARTESIAN_POINT('',(5.554960491122,-99.9100853738,4.8));
#1535 = CARTESIAN_POINT('',(5.497112719127,-99.94040173478,4.8));
#1536 = CARTESIAN_POINT('',(5.431640625,-99.9658203125,4.8));
#1537 = PCURVE('',#44,#1538);
#1538 = DEFINITIONAL_REPRESENTATION('',(#1539),#1546);
#1539 = B_SPLINE_CURVE_WITH_KNOTS('',5,(#1540,#1541,#1542,#1543,#1544,
    #1545),.UNSPECIFIED.,.F.,.F.,(6,6),(0.,1.),
  .PIECEWISE_BEZIER_KNOTS.);
#1540 = CARTESIAN_POINT('',(110.6787109375,5.2109375));
#1541 = CARTESIAN_POINT('',(110.64600930127,5.16562800403));
#1542 = CARTESIAN_POINT('',(110.60470940621,5.12524906977));
#1543 = CARTESIAN_POINT('',(110.55496049112,5.089914626193));
#1544 = CARTESIAN_POINT('',(110.49711271912,5.05959826522));
#1545 = CARTESIAN_POINT('',(110.431640625,5.0341796875));
#1546 = ( GEOMETRIC_REPRESENTATION_CONTEXT(2) 
PARAMETRIC_REPRESENTATION_CONTEXT() REPRESENTATION_CONTEXT('2D SPACE',''
  ) );
#1547 = PCURVE('',#1548,#1555);
#1548 = SURFACE_OF_LINEAR_EXTRUSION('',#1549,#1553);
#1549 = B_SPLINE_CURVE_WITH_KNOTS('',2,(#1550,#1551,#1552),
  .UNSPECIFIED.,.F.,.F.,(3,3),(0.,1.),.PIECEWISE_BEZIER_KNOTS.);
#1550 = CARTESIAN_POINT('',(5.431640625,-99.9658203125,4.4));
#1551 = CARTESIAN_POINT('',(5.59765625,-99.9013671875,4.4));
#1552 = CARTESIAN_POINT('',(5.6787109375,-99.7890625,4.4));
#1553 = VECTOR('',#1554,1.);
#1554 = DIRECTION('',(-0.,-0.,-1.));
#1555 = DEFINITIONAL_REPRESENTATION('',(#1556),#1563);
#1556 = B_SPLINE_CURVE_WITH_KNOTS('',5,(#1557,#1558,#1559,#1560,#1561,
    #1562),.UNSPECIFIED.,.F.,.F.,(6,6),(0.,1.),
  .PIECEWISE_BEZIER_KNOTS.);
#1557 = CARTESIAN_POINT('',(1.,-0.4));
#1558 = CARTESIAN_POINT('',(0.798274244029,-0.4));
#1559 = CARTESIAN_POINT('',(0.596826616466,-0.4));
#1560 = CARTESIAN_POINT('',(0.396283819672,-0.4));
#1561 = CARTESIAN_POINT('',(0.197186542311,-0.4));
#1562 = CARTESIAN_POINT('',(0.,-0.4));
#1563 = ( GEOMETRIC_REPRESENTATION_CONTEXT(2) 
PARAMETRIC_REPRESENTATION_CONTEXT() REPRESENTATION_CONTEXT('2D SPACE',''
  ) );
#1564 = ORIENTED_EDGE('',*,*,#1565,.F.);
#1565 = EDGE_CURVE('',#1566,#1527,#1568,.T.);
#1566 = VERTEX_POINT('',#1567);
#1567 = CARTESIAN_POINT('',(5.759765625,-99.5439453125,4.8));
#1568 = SURFACE_CURVE('',#1569,(#1578,#1590),.PCURVE_S1.);
#1569 = B_SPLINE_CURVE_WITH_KNOTS('',4,(#1570,#1571,#1572,#1573,#1574,
    #1575,#1576,#1577),.UNSPECIFIED.,.F.,.F.,(5,3,5),(0.,0.38977100609,
    1.),.UNSPECIFIED.);
#1570 = CARTESIAN_POINT('',(5.759765625,-99.5439453125,4.8));
#1571 = CARTESIAN_POINT('',(5.759765625,-99.56980947203,4.8));
#1572 = CARTESIAN_POINT('',(5.757716334598,-99.59518933193,4.8));
#1573 = CARTESIAN_POINT('',(5.753605498777,-99.62006488544,4.8));
#1574 = CARTESIAN_POINT('',(5.737780073978,-99.68255013548,4.8));
#1575 = CARTESIAN_POINT('',(5.723079671409,-99.71940454464,4.8));
#1576 = CARTESIAN_POINT('',(5.703352737623,-99.75492024681,4.8));
#1577 = CARTESIAN_POINT('',(5.6787109375,-99.7890625,4.8));
#1578 = PCURVE('',#44,#1579);
#1579 = DEFINITIONAL_REPRESENTATION('',(#1580),#1589);
#1580 = B_SPLINE_CURVE_WITH_KNOTS('',4,(#1581,#1582,#1583,#1584,#1585,
    #1586,#1587,#1588),.UNSPECIFIED.,.F.,.F.,(5,3,5),(0.,0.38977100609,
    1.),.UNSPECIFIED.);
#1581 = CARTESIAN_POINT('',(110.759765625,5.4560546875));
#1582 = CARTESIAN_POINT('',(110.759765625,5.43019052797));
#1583 = CARTESIAN_POINT('',(110.75771633459,5.404810668067));
#1584 = CARTESIAN_POINT('',(110.75360549877,5.379935114552));
#1585 = CARTESIAN_POINT('',(110.73778007397,5.31744986452));
#1586 = CARTESIAN_POINT('',(110.7230796714,5.280595455358));
#1587 = CARTESIAN_POINT('',(110.70335273762,5.245079753182));
#1588 = CARTESIAN_POINT('',(110.6787109375,5.2109375));
#1589 = ( GEOMETRIC_REPRESENTATION_CONTEXT(2) 
PARAMETRIC_REPRESENTATION_CONTEXT() REPRESENTATION_CONTEXT('2D SPACE',''
  ) );
#1590 = PCURVE('',#1591,#1598);
#1591 = SURFACE_OF_LINEAR_EXTRUSION('',#1592,#1596);
#1592 = B_SPLINE_CURVE_WITH_KNOTS('',2,(#1593,#1594,#1595),
  .UNSPECIFIED.,.F.,.F.,(3,3),(0.,1.),.PIECEWISE_BEZIER_KNOTS.);
#1593 = CARTESIAN_POINT('',(5.6787109375,-99.7890625,4.4));
#1594 = CARTESIAN_POINT('',(5.759765625,-99.6767578125,4.4));
#1595 = CARTESIAN_POINT('',(5.759765625,-99.5439453125,4.4));
#1596 = VECTOR('',#1597,1.);
#1597 = DIRECTION('',(-0.,-0.,-1.));
#1598 = DEFINITIONAL_REPRESENTATION('',(#1599),#1608);
#1599 = B_SPLINE_CURVE_WITH_KNOTS('',4,(#1600,#1601,#1602,#1603,#1604,
    #1605,#1606,#1607),.UNSPECIFIED.,.F.,.F.,(5,3,5),(0.,0.38977100609,
    1.),.UNSPECIFIED.);
#1600 = CARTESIAN_POINT('',(1.,-0.4));
#1601 = CARTESIAN_POINT('',(0.902629046477,-0.4));
#1602 = CARTESIAN_POINT('',(0.80512935682,-0.4));
#1603 = CARTESIAN_POINT('',(0.707564577503,-0.4));
#1604 = CARTESIAN_POINT('',(0.457252019671,-0.4));
#1605 = CARTESIAN_POINT('',(0.304503640846,-0.4));
#1606 = CARTESIAN_POINT('',(0.152007248951,-0.4));
#1607 = CARTESIAN_POINT('',(0.,-0.4));
#1608 = ( GEOMETRIC_REPRESENTATION_CONTEXT(2) 
PARAMETRIC_REPRESENTATION_CONTEXT() REPRESENTATION_CONTEXT('2D SPACE',''
  ) );
#1609 = ORIENTED_EDGE('',*,*,#1610,.F.);
#1610 = EDGE_CURVE('',#1611,#1566,#1613,.T.);
#1611 = VERTEX_POINT('',#1612);
#1612 = CARTESIAN_POINT('',(5.681640625,-99.30859375,4.8));
#1613 = SURFACE_CURVE('',#1614,(#1623,#1635),.PCURVE_S1.);
#1614 = B_SPLINE_CURVE_WITH_KNOTS('',4,(#1615,#1616,#1617,#1618,#1619,
    #1620,#1621,#1622),.UNSPECIFIED.,.F.,.F.,(5,3,5),(0.,0.366717430099,
    1.),.UNSPECIFIED.);
#1615 = CARTESIAN_POINT('',(5.681640625,-99.30859375,4.8));
#1616 = CARTESIAN_POINT('',(5.695958998993,-99.32702865651,4.8));
#1617 = CARTESIAN_POINT('',(5.70854543913,-99.34625151829,4.8));
#1618 = CARTESIAN_POINT('',(5.719381588006,-99.36625540241,4.8));
#1619 = CARTESIAN_POINT('',(5.744142365988,-99.42289861578,4.8));
#1620 = CARTESIAN_POINT('',(5.754586379047,-99.46106090154,4.8));
#1621 = CARTESIAN_POINT('',(5.759765625,-99.50144702789,4.8));
#1622 = CARTESIAN_POINT('',(5.759765625,-99.5439453125,4.8));
#1623 = PCURVE('',#44,#1624);
#1624 = DEFINITIONAL_REPRESENTATION('',(#1625),#1634);
#1625 = B_SPLINE_CURVE_WITH_KNOTS('',4,(#1626,#1627,#1628,#1629,#1630,
    #1631,#1632,#1633),.UNSPECIFIED.,.F.,.F.,(5,3,5),(0.,0.366717430099,
    1.),.UNSPECIFIED.);
#1626 = CARTESIAN_POINT('',(110.681640625,5.69140625));
#1627 = CARTESIAN_POINT('',(110.69595899899,5.672971343484));
#1628 = CARTESIAN_POINT('',(110.70854543913,5.653748481709));
#1629 = CARTESIAN_POINT('',(110.719381588,5.633744597587));
#1630 = CARTESIAN_POINT('',(110.74414236598,5.577101384212));
#1631 = CARTESIAN_POINT('',(110.75458637904,5.538939098455));
#1632 = CARTESIAN_POINT('',(110.759765625,5.498552972109));
#1633 = CARTESIAN_POINT('',(110.759765625,5.4560546875));
#1634 = ( GEOMETRIC_REPRESENTATION_CONTEXT(2) 
PARAMETRIC_REPRESENTATION_CONTEXT() REPRESENTATION_CONTEXT('2D SPACE',''
  ) );
#1635 = PCURVE('',#1636,#1643);
#1636 = SURFACE_OF_LINEAR_EXTRUSION('',#1637,#1641);
#1637 = B_SPLINE_CURVE_WITH_KNOTS('',2,(#1638,#1639,#1640),
  .UNSPECIFIED.,.F.,.F.,(3,3),(0.,1.),.PIECEWISE_BEZIER_KNOTS.);
#1638 = CARTESIAN_POINT('',(5.759765625,-99.5439453125,4.4));
#1639 = CARTESIAN_POINT('',(5.759765625,-99.4091796875,4.4));
#1640 = CARTESIAN_POINT('',(5.681640625,-99.30859375,4.4));
#1641 = VECTOR('',#1642,1.);
#1642 = DIRECTION('',(-0.,-0.,-1.));
#1643 = DEFINITIONAL_REPRESENTATION('',(#1644),#1653);
#1644 = B_SPLINE_CURVE_WITH_KNOTS('',4,(#1645,#1646,#1647,#1648,#1649,
    #1650,#1651,#1652),.UNSPECIFIED.,.F.,.F.,(5,3,5),(0.,0.366717430099,
    1.),.UNSPECIFIED.);
#1645 = CARTESIAN_POINT('',(1.,-0.4));
#1646 = CARTESIAN_POINT('',(0.908362406442,-0.4));
#1647 = CARTESIAN_POINT('',(0.816612639637,-0.4));
#1648 = CARTESIAN_POINT('',(0.724806219209,-0.4));
#1649 = CARTESIAN_POINT('',(0.474460280691,-0.4));
#1650 = CARTESIAN_POINT('',(0.315920068858,-0.4));
#1651 = CARTESIAN_POINT('',(0.157674795071,-0.4));
#1652 = CARTESIAN_POINT('',(0.,-0.4));
#1653 = ( GEOMETRIC_REPRESENTATION_CONTEXT(2) 
PARAMETRIC_REPRESENTATION_CONTEXT() REPRESENTATION_CONTEXT('2D SPACE',''
  ) );
#1654 = ORIENTED_EDGE('',*,*,#1655,.F.);
#1655 = EDGE_CURVE('',#1656,#1611,#1658,.T.);
#1656 = VERTEX_POINT('',#1657);
#1657 = CARTESIAN_POINT('',(5.423828125,-99.1396484375,4.8));
#1658 = SURFACE_CURVE('',#1659,(#1666,#1676),.PCURVE_S1.);
#1659 = B_SPLINE_CURVE_WITH_KNOTS('',5,(#1660,#1661,#1662,#1663,#1664,
    #1665),.UNSPECIFIED.,.F.,.F.,(6,6),(0.,1.),
  .PIECEWISE_BEZIER_KNOTS.);
#1660 = CARTESIAN_POINT('',(5.423828125,-99.1396484375,4.8));
#1661 = CARTESIAN_POINT('',(5.494145393089,-99.16639957209,4.8));
#1662 = CARTESIAN_POINT('',(5.555707569624,-99.19660267589,4.8));
#1663 = CARTESIAN_POINT('',(5.607819994825,-99.23036547485,4.8));
#1664 = CARTESIAN_POINT('',(5.649899088829,-99.26772652217,4.8));
#1665 = CARTESIAN_POINT('',(5.681640625,-99.30859375,4.8));
#1666 = PCURVE('',#44,#1667);
#1667 = DEFINITIONAL_REPRESENTATION('',(#1668),#1675);
#1668 = B_SPLINE_CURVE_WITH_KNOTS('',5,(#1669,#1670,#1671,#1672,#1673,
    #1674),.UNSPECIFIED.,.F.,.F.,(6,6),(0.,1.),
  .PIECEWISE_BEZIER_KNOTS.);
#1669 = CARTESIAN_POINT('',(110.423828125,5.8603515625));
#1670 = CARTESIAN_POINT('',(110.49414539308,5.833600427901));
#1671 = CARTESIAN_POINT('',(110.55570756962,5.803397324105));
#1672 = CARTESIAN_POINT('',(110.60781999482,5.769634525146));
#1673 = CARTESIAN_POINT('',(110.64989908882,5.732273477821));
#1674 = CARTESIAN_POINT('',(110.681640625,5.69140625));
#1675 = ( GEOMETRIC_REPRESENTATION_CONTEXT(2) 
PARAMETRIC_REPRESENTATION_CONTEXT() REPRESENTATION_CONTEXT('2D SPACE',''
  ) );
#1676 = PCURVE('',#1677,#1684);
#1677 = SURFACE_OF_LINEAR_EXTRUSION('',#1678,#1682);
#1678 = B_SPLINE_CURVE_WITH_KNOTS('',2,(#1679,#1680,#1681),
  .UNSPECIFIED.,.F.,.F.,(3,3),(0.,1.),.PIECEWISE_BEZIER_KNOTS.);
#1679 = CARTESIAN_POINT('',(5.681640625,-99.30859375,4.4));
#1680 = CARTESIAN_POINT('',(5.603515625,-99.2080078125,4.4));
#1681 = CARTESIAN_POINT('',(5.423828125,-99.1396484375,4.4));
#1682 = VECTOR('',#1683,1.);
#1683 = DIRECTION('',(-0.,-0.,-1.));
#1684 = DEFINITIONAL_REPRESENTATION('',(#1685),#1692);
#1685 = B_SPLINE_CURVE_WITH_KNOTS('',5,(#1686,#1687,#1688,#1689,#1690,
    #1691),.UNSPECIFIED.,.F.,.F.,(6,6),(0.,1.),
  .PIECEWISE_BEZIER_KNOTS.);
#1686 = CARTESIAN_POINT('',(1.,-0.4));
#1687 = CARTESIAN_POINT('',(0.804334558362,-0.4));
#1688 = CARTESIAN_POINT('',(0.605981547153,-0.4));
#1689 = CARTESIAN_POINT('',(0.405390395629,-0.4));
#1690 = CARTESIAN_POINT('',(0.203145831497,-0.4));
#1691 = CARTESIAN_POINT('',(0.,-0.4));
#1692 = ( GEOMETRIC_REPRESENTATION_CONTEXT(2) 
PARAMETRIC_REPRESENTATION_CONTEXT() REPRESENTATION_CONTEXT('2D SPACE',''
  ) );
#1693 = ORIENTED_EDGE('',*,*,#1694,.F.);
#1694 = EDGE_CURVE('',#1695,#1656,#1697,.T.);
#1695 = VERTEX_POINT('',#1696);
#1696 = CARTESIAN_POINT('',(4.9140625,-99.,4.8));
#1697 = SURFACE_CURVE('',#1698,(#1707,#1719),.PCURVE_S1.);
#1698 = B_SPLINE_CURVE_WITH_KNOTS('',7,(#1699,#1700,#1701,#1702,#1703,
    #1704,#1705,#1706),.UNSPECIFIED.,.F.,.F.,(8,8),(0.,1.),
  .PIECEWISE_BEZIER_KNOTS.);
#1699 = CARTESIAN_POINT('',(4.9140625,-99.,4.8));
#1700 = CARTESIAN_POINT('',(5.013873610256,-99.02396454875,4.8));
#1701 = CARTESIAN_POINT('',(5.107310552304,-99.04704286711,4.8));
#1702 = CARTESIAN_POINT('',(5.193251042187,-99.06905952295,4.8));
#1703 = CARTESIAN_POINT('',(5.270009079484,-99.08972567269,4.8));
#1704 = CARTESIAN_POINT('',(5.335491954344,-99.10866370236,4.8));
#1705 = CARTESIAN_POINT('',(5.387359409696,-99.12543181967,4.8));
#1706 = CARTESIAN_POINT('',(5.423828125,-99.1396484375,4.8));
#1707 = PCURVE('',#44,#1708);
#1708 = DEFINITIONAL_REPRESENTATION('',(#1709),#1718);
#1709 = B_SPLINE_CURVE_WITH_KNOTS('',7,(#1710,#1711,#1712,#1713,#1714,
    #1715,#1716,#1717),.UNSPECIFIED.,.F.,.F.,(8,8),(0.,1.),
  .PIECEWISE_BEZIER_KNOTS.);
#1710 = CARTESIAN_POINT('',(109.9140625,6.));
#1711 = CARTESIAN_POINT('',(110.01387361025,5.97603545125));
#1712 = CARTESIAN_POINT('',(110.1073105523,5.952957132883));
#1713 = CARTESIAN_POINT('',(110.19325104218,5.930940477043));
#1714 = CARTESIAN_POINT('',(110.27000907948,5.910274327309));
#1715 = CARTESIAN_POINT('',(110.33549195434,5.89133629764));
#1716 = CARTESIAN_POINT('',(110.38735940969,5.87456818033));
#1717 = CARTESIAN_POINT('',(110.423828125,5.8603515625));
#1718 = ( GEOMETRIC_REPRESENTATION_CONTEXT(2) 
PARAMETRIC_REPRESENTATION_CONTEXT() REPRESENTATION_CONTEXT('2D SPACE',''
  ) );
#1719 = PCURVE('',#1720,#1727);
#1720 = SURFACE_OF_LINEAR_EXTRUSION('',#1721,#1725);
#1721 = B_SPLINE_CURVE_WITH_KNOTS('',2,(#1722,#1723,#1724),
  .UNSPECIFIED.,.F.,.F.,(3,3),(0.,1.),.PIECEWISE_BEZIER_KNOTS.);
#1722 = CARTESIAN_POINT('',(5.423828125,-99.1396484375,4.4));
#1723 = CARTESIAN_POINT('',(5.30859375,-99.0947265625,4.4));
#1724 = CARTESIAN_POINT('',(4.9140625,-99.,4.4));
#1725 = VECTOR('',#1726,1.);
#1726 = DIRECTION('',(-0.,-0.,-1.));
#1727 = DEFINITIONAL_REPRESENTATION('',(#1728),#1737);
#1728 = B_SPLINE_CURVE_WITH_KNOTS('',7,(#1729,#1730,#1731,#1732,#1733,
    #1734,#1735,#1736),.UNSPECIFIED.,.F.,.F.,(8,8),(0.,1.),
  .PIECEWISE_BEZIER_KNOTS.);
#1729 = CARTESIAN_POINT('',(1.,-0.4));
#1730 = CARTESIAN_POINT('',(0.873506711755,-0.4));
#1731 = CARTESIAN_POINT('',(0.741876159159,-0.4));
#1732 = CARTESIAN_POINT('',(0.604601729881,-0.4));
#1733 = CARTESIAN_POINT('',(0.461441213217,-0.4));
#1734 = CARTESIAN_POINT('',(0.312485660952,-0.4));
#1735 = CARTESIAN_POINT('',(0.158237137588,-0.4));
#1736 = CARTESIAN_POINT('',(0.,-0.4));
#1737 = ( GEOMETRIC_REPRESENTATION_CONTEXT(2) 
PARAMETRIC_REPRESENTATION_CONTEXT() REPRESENTATION_CONTEXT('2D SPACE',''
  ) );
#1738 = ORIENTED_EDGE('',*,*,#1739,.F.);
#1739 = EDGE_CURVE('',#1740,#1695,#1742,.T.);
#1740 = VERTEX_POINT('',#1741);
#1741 = CARTESIAN_POINT('',(4.361328125,-98.8212890625,4.8));
#1742 = SURFACE_CURVE('',#1743,(#1752,#1764),.PCURVE_S1.);
#1743 = B_SPLINE_CURVE_WITH_KNOTS('',7,(#1744,#1745,#1746,#1747,#1748,
    #1749,#1750,#1751),.UNSPECIFIED.,.F.,.F.,(8,8),(0.,1.),
  .PIECEWISE_BEZIER_KNOTS.);
#1744 = CARTESIAN_POINT('',(4.361328125,-98.8212890625,4.8));
#1745 = CARTESIAN_POINT('',(4.410815361991,-98.84756006485,4.8));
#1746 = CARTESIAN_POINT('',(4.472536270319,-98.87377761943,4.8));
#1747 = CARTESIAN_POINT('',(4.545052237109,-98.89977646912,4.8));
#1748 = CARTESIAN_POINT('',(4.626764966586,-98.92544557658,4.8));
#1749 = CARTESIAN_POINT('',(4.71623955025,-98.95071740383,4.8));
#1750 = CARTESIAN_POINT('',(4.812292053055,-98.97556501645,4.8));
#1751 = CARTESIAN_POINT('',(4.9140625,-99.,4.8));
#1752 = PCURVE('',#44,#1753);
#1753 = DEFINITIONAL_REPRESENTATION('',(#1754),#1763);
#1754 = B_SPLINE_CURVE_WITH_KNOTS('',7,(#1755,#1756,#1757,#1758,#1759,
    #1760,#1761,#1762),.UNSPECIFIED.,.F.,.F.,(8,8),(0.,1.),
  .PIECEWISE_BEZIER_KNOTS.);
#1755 = CARTESIAN_POINT('',(109.361328125,6.1787109375));
#1756 = CARTESIAN_POINT('',(109.41081536199,6.152439935147));
#1757 = CARTESIAN_POINT('',(109.47253627031,6.126222380566));
#1758 = CARTESIAN_POINT('',(109.5450522371,6.100223530879));
#1759 = CARTESIAN_POINT('',(109.62676496658,6.074554423419));
#1760 = CARTESIAN_POINT('',(109.71623955025,6.049282596165));
#1761 = CARTESIAN_POINT('',(109.81229205305,6.024434983549));
#1762 = CARTESIAN_POINT('',(109.9140625,6.));
#1763 = ( GEOMETRIC_REPRESENTATION_CONTEXT(2) 
PARAMETRIC_REPRESENTATION_CONTEXT() REPRESENTATION_CONTEXT('2D SPACE',''
  ) );
#1764 = PCURVE('',#1765,#1772);
#1765 = SURFACE_OF_LINEAR_EXTRUSION('',#1766,#1770);
#1766 = B_SPLINE_CURVE_WITH_KNOTS('',2,(#1767,#1768,#1769),
  .UNSPECIFIED.,.F.,.F.,(3,3),(0.,1.),.PIECEWISE_BEZIER_KNOTS.);
#1767 = CARTESIAN_POINT('',(4.9140625,-99.,4.4));
#1768 = CARTESIAN_POINT('',(4.51953125,-98.9052734375,4.4));
#1769 = CARTESIAN_POINT('',(4.361328125,-98.8212890625,4.4));
#1770 = VECTOR('',#1771,1.);
#1771 = DIRECTION('',(-0.,-0.,-1.));
#1772 = DEFINITIONAL_REPRESENTATION('',(#1773),#1782);
#1773 = B_SPLINE_CURVE_WITH_KNOTS('',7,(#1774,#1775,#1776,#1777,#1778,
    #1779,#1780,#1781),.UNSPECIFIED.,.F.,.F.,(8,8),(0.,1.),
  .PIECEWISE_BEZIER_KNOTS.);
#1774 = CARTESIAN_POINT('',(1.,-0.4));
#1775 = CARTESIAN_POINT('',(0.843595892968,-0.4));
#1776 = CARTESIAN_POINT('',(0.691160384453,-0.4));
#1777 = CARTESIAN_POINT('',(0.543343697813,-0.4));
#1778 = CARTESIAN_POINT('',(0.400395773578,-0.4));
#1779 = CARTESIAN_POINT('',(0.262331683776,-0.4));
#1780 = CARTESIAN_POINT('',(0.128976408009,-0.4));
#1781 = CARTESIAN_POINT('',(0.,-0.4));
#1782 = ( GEOMETRIC_REPRESENTATION_CONTEXT(2) 
PARAMETRIC_REPRESENTATION_CONTEXT() REPRESENTATION_CONTEXT('2D SPACE',''
  ) );
#1783 = ORIENTED_EDGE('',*,*,#1784,.F.);
#1784 = EDGE_CURVE('',#1785,#1740,#1787,.T.);
#1785 = VERTEX_POINT('',#1786);
#1786 = CARTESIAN_POINT('',(4.0556640625,-98.5546875,4.8));
#1787 = SURFACE_CURVE('',#1788,(#1795,#1805),.PCURVE_S1.);
#1788 = B_SPLINE_CURVE_WITH_KNOTS('',5,(#1789,#1790,#1791,#1792,#1793,
    #1794),.UNSPECIFIED.,.F.,.F.,(6,6),(0.,1.),
  .PIECEWISE_BEZIER_KNOTS.);
#1789 = CARTESIAN_POINT('',(4.0556640625,-98.5546875,4.8));
#1790 = CARTESIAN_POINT('',(4.096372956888,-98.61911031344,4.8));
#1791 = CARTESIAN_POINT('',(4.147699707257,-98.67810896907,4.8));
#1792 = CARTESIAN_POINT('',(4.209387430197,-98.73145074923,4.8));
#1793 = CARTESIAN_POINT('',(4.280847980085,-98.77913279611,4.8));
#1794 = CARTESIAN_POINT('',(4.361328125,-98.8212890625,4.8));
#1795 = PCURVE('',#44,#1796);
#1796 = DEFINITIONAL_REPRESENTATION('',(#1797),#1804);
#1797 = B_SPLINE_CURVE_WITH_KNOTS('',5,(#1798,#1799,#1800,#1801,#1802,
    #1803),.UNSPECIFIED.,.F.,.F.,(6,6),(0.,1.),
  .PIECEWISE_BEZIER_KNOTS.);
#1798 = CARTESIAN_POINT('',(109.0556640625,6.4453125));
#1799 = CARTESIAN_POINT('',(109.09637295688,6.380889686552));
#1800 = CARTESIAN_POINT('',(109.14769970725,6.321891030925));
#1801 = CARTESIAN_POINT('',(109.20938743019,6.268549250762));
#1802 = CARTESIAN_POINT('',(109.28084798008,6.220867203884));
#1803 = CARTESIAN_POINT('',(109.361328125,6.1787109375));
#1804 = ( GEOMETRIC_REPRESENTATION_CONTEXT(2) 
PARAMETRIC_REPRESENTATION_CONTEXT() REPRESENTATION_CONTEXT('2D SPACE',''
  ) );
#1805 = PCURVE('',#1806,#1813);
#1806 = SURFACE_OF_LINEAR_EXTRUSION('',#1807,#1811);
#1807 = B_SPLINE_CURVE_WITH_KNOTS('',2,(#1808,#1809,#1810),
  .UNSPECIFIED.,.F.,.F.,(3,3),(0.,1.),.PIECEWISE_BEZIER_KNOTS.);
#1808 = CARTESIAN_POINT('',(4.361328125,-98.8212890625,4.4));
#1809 = CARTESIAN_POINT('',(4.15625,-98.7138671875,4.4));
#1810 = CARTESIAN_POINT('',(4.0556640625,-98.5546875,4.4));
#1811 = VECTOR('',#1812,1.);
#1812 = DIRECTION('',(-0.,-0.,-1.));
#1813 = DEFINITIONAL_REPRESENTATION('',(#1814),#1821);
#1814 = B_SPLINE_CURVE_WITH_KNOTS('',5,(#1815,#1816,#1817,#1818,#1819,
    #1820),.UNSPECIFIED.,.F.,.F.,(6,6),(0.,1.),
  .PIECEWISE_BEZIER_KNOTS.);
#1815 = CARTESIAN_POINT('',(1.,-0.4));
#1816 = CARTESIAN_POINT('',(0.797641224015,-0.4));
#1817 = CARTESIAN_POINT('',(0.595676811444,-0.4));
#1818 = CARTESIAN_POINT('',(0.394967897289,-0.4));
#1819 = CARTESIAN_POINT('',(0.196218258078,-0.4));
#1820 = CARTESIAN_POINT('',(0.,-0.4));
#1821 = ( GEOMETRIC_REPRESENTATION_CONTEXT(2) 
PARAMETRIC_REPRESENTATION_CONTEXT() REPRESENTATION_CONTEXT('2D SPACE',''
  ) );
#1822 = ORIENTED_EDGE('',*,*,#1823,.F.);
#1823 = EDGE_CURVE('',#1824,#1785,#1826,.T.);
#1824 = VERTEX_POINT('',#1825);
#1825 = CARTESIAN_POINT('',(3.955078125,-98.1982421875,4.8));
#1826 = SURFACE_CURVE('',#1827,(#1838,#1852),.PCURVE_S1.);
#1827 = B_SPLINE_CURVE_WITH_KNOTS('',5,(#1828,#1829,#1830,#1831,#1832,
    #1833,#1834,#1835,#1836,#1837),.UNSPECIFIED.,.F.,.F.,(6,4,6),(0.,
    0.648462085355,1.),.UNSPECIFIED.);
#1828 = CARTESIAN_POINT('',(3.955078125,-98.1982421875,4.8));
#1829 = CARTESIAN_POINT('',(3.955078125,-98.2490847976,4.8));
#1830 = CARTESIAN_POINT('',(3.959254212631,-98.29855973845,4.8));
#1831 = CARTESIAN_POINT('',(3.967676587988,-98.34657311795,4.8));
#1832 = CARTESIAN_POINT('',(3.980371670627,-98.39304378924,4.8));
#1833 = CARTESIAN_POINT('',(4.006499477103,-98.46222626231,4.8));
#1834 = CARTESIAN_POINT('',(4.016932827546,-98.48607398936,4.8));
#1835 = CARTESIAN_POINT('',(4.028610711876,-98.50943886875,4.8));
#1836 = CARTESIAN_POINT('',(4.041525145762,-98.53231232108,4.8));
#1837 = CARTESIAN_POINT('',(4.0556640625,-98.5546875,4.8));
#1838 = PCURVE('',#44,#1839);
#1839 = DEFINITIONAL_REPRESENTATION('',(#1840),#1851);
#1840 = B_SPLINE_CURVE_WITH_KNOTS('',5,(#1841,#1842,#1843,#1844,#1845,
    #1846,#1847,#1848,#1849,#1850),.UNSPECIFIED.,.F.,.F.,(6,4,6),(0.,
    0.648462085355,1.),.UNSPECIFIED.);
#1841 = CARTESIAN_POINT('',(108.955078125,6.8017578125));
#1842 = CARTESIAN_POINT('',(108.955078125,6.750915202395));
#1843 = CARTESIAN_POINT('',(108.95925421263,6.701440261548));
#1844 = CARTESIAN_POINT('',(108.96767658798,6.653426882049));
#1845 = CARTESIAN_POINT('',(108.98037167062,6.606956210759));
#1846 = CARTESIAN_POINT('',(109.0064994771,6.537773737686));
#1847 = CARTESIAN_POINT('',(109.01693282754,6.513926010632));
#1848 = CARTESIAN_POINT('',(109.02861071187,6.490561131247));
#1849 = CARTESIAN_POINT('',(109.04152514576,6.467687678915));
#1850 = CARTESIAN_POINT('',(109.0556640625,6.4453125));
#1851 = ( GEOMETRIC_REPRESENTATION_CONTEXT(2) 
PARAMETRIC_REPRESENTATION_CONTEXT() REPRESENTATION_CONTEXT('2D SPACE',''
  ) );
#1852 = PCURVE('',#1853,#1860);
#1853 = SURFACE_OF_LINEAR_EXTRUSION('',#1854,#1858);
#1854 = B_SPLINE_CURVE_WITH_KNOTS('',2,(#1855,#1856,#1857),
  .UNSPECIFIED.,.F.,.F.,(3,3),(0.,1.),.PIECEWISE_BEZIER_KNOTS.);
#1855 = CARTESIAN_POINT('',(4.0556640625,-98.5546875,4.4));
#1856 = CARTESIAN_POINT('',(3.955078125,-98.3955078125,4.4));
#1857 = CARTESIAN_POINT('',(3.955078125,-98.1982421875,4.4));
#1858 = VECTOR('',#1859,1.);
#1859 = DIRECTION('',(-0.,-0.,-1.));
#1860 = DEFINITIONAL_REPRESENTATION('',(#1861),#1872);
#1861 = B_SPLINE_CURVE_WITH_KNOTS('',5,(#1862,#1863,#1864,#1865,#1866,
    #1867,#1868,#1869,#1870,#1871),.UNSPECIFIED.,.F.,.F.,(6,4,6),(0.,
    0.648462085355,1.),.UNSPECIFIED.);
#1862 = CARTESIAN_POINT('',(1.,-0.4));
#1863 = CARTESIAN_POINT('',(0.871131602109,-0.4));
#1864 = CARTESIAN_POINT('',(0.74172188384,-0.4));
#1865 = CARTESIAN_POINT('',(0.611941456445,-0.4));
#1866 = CARTESIAN_POINT('',(0.481970643637,-0.4));
#1867 = CARTESIAN_POINT('',(0.28154158761,-0.4));
#1868 = CARTESIAN_POINT('',(0.211082735568,-0.4));
#1869 = CARTESIAN_POINT('',(0.140653327053,-0.4));
#1870 = CARTESIAN_POINT('',(7.028277057994E-02,-0.4));
#1871 = CARTESIAN_POINT('',(0.,-0.4));
#1872 = ( GEOMETRIC_REPRESENTATION_CONTEXT(2) 
PARAMETRIC_REPRESENTATION_CONTEXT() REPRESENTATION_CONTEXT('2D SPACE',''
  ) );
#1873 = ORIENTED_EDGE('',*,*,#1874,.F.);
#1874 = EDGE_CURVE('',#1875,#1824,#1877,.T.);
#1875 = VERTEX_POINT('',#1876);
#1876 = CARTESIAN_POINT('',(4.078125,-97.79296875,4.8));
#1877 = SURFACE_CURVE('',#1878,(#1889,#1903),.PCURVE_S1.);
#1878 = B_SPLINE_CURVE_WITH_KNOTS('',5,(#1879,#1880,#1881,#1882,#1883,
    #1884,#1885,#1886,#1887,#1888),.UNSPECIFIED.,.F.,.F.,(6,4,6),(0.,
    0.615486366051,1.),.UNSPECIFIED.);
#1879 = CARTESIAN_POINT('',(4.078125,-97.79296875,4.8));
#1880 = CARTESIAN_POINT('',(4.048058698958,-97.83902268731,4.8));
#1881 = CARTESIAN_POINT('',(4.02243384306,-97.88636350794,4.8));
#1882 = CARTESIAN_POINT('',(4.001389204681,-97.93494039345,4.8));
#1883 = CARTESIAN_POINT('',(3.985010085469,-97.98468458696,4.8));
#1884 = CARTESIAN_POINT('',(3.966011553467,-98.06725633495,4.8));
#1885 = CARTESIAN_POINT('',(3.960535119043,-98.09942726367,4.8));
#1886 = CARTESIAN_POINT('',(3.956892267115,-98.13199762373,4.8));
#1887 = CARTESIAN_POINT('',(3.955078125,-98.16494421814,4.8));
#1888 = CARTESIAN_POINT('',(3.955078125,-98.1982421875,4.8));
#1889 = PCURVE('',#44,#1890);
#1890 = DEFINITIONAL_REPRESENTATION('',(#1891),#1902);
#1891 = B_SPLINE_CURVE_WITH_KNOTS('',5,(#1892,#1893,#1894,#1895,#1896,
    #1897,#1898,#1899,#1900,#1901),.UNSPECIFIED.,.F.,.F.,(6,4,6),(0.,
    0.615486366051,1.),.UNSPECIFIED.);
#1892 = CARTESIAN_POINT('',(109.078125,7.20703125));
#1893 = CARTESIAN_POINT('',(109.04805869895,7.160977312689));
#1894 = CARTESIAN_POINT('',(109.02243384306,7.11363649206));
#1895 = CARTESIAN_POINT('',(109.00138920468,7.065059606543));
#1896 = CARTESIAN_POINT('',(108.98501008546,7.015315413035));
#1897 = CARTESIAN_POINT('',(108.96601155346,6.93274366505));
#1898 = CARTESIAN_POINT('',(108.96053511904,6.900572736324));
#1899 = CARTESIAN_POINT('',(108.95689226711,6.868002376269));
#1900 = CARTESIAN_POINT('',(108.955078125,6.835055781854));
#1901 = CARTESIAN_POINT('',(108.955078125,6.8017578125));
#1902 = ( GEOMETRIC_REPRESENTATION_CONTEXT(2) 
PARAMETRIC_REPRESENTATION_CONTEXT() REPRESENTATION_CONTEXT('2D SPACE',''
  ) );
#1903 = PCURVE('',#1904,#1911);
#1904 = SURFACE_OF_LINEAR_EXTRUSION('',#1905,#1909);
#1905 = B_SPLINE_CURVE_WITH_KNOTS('',2,(#1906,#1907,#1908),
  .UNSPECIFIED.,.F.,.F.,(3,3),(0.,1.),.PIECEWISE_BEZIER_KNOTS.);
#1906 = CARTESIAN_POINT('',(3.955078125,-98.1982421875,4.4));
#1907 = CARTESIAN_POINT('',(3.955078125,-97.9814453125,4.4));
#1908 = CARTESIAN_POINT('',(4.078125,-97.79296875,4.4));
#1909 = VECTOR('',#1910,1.);
#1910 = DIRECTION('',(-0.,-0.,-1.));
#1911 = DEFINITIONAL_REPRESENTATION('',(#1912),#1923);
#1912 = B_SPLINE_CURVE_WITH_KNOTS('',5,(#1913,#1914,#1915,#1916,#1917,
    #1918,#1919,#1920,#1921,#1922),.UNSPECIFIED.,.F.,.F.,(6,4,6),(0.,
    0.615486366051,1.),.UNSPECIFIED.);
#1913 = CARTESIAN_POINT('',(1.,-0.4));
#1914 = CARTESIAN_POINT('',(0.877825824336,-0.4));
#1915 = CARTESIAN_POINT('',(0.755041294064,-0.4));
#1916 = CARTESIAN_POINT('',(0.631837274718,-0.4));
#1917 = CARTESIAN_POINT('',(0.508417620292,-0.4));
#1918 = CARTESIAN_POINT('',(0.307897142343,-0.4));
#1919 = CARTESIAN_POINT('',(0.23079414462,-0.4));
#1920 = CARTESIAN_POINT('',(0.153743231803,-0.4));
#1921 = CARTESIAN_POINT('',(7.679531670917E-02,-0.4));
#1922 = CARTESIAN_POINT('',(0.,-0.4));
#1923 = ( GEOMETRIC_REPRESENTATION_CONTEXT(2) 
PARAMETRIC_REPRESENTATION_CONTEXT() REPRESENTATION_CONTEXT('2D SPACE',''
  ) );
#1924 = ORIENTED_EDGE('',*,*,#1925,.F.);
#1925 = EDGE_CURVE('',#1926,#1875,#1928,.T.);
#1926 = VERTEX_POINT('',#1927);
#1927 = CARTESIAN_POINT('',(4.4375,-97.5068359375,4.8));
#1928 = SURFACE_CURVE('',#1929,(#1940,#1954),.PCURVE_S1.);
#1929 = B_SPLINE_CURVE_WITH_KNOTS('',5,(#1930,#1931,#1932,#1933,#1934,
    #1935,#1936,#1937,#1938,#1939),.UNSPECIFIED.,.F.,.F.,(6,4,6),(0.,
    0.850030833186,1.),.UNSPECIFIED.);
#1930 = CARTESIAN_POINT('',(4.4375,-97.5068359375,4.8));
#1931 = CARTESIAN_POINT('',(4.358546959122,-97.539461161,4.8));
#1932 = CARTESIAN_POINT('',(4.286552605912,-97.57881156993,4.8));
#1933 = CARTESIAN_POINT('',(4.222161974416,-97.62507956942,4.8));
#1934 = CARTESIAN_POINT('',(4.165861905212,-97.67827381662,4.8));
#1935 = CARTESIAN_POINT('',(4.109400631918,-97.74867809269,4.8));
#1936 = CARTESIAN_POINT('',(4.101191606029,-97.75944376011,4.8));
#1937 = CARTESIAN_POINT('',(4.093242137248,-97.77041521151,4.8));
#1938 = CARTESIAN_POINT('',(4.085553077949,-97.78159082107,4.8));
#1939 = CARTESIAN_POINT('',(4.078125,-97.79296875,4.8));
#1940 = PCURVE('',#44,#1941);
#1941 = DEFINITIONAL_REPRESENTATION('',(#1942),#1953);
#1942 = B_SPLINE_CURVE_WITH_KNOTS('',5,(#1943,#1944,#1945,#1946,#1947,
    #1948,#1949,#1950,#1951,#1952),.UNSPECIFIED.,.F.,.F.,(6,4,6),(0.,
    0.850030833186,1.),.UNSPECIFIED.);
#1943 = CARTESIAN_POINT('',(109.4375,7.4931640625));
#1944 = CARTESIAN_POINT('',(109.35854695912,7.460538838997));
#1945 = CARTESIAN_POINT('',(109.28655260591,7.421188430061));
#1946 = CARTESIAN_POINT('',(109.22216197441,7.374920430578));
#1947 = CARTESIAN_POINT('',(109.16586190521,7.32172618338));
#1948 = CARTESIAN_POINT('',(109.10940063191,7.251321907307));
#1949 = CARTESIAN_POINT('',(109.10119160602,7.240556239885));
#1950 = CARTESIAN_POINT('',(109.09324213724,7.229584788485));
#1951 = CARTESIAN_POINT('',(109.08555307794,7.218409178922));
#1952 = CARTESIAN_POINT('',(109.078125,7.20703125));
#1953 = ( GEOMETRIC_REPRESENTATION_CONTEXT(2) 
PARAMETRIC_REPRESENTATION_CONTEXT() REPRESENTATION_CONTEXT('2D SPACE',''
  ) );
#1954 = PCURVE('',#1955,#1962);
#1955 = SURFACE_OF_LINEAR_EXTRUSION('',#1956,#1960);
#1956 = B_SPLINE_CURVE_WITH_KNOTS('',2,(#1957,#1958,#1959),
  .UNSPECIFIED.,.F.,.F.,(3,3),(0.,1.),.PIECEWISE_BEZIER_KNOTS.);
#1957 = CARTESIAN_POINT('',(4.078125,-97.79296875,4.4));
#1958 = CARTESIAN_POINT('',(4.201171875,-97.6044921875,4.4));
#1959 = CARTESIAN_POINT('',(4.4375,-97.5068359375,4.4));
#1960 = VECTOR('',#1961,1.);
#1961 = DIRECTION('',(-0.,-0.,-1.));
#1962 = DEFINITIONAL_REPRESENTATION('',(#1963),#1974);
#1963 = B_SPLINE_CURVE_WITH_KNOTS('',5,(#1964,#1965,#1966,#1967,#1968,
    #1969,#1970,#1971,#1972,#1973),.UNSPECIFIED.,.F.,.F.,(6,4,6),(0.,
    0.850030833186,1.),.UNSPECIFIED.);
#1964 = CARTESIAN_POINT('',(1.,-0.4));
#1965 = CARTESIAN_POINT('',(0.832958855663,-0.4));
#1966 = CARTESIAN_POINT('',(0.663921659569,-0.4));
#1967 = CARTESIAN_POINT('',(0.493453902149,-0.4));
#1968 = CARTESIAN_POINT('',(0.322220194742,-0.4));
#1969 = CARTESIAN_POINT('',(0.120791978191,-0.4));
#1970 = CARTESIAN_POINT('',(9.058393572826E-02,-0.4));
#1971 = CARTESIAN_POINT('',(6.03799145286E-02,-0.4));
#1972 = CARTESIAN_POINT('',(3.018393579176E-02,-0.4));
#1973 = CARTESIAN_POINT('',(0.,-0.4));
#1974 = ( GEOMETRIC_REPRESENTATION_CONTEXT(2) 
PARAMETRIC_REPRESENTATION_CONTEXT() REPRESENTATION_CONTEXT('2D SPACE',''
  ) );
#1975 = ORIENTED_EDGE('',*,*,#1976,.F.);
#1976 = EDGE_CURVE('',#1977,#1926,#1979,.T.);
#1977 = VERTEX_POINT('',#1978);
#1978 = CARTESIAN_POINT('',(4.962890625,-97.4091796875,4.8));
#1979 = SURFACE_CURVE('',#1980,(#1987,#1997),.PCURVE_S1.);
#1980 = B_SPLINE_CURVE_WITH_KNOTS('',5,(#1981,#1982,#1983,#1984,#1985,
    #1986),.UNSPECIFIED.,.F.,.F.,(6,6),(0.,1.),
  .PIECEWISE_BEZIER_KNOTS.);
#1981 = CARTESIAN_POINT('',(4.962890625,-97.4091796875,4.8));
#1982 = CARTESIAN_POINT('',(4.849217786485,-97.4091796875,4.8));
#1983 = CARTESIAN_POINT('',(4.73935895757,-97.41861838051,4.8));
#1984 = CARTESIAN_POINT('',(4.633821075687,-97.43792157795,4.8));
#1985 = CARTESIAN_POINT('',(4.533075220457,-97.46734204474,4.8));
#1986 = CARTESIAN_POINT('',(4.4375,-97.5068359375,4.8));
#1987 = PCURVE('',#44,#1988);
#1988 = DEFINITIONAL_REPRESENTATION('',(#1989),#1996);
#1989 = B_SPLINE_CURVE_WITH_KNOTS('',5,(#1990,#1991,#1992,#1993,#1994,
    #1995),.UNSPECIFIED.,.F.,.F.,(6,6),(0.,1.),
  .PIECEWISE_BEZIER_KNOTS.);
#1990 = CARTESIAN_POINT('',(109.962890625,7.5908203125));
#1991 = CARTESIAN_POINT('',(109.84921778648,7.5908203125));
#1992 = CARTESIAN_POINT('',(109.73935895757,7.581381619481));
#1993 = CARTESIAN_POINT('',(109.63382107568,7.562078422041));
#1994 = CARTESIAN_POINT('',(109.53307522045,7.532657955251));
#1995 = CARTESIAN_POINT('',(109.4375,7.4931640625));
#1996 = ( GEOMETRIC_REPRESENTATION_CONTEXT(2) 
PARAMETRIC_REPRESENTATION_CONTEXT() REPRESENTATION_CONTEXT('2D SPACE',''
  ) );
#1997 = PCURVE('',#1998,#2005);
#1998 = SURFACE_OF_LINEAR_EXTRUSION('',#1999,#2003);
#1999 = B_SPLINE_CURVE_WITH_KNOTS('',2,(#2000,#2001,#2002),
  .UNSPECIFIED.,.F.,.F.,(3,3),(0.,1.),.PIECEWISE_BEZIER_KNOTS.);
#2000 = CARTESIAN_POINT('',(4.4375,-97.5068359375,4.4));
#2001 = CARTESIAN_POINT('',(4.673828125,-97.4091796875,4.4));
#2002 = CARTESIAN_POINT('',(4.962890625,-97.4091796875,4.4));
#2003 = VECTOR('',#2004,1.);
#2004 = DIRECTION('',(-0.,-0.,-1.));
#2005 = DEFINITIONAL_REPRESENTATION('',(#2006),#2013);
#2006 = B_SPLINE_CURVE_WITH_KNOTS('',5,(#2007,#2008,#2009,#2010,#2011,
    #2012),.UNSPECIFIED.,.F.,.F.,(6,6),(0.,1.),
  .PIECEWISE_BEZIER_KNOTS.);
#2007 = CARTESIAN_POINT('',(1.,-0.4));
#2008 = CARTESIAN_POINT('',(0.803376711758,-0.4));
#2009 = CARTESIAN_POINT('',(0.604534379831,-0.4));
#2010 = CARTESIAN_POINT('',(0.4039521381,-0.4));
#2011 = CARTESIAN_POINT('',(0.202208730885,-0.4));
#2012 = CARTESIAN_POINT('',(0.,-0.4));
#2013 = ( GEOMETRIC_REPRESENTATION_CONTEXT(2) 
PARAMETRIC_REPRESENTATION_CONTEXT() REPRESENTATION_CONTEXT('2D SPACE',''
  ) );
#2014 = ORIENTED_EDGE('',*,*,#2015,.F.);
#2015 = EDGE_CURVE('',#2016,#1977,#2018,.T.);
#2016 = VERTEX_POINT('',#2017);
#2017 = CARTESIAN_POINT('',(5.5244140625,-97.51171875,4.8));
#2018 = SURFACE_CURVE('',#2019,(#2026,#2036),.PCURVE_S1.);
#2019 = B_SPLINE_CURVE_WITH_KNOTS('',5,(#2020,#2021,#2022,#2023,#2024,
    #2025),.UNSPECIFIED.,.F.,.F.,(6,6),(0.,1.),
  .PIECEWISE_BEZIER_KNOTS.);
#2020 = CARTESIAN_POINT('',(5.5244140625,-97.51171875,4.8));
#2021 = CARTESIAN_POINT('',(5.42517651653,-97.46987159206,4.8));
#2022 = CARTESIAN_POINT('',(5.318722102187,-97.43895618338,4.8));
#2023 = CARTESIAN_POINT('',(5.205677168303,-97.41889030816,4.8));
#2024 = CARTESIAN_POINT('',(5.086812995174,-97.4091796875,4.8));
#2025 = CARTESIAN_POINT('',(4.962890625,-97.4091796875,4.8));
#2026 = PCURVE('',#44,#2027);
#2027 = DEFINITIONAL_REPRESENTATION('',(#2028),#2035);
#2028 = B_SPLINE_CURVE_WITH_KNOTS('',5,(#2029,#2030,#2031,#2032,#2033,
    #2034),.UNSPECIFIED.,.F.,.F.,(6,6),(0.,1.),
  .PIECEWISE_BEZIER_KNOTS.);
#2029 = CARTESIAN_POINT('',(110.5244140625,7.48828125));
#2030 = CARTESIAN_POINT('',(110.42517651653,7.530128407939));
#2031 = CARTESIAN_POINT('',(110.31872210218,7.561043816611));
#2032 = CARTESIAN_POINT('',(110.2056771683,7.581109691839));
#2033 = CARTESIAN_POINT('',(110.08681299517,7.5908203125));
#2034 = CARTESIAN_POINT('',(109.962890625,7.5908203125));
#2035 = ( GEOMETRIC_REPRESENTATION_CONTEXT(2) 
PARAMETRIC_REPRESENTATION_CONTEXT() REPRESENTATION_CONTEXT('2D SPACE',''
  ) );
#2036 = PCURVE('',#2037,#2044);
#2037 = SURFACE_OF_LINEAR_EXTRUSION('',#2038,#2042);
#2038 = B_SPLINE_CURVE_WITH_KNOTS('',2,(#2039,#2040,#2041),
  .UNSPECIFIED.,.F.,.F.,(3,3),(0.,1.),.PIECEWISE_BEZIER_KNOTS.);
#2039 = CARTESIAN_POINT('',(4.962890625,-97.4091796875,4.4));
#2040 = CARTESIAN_POINT('',(5.28125,-97.4091796875,4.4));
#2041 = CARTESIAN_POINT('',(5.5244140625,-97.51171875,4.4));
#2042 = VECTOR('',#2043,1.);
#2043 = DIRECTION('',(-0.,-0.,-1.));
#2044 = DEFINITIONAL_REPRESENTATION('',(#2045),#2052);
#2045 = B_SPLINE_CURVE_WITH_KNOTS('',5,(#2046,#2047,#2048,#2049,#2050,
    #2051),.UNSPECIFIED.,.F.,.F.,(6,6),(0.,1.),
  .PIECEWISE_BEZIER_KNOTS.);
#2046 = CARTESIAN_POINT('',(1.,-0.4));
#2047 = CARTESIAN_POINT('',(0.795945287001,-0.4));
#2048 = CARTESIAN_POINT('',(0.593146619559,-0.4));
#2049 = CARTESIAN_POINT('',(0.392493020068,-0.4));
#2050 = CARTESIAN_POINT('',(0.194626544568,-0.4));
#2051 = CARTESIAN_POINT('',(0.,-0.4));
#2052 = ( GEOMETRIC_REPRESENTATION_CONTEXT(2) 
PARAMETRIC_REPRESENTATION_CONTEXT() REPRESENTATION_CONTEXT('2D SPACE',''
  ) );
#2053 = ORIENTED_EDGE('',*,*,#2054,.F.);
#2054 = EDGE_CURVE('',#2055,#2016,#2057,.T.);
#2055 = VERTEX_POINT('',#2056);
#2056 = CARTESIAN_POINT('',(5.8984375,-97.8134765625,4.8));
#2057 = SURFACE_CURVE('',#2058,(#2069,#2083),.PCURVE_S1.);
#2058 = B_SPLINE_CURVE_WITH_KNOTS('',5,(#2059,#2060,#2061,#2062,#2063,
    #2064,#2065,#2066,#2067,#2068),.UNSPECIFIED.,.F.,.F.,(6,4,6),(0.,
    0.205871128101,1.),.UNSPECIFIED.);
#2059 = CARTESIAN_POINT('',(5.8984375,-97.8134765625,4.8));
#2060 = CARTESIAN_POINT('',(5.887613496417,-97.79699822868,4.8));
#2061 = CARTESIAN_POINT('',(5.876300941509,-97.78092062477,4.8));
#2062 = CARTESIAN_POINT('',(5.8645010897,-97.76524919702,4.8));
#2063 = CARTESIAN_POINT('',(5.852216207838,-97.74998858627,4.8));
#2064 = CARTESIAN_POINT('',(5.790203468314,-97.6778757141,4.8));
#2065 = CARTESIAN_POINT('',(5.733785769185,-97.6267746886,4.8));
#2066 = CARTESIAN_POINT('',(5.670392546934,-97.58207251028,4.8));
#2067 = CARTESIAN_POINT('',(5.600425568741,-97.5437717948,4.8));
#2068 = CARTESIAN_POINT('',(5.5244140625,-97.51171875,4.8));
#2069 = PCURVE('',#44,#2070);
#2070 = DEFINITIONAL_REPRESENTATION('',(#2071),#2082);
#2071 = B_SPLINE_CURVE_WITH_KNOTS('',5,(#2072,#2073,#2074,#2075,#2076,
    #2077,#2078,#2079,#2080,#2081),.UNSPECIFIED.,.F.,.F.,(6,4,6),(0.,
    0.205871128101,1.),.UNSPECIFIED.);
#2072 = CARTESIAN_POINT('',(110.8984375,7.1865234375));
#2073 = CARTESIAN_POINT('',(110.88761349641,7.203001771314));
#2074 = CARTESIAN_POINT('',(110.8763009415,7.219079375221));
#2075 = CARTESIAN_POINT('',(110.8645010897,7.234750802971));
#2076 = CARTESIAN_POINT('',(110.85221620783,7.250011413728));
#2077 = CARTESIAN_POINT('',(110.79020346831,7.322124285891));
#2078 = CARTESIAN_POINT('',(110.73378576918,7.373225311391));
#2079 = CARTESIAN_POINT('',(110.67039254693,7.417927489717));
#2080 = CARTESIAN_POINT('',(110.60042556874,7.4562282052));
#2081 = CARTESIAN_POINT('',(110.5244140625,7.48828125));
#2082 = ( GEOMETRIC_REPRESENTATION_CONTEXT(2) 
PARAMETRIC_REPRESENTATION_CONTEXT() REPRESENTATION_CONTEXT('2D SPACE',''
  ) );
#2083 = PCURVE('',#2084,#2091);
#2084 = SURFACE_OF_LINEAR_EXTRUSION('',#2085,#2089);
#2085 = B_SPLINE_CURVE_WITH_KNOTS('',2,(#2086,#2087,#2088),
  .UNSPECIFIED.,.F.,.F.,(3,3),(0.,1.),.PIECEWISE_BEZIER_KNOTS.);
#2086 = CARTESIAN_POINT('',(5.5244140625,-97.51171875,4.4));
#2087 = CARTESIAN_POINT('',(5.767578125,-97.6142578125,4.4));
#2088 = CARTESIAN_POINT('',(5.8984375,-97.8134765625,4.4));
#2089 = VECTOR('',#2090,1.);
#2090 = DIRECTION('',(-0.,-0.,-1.));
#2091 = DEFINITIONAL_REPRESENTATION('',(#2092),#2103);
#2092 = B_SPLINE_CURVE_WITH_KNOTS('',5,(#2093,#2094,#2095,#2096,#2097,
    #2098,#2099,#2100,#2101,#2102),.UNSPECIFIED.,.F.,.F.,(6,4,6),(0.,
    0.205871128101,1.),.UNSPECIFIED.);
#2093 = CARTESIAN_POINT('',(1.,-0.4));
#2094 = CARTESIAN_POINT('',(0.958642613174,-0.4));
#2095 = CARTESIAN_POINT('',(0.91725340386,-0.4));
#2096 = CARTESIAN_POINT('',(0.875842834933,-0.4));
#2097 = CARTESIAN_POINT('',(0.83442147532,-0.4));
#2098 = CARTESIAN_POINT('',(0.633220482728,-0.4));
#2099 = CARTESIAN_POINT('',(0.473428272444,-0.4));
#2100 = CARTESIAN_POINT('',(0.314267462411,-0.4));
#2101 = CARTESIAN_POINT('',(0.156296751788,-0.4));
#2102 = CARTESIAN_POINT('',(0.,-0.4));
#2103 = ( GEOMETRIC_REPRESENTATION_CONTEXT(2) 
PARAMETRIC_REPRESENTATION_CONTEXT() REPRESENTATION_CONTEXT('2D SPACE',''
  ) );
#2104 = ORIENTED_EDGE('',*,*,#2105,.F.);
#2105 = EDGE_CURVE('',#2106,#2055,#2108,.T.);
#2106 = VERTEX_POINT('',#2107);
#2107 = CARTESIAN_POINT('',(6.0390625,-98.2646484375,4.8));
#2108 = SURFACE_CURVE('',#2109,(#2120,#2134),.PCURVE_S1.);
#2109 = B_SPLINE_CURVE_WITH_KNOTS('',5,(#2110,#2111,#2112,#2113,#2114,
    #2115,#2116,#2117,#2118,#2119),.UNSPECIFIED.,.F.,.F.,(6,4,6),(0.,
    0.693779905166,1.),.UNSPECIFIED.);
#2110 = CARTESIAN_POINT('',(6.0390625,-98.2646484375,4.8));
#2111 = CARTESIAN_POINT('',(6.036379770642,-98.19543402005,4.8));
#2112 = CARTESIAN_POINT('',(6.02796762691,-98.12824613478,4.8));
#2113 = CARTESIAN_POINT('',(6.013679353895,-98.06329170544,4.8));
#2114 = CARTESIAN_POINT('',(5.993459906973,-98.00075094367,4.8));
#2115 = CARTESIAN_POINT('',(5.955857613548,-97.9142913819,4.8));
#2116 = CARTESIAN_POINT('',(5.943199641943,-97.88831350264,4.8));
#2117 = CARTESIAN_POINT('',(5.929403510283,-97.8628453868,4.8));
#2118 = CARTESIAN_POINT('',(5.914478411947,-97.83789705531,4.8));
#2119 = CARTESIAN_POINT('',(5.8984375,-97.8134765625,4.8));
#2120 = PCURVE('',#44,#2121);
#2121 = DEFINITIONAL_REPRESENTATION('',(#2122),#2133);
#2122 = B_SPLINE_CURVE_WITH_KNOTS('',5,(#2123,#2124,#2125,#2126,#2127,
    #2128,#2129,#2130,#2131,#2132),.UNSPECIFIED.,.F.,.F.,(6,4,6),(0.,
    0.693779905166,1.),.UNSPECIFIED.);
#2123 = CARTESIAN_POINT('',(111.0390625,6.7353515625));
#2124 = CARTESIAN_POINT('',(111.03637977064,6.804565979941));
#2125 = CARTESIAN_POINT('',(111.02796762691,6.87175386522));
#2126 = CARTESIAN_POINT('',(111.01367935389,6.936708294556));
#2127 = CARTESIAN_POINT('',(110.99345990697,6.99924905633));
#2128 = CARTESIAN_POINT('',(110.95585761354,7.085708618093));
#2129 = CARTESIAN_POINT('',(110.94319964194,7.111686497358));
#2130 = CARTESIAN_POINT('',(110.92940351028,7.137154613194));
#2131 = CARTESIAN_POINT('',(110.91447841194,7.162102944685));
#2132 = CARTESIAN_POINT('',(110.8984375,7.1865234375));
#2133 = ( GEOMETRIC_REPRESENTATION_CONTEXT(2) 
PARAMETRIC_REPRESENTATION_CONTEXT() REPRESENTATION_CONTEXT('2D SPACE',''
  ) );
#2134 = PCURVE('',#2135,#2142);
#2135 = SURFACE_OF_LINEAR_EXTRUSION('',#2136,#2140);
#2136 = B_SPLINE_CURVE_WITH_KNOTS('',2,(#2137,#2138,#2139),
  .UNSPECIFIED.,.F.,.F.,(3,3),(0.,1.),.PIECEWISE_BEZIER_KNOTS.);
#2137 = CARTESIAN_POINT('',(5.8984375,-97.8134765625,4.4));
#2138 = CARTESIAN_POINT('',(6.029296875,-98.0126953125,4.4));
#2139 = CARTESIAN_POINT('',(6.0390625,-98.2646484375,4.4));
#2140 = VECTOR('',#2141,1.);
#2141 = DIRECTION('',(-0.,-0.,-1.));
#2142 = DEFINITIONAL_REPRESENTATION('',(#2143),#2154);
#2143 = B_SPLINE_CURVE_WITH_KNOTS('',5,(#2144,#2145,#2146,#2147,#2148,
    #2149,#2150,#2151,#2152,#2153),.UNSPECIFIED.,.F.,.F.,(6,4,6),(0.,
    0.693779905166,1.),.UNSPECIFIED.);
#2144 = CARTESIAN_POINT('',(1.,-0.4));
#2145 = CARTESIAN_POINT('',(0.862644256861,-0.4));
#2146 = CARTESIAN_POINT('',(0.724374140961,-0.4));
#2147 = CARTESIAN_POINT('',(0.585468786786,-0.4));
#2148 = CARTESIAN_POINT('',(0.446233106471,-0.4));
#2149 = CARTESIAN_POINT('',(0.245545387737,-0.4));
#2150 = CARTESIAN_POINT('',(0.184090475721,-0.4));
#2151 = CARTESIAN_POINT('',(0.122663106169,-0.4));
#2152 = CARTESIAN_POINT('',(6.129064863289E-02,-0.4));
#2153 = CARTESIAN_POINT('',(0.,-0.4));
#2154 = ( GEOMETRIC_REPRESENTATION_CONTEXT(2) 
PARAMETRIC_REPRESENTATION_CONTEXT() REPRESENTATION_CONTEXT('2D SPACE',''
  ) );
#2155 = ORIENTED_EDGE('',*,*,#2156,.F.);
#2156 = EDGE_CURVE('',#2157,#2106,#2159,.T.);
#2157 = VERTEX_POINT('',#2158);
#2158 = CARTESIAN_POINT('',(5.67578125,-98.2919921875,4.8));
#2159 = SURFACE_CURVE('',#2160,(#2164,#2170),.PCURVE_S1.);
#2160 = LINE('',#2161,#2162);
#2161 = CARTESIAN_POINT('',(-49.41975363185,-102.4389679312,4.8));
#2162 = VECTOR('',#2163,1.);
#2163 = DIRECTION('',(0.997179282295,7.505650511901E-02,-0.));
#2164 = PCURVE('',#44,#2165);
#2165 = DEFINITIONAL_REPRESENTATION('',(#2166),#2169);
#2166 = B_SPLINE_CURVE_WITH_KNOTS('',1,(#2167,#2168),.UNSPECIFIED.,.F.,
  .F.,(2,2),(55.251383437313,55.615692299771),.PIECEWISE_BEZIER_KNOTS.);
#2167 = CARTESIAN_POINT('',(110.67578125,6.7080078125));
#2168 = CARTESIAN_POINT('',(111.0390625,6.7353515625));
#2169 = ( GEOMETRIC_REPRESENTATION_CONTEXT(2) 
PARAMETRIC_REPRESENTATION_CONTEXT() REPRESENTATION_CONTEXT('2D SPACE',''
  ) );
#2170 = PCURVE('',#2171,#2176);
#2171 = PLANE('',#2172);
#2172 = AXIS2_PLACEMENT_3D('',#2173,#2174,#2175);
#2173 = CARTESIAN_POINT('',(6.0390625,-98.2646484375,4.4));
#2174 = DIRECTION('',(7.505650511901E-02,-0.997179282295,0.));
#2175 = DIRECTION('',(-0.997179282295,-7.505650511901E-02,0.));
#2176 = DEFINITIONAL_REPRESENTATION('',(#2177),#2180);
#2177 = B_SPLINE_CURVE_WITH_KNOTS('',1,(#2178,#2179),.UNSPECIFIED.,.F.,
  .F.,(2,2),(55.251383437313,55.615692299771),.PIECEWISE_BEZIER_KNOTS.);
#2178 = CARTESIAN_POINT('',(0.364308862458,-0.4));
#2179 = CARTESIAN_POINT('',(0.,-0.4));
#2180 = ( GEOMETRIC_REPRESENTATION_CONTEXT(2) 
PARAMETRIC_REPRESENTATION_CONTEXT() REPRESENTATION_CONTEXT('2D SPACE',''
  ) );
#2181 = ORIENTED_EDGE('',*,*,#2182,.F.);
#2182 = EDGE_CURVE('',#2183,#2157,#2185,.T.);
#2183 = VERTEX_POINT('',#2184);
#2184 = CARTESIAN_POINT('',(5.4775390625,-97.8818359375,4.8));
#2185 = SURFACE_CURVE('',#2186,(#2197,#2211),.PCURVE_S1.);
#2186 = B_SPLINE_CURVE_WITH_KNOTS('',5,(#2187,#2188,#2189,#2190,#2191,
    #2192,#2193,#2194,#2195,#2196),.UNSPECIFIED.,.F.,.F.,(6,4,6),(0.,
    0.138240861358,1.),.UNSPECIFIED.);
#2187 = CARTESIAN_POINT('',(5.4775390625,-97.8818359375,4.8));
#2188 = CARTESIAN_POINT('',(5.486992339742,-97.88959527488,4.8));
#2189 = CARTESIAN_POINT('',(5.496178098042,-97.89761922128,4.8));
#2190 = CARTESIAN_POINT('',(5.5050937599,-97.90590684247,4.8));
#2191 = CARTESIAN_POINT('',(5.513737179084,-97.91445676727,4.8));
#2192 = CARTESIAN_POINT('',(5.574279781745,-97.97818915537,4.8));
#2193 = CARTESIAN_POINT('',(5.615817848107,-98.04324555634,4.8));
#2194 = CARTESIAN_POINT('',(5.646259819166,-98.11796561911,4.8));
#2195 = CARTESIAN_POINT('',(5.665993649082,-98.20129375232,4.8));
#2196 = CARTESIAN_POINT('',(5.67578125,-98.2919921875,4.8));
#2197 = PCURVE('',#44,#2198);
#2198 = DEFINITIONAL_REPRESENTATION('',(#2199),#2210);
#2199 = B_SPLINE_CURVE_WITH_KNOTS('',5,(#2200,#2201,#2202,#2203,#2204,
    #2205,#2206,#2207,#2208,#2209),.UNSPECIFIED.,.F.,.F.,(6,4,6),(0.,
    0.138240861358,1.),.UNSPECIFIED.);
#2200 = CARTESIAN_POINT('',(110.4775390625,7.1181640625));
#2201 = CARTESIAN_POINT('',(110.48699233974,7.110404725111));
#2202 = CARTESIAN_POINT('',(110.49617809804,7.102380778715));
#2203 = CARTESIAN_POINT('',(110.5050937599,7.094093157524));
#2204 = CARTESIAN_POINT('',(110.51373717908,7.085543232728));
#2205 = CARTESIAN_POINT('',(110.57427978174,7.021810844622));
#2206 = CARTESIAN_POINT('',(110.6158178481,6.956754443654));
#2207 = CARTESIAN_POINT('',(110.64625981916,6.882034380888));
#2208 = CARTESIAN_POINT('',(110.66599364908,6.798706247676));
#2209 = CARTESIAN_POINT('',(110.67578125,6.7080078125));
#2210 = ( GEOMETRIC_REPRESENTATION_CONTEXT(2) 
PARAMETRIC_REPRESENTATION_CONTEXT() REPRESENTATION_CONTEXT('2D SPACE',''
  ) );
#2211 = PCURVE('',#2212,#2219);
#2212 = SURFACE_OF_LINEAR_EXTRUSION('',#2213,#2217);
#2213 = B_SPLINE_CURVE_WITH_KNOTS('',2,(#2214,#2215,#2216),
  .UNSPECIFIED.,.F.,.F.,(3,3),(0.,1.),.PIECEWISE_BEZIER_KNOTS.);
#2214 = CARTESIAN_POINT('',(5.67578125,-98.2919921875,4.4));
#2215 = CARTESIAN_POINT('',(5.646484375,-98.0205078125,4.4));
#2216 = CARTESIAN_POINT('',(5.4775390625,-97.8818359375,4.4));
#2217 = VECTOR('',#2218,1.);
#2218 = DIRECTION('',(-0.,-0.,-1.));
#2219 = DEFINITIONAL_REPRESENTATION('',(#2220),#2231);
#2220 = B_SPLINE_CURVE_WITH_KNOTS('',5,(#2221,#2222,#2223,#2224,#2225,
    #2226,#2227,#2228,#2229,#2230),.UNSPECIFIED.,.F.,.F.,(6,4,6),(0.,
    0.138240861358,1.),.UNSPECIFIED.);
#2221 = CARTESIAN_POINT('',(1.,-0.4));
#2222 = CARTESIAN_POINT('',(0.972022670821,-0.4));
#2223 = CARTESIAN_POINT('',(0.944028328959,-0.4));
#2224 = CARTESIAN_POINT('',(0.916022629281,-0.4));
#2225 = CARTESIAN_POINT('',(0.888011271466,-0.4));
#2226 = CARTESIAN_POINT('',(0.685384702227,-0.4));
#2227 = CARTESIAN_POINT('',(0.510736071251,-0.4));
#2228 = CARTESIAN_POINT('',(0.337572786032,-0.4));
#2229 = CARTESIAN_POINT('',(0.167041722338,-0.4));
#2230 = CARTESIAN_POINT('',(0.,-0.4));
#2231 = ( GEOMETRIC_REPRESENTATION_CONTEXT(2) 
PARAMETRIC_REPRESENTATION_CONTEXT() REPRESENTATION_CONTEXT('2D SPACE',''
  ) );
#2232 = ORIENTED_EDGE('',*,*,#2233,.F.);
#2233 = EDGE_CURVE('',#2234,#2183,#2236,.T.);
#2234 = VERTEX_POINT('',#2235);
#2235 = CARTESIAN_POINT('',(4.978515625,-97.7431640625,4.8));
#2236 = SURFACE_CURVE('',#2237,(#2245,#2256),.PCURVE_S1.);
#2237 = B_SPLINE_CURVE_WITH_KNOTS('',6,(#2238,#2239,#2240,#2241,#2242,
    #2243,#2244),.UNSPECIFIED.,.F.,.F.,(7,7),(0.,1.),
  .PIECEWISE_BEZIER_KNOTS.);
#2238 = CARTESIAN_POINT('',(4.978515625,-97.7431640625,4.8));
#2239 = CARTESIAN_POINT('',(5.082475157558,-97.7431640625,4.8));
#2240 = CARTESIAN_POINT('',(5.179803935826,-97.75141748513,4.8));
#2241 = CARTESIAN_POINT('',(5.269240124554,-97.76880554378,4.8));
#2242 = CARTESIAN_POINT('',(5.349425090499,-97.79612455568,4.8));
#2243 = CARTESIAN_POINT('',(5.419106648496,-97.83387407167,4.8));
#2244 = CARTESIAN_POINT('',(5.4775390625,-97.8818359375,4.8));
#2245 = PCURVE('',#44,#2246);
#2246 = DEFINITIONAL_REPRESENTATION('',(#2247),#2255);
#2247 = B_SPLINE_CURVE_WITH_KNOTS('',6,(#2248,#2249,#2250,#2251,#2252,
    #2253,#2254),.UNSPECIFIED.,.F.,.F.,(7,7),(0.,1.),
  .PIECEWISE_BEZIER_KNOTS.);
#2248 = CARTESIAN_POINT('',(109.978515625,7.2568359375));
#2249 = CARTESIAN_POINT('',(110.08247515755,7.2568359375));
#2250 = CARTESIAN_POINT('',(110.17980393582,7.248582514867));
#2251 = CARTESIAN_POINT('',(110.26924012455,7.23119445622));
#2252 = CARTESIAN_POINT('',(110.34942509049,7.203875444313));
#2253 = CARTESIAN_POINT('',(110.41910664849,7.16612592833));
#2254 = CARTESIAN_POINT('',(110.4775390625,7.1181640625));
#2255 = ( GEOMETRIC_REPRESENTATION_CONTEXT(2) 
PARAMETRIC_REPRESENTATION_CONTEXT() REPRESENTATION_CONTEXT('2D SPACE',''
  ) );
#2256 = PCURVE('',#2257,#2264);
#2257 = SURFACE_OF_LINEAR_EXTRUSION('',#2258,#2262);
#2258 = B_SPLINE_CURVE_WITH_KNOTS('',2,(#2259,#2260,#2261),
  .UNSPECIFIED.,.F.,.F.,(3,3),(0.,1.),.PIECEWISE_BEZIER_KNOTS.);
#2259 = CARTESIAN_POINT('',(5.4775390625,-97.8818359375,4.4));
#2260 = CARTESIAN_POINT('',(5.30859375,-97.7431640625,4.4));
#2261 = CARTESIAN_POINT('',(4.978515625,-97.7431640625,4.4));
#2262 = VECTOR('',#2263,1.);
#2263 = DIRECTION('',(-0.,-0.,-1.));
#2264 = DEFINITIONAL_REPRESENTATION('',(#2265),#2273);
#2265 = B_SPLINE_CURVE_WITH_KNOTS('',6,(#2266,#2267,#2268,#2269,#2270,
    #2271,#2272),.UNSPECIFIED.,.F.,.F.,(7,7),(0.,1.),
  .PIECEWISE_BEZIER_KNOTS.);
#2266 = CARTESIAN_POINT('',(1.,-0.4));
#2267 = CARTESIAN_POINT('',(0.842522838255,-0.4));
#2268 = CARTESIAN_POINT('',(0.68056266159,-0.4));
#2269 = CARTESIAN_POINT('',(0.514479824275,-0.4));
#2270 = CARTESIAN_POINT('',(0.344930739144,-0.4));
#2271 = CARTESIAN_POINT('',(0.172932924681,-0.4));
#2272 = CARTESIAN_POINT('',(0.,-0.4));
#2273 = ( GEOMETRIC_REPRESENTATION_CONTEXT(2) 
PARAMETRIC_REPRESENTATION_CONTEXT() REPRESENTATION_CONTEXT('2D SPACE',''
  ) );
#2274 = ORIENTED_EDGE('',*,*,#2275,.F.);
#2275 = EDGE_CURVE('',#2276,#2234,#2278,.T.);
#2276 = VERTEX_POINT('',#2277);
#2277 = CARTESIAN_POINT('',(4.4775390625,-97.869140625,4.8));
#2278 = SURFACE_CURVE('',#2279,(#2287,#2298),.PCURVE_S1.);
#2279 = B_SPLINE_CURVE_WITH_KNOTS('',6,(#2280,#2281,#2282,#2283,#2284,
    #2285,#2286),.UNSPECIFIED.,.F.,.F.,(7,7),(0.,1.),
  .PIECEWISE_BEZIER_KNOTS.);
#2280 = CARTESIAN_POINT('',(4.4775390625,-97.869140625,4.8));
#2281 = CARTESIAN_POINT('',(4.532585924518,-97.82503475419,4.8));
#2282 = CARTESIAN_POINT('',(4.600816457201,-97.7906226121,4.8));
#2283 = CARTESIAN_POINT('',(4.681194794419,-97.76599479715,4.8));
#2284 = CARTESIAN_POINT('',(4.772028465297,-97.7504729074,4.8));
#2285 = CARTESIAN_POINT('',(4.871621990229,-97.7431640625,4.8));
#2286 = CARTESIAN_POINT('',(4.978515625,-97.7431640625,4.8));
#2287 = PCURVE('',#44,#2288);
#2288 = DEFINITIONAL_REPRESENTATION('',(#2289),#2297);
#2289 = B_SPLINE_CURVE_WITH_KNOTS('',6,(#2290,#2291,#2292,#2293,#2294,
    #2295,#2296),.UNSPECIFIED.,.F.,.F.,(7,7),(0.,1.),
  .PIECEWISE_BEZIER_KNOTS.);
#2290 = CARTESIAN_POINT('',(109.4775390625,7.130859375));
#2291 = CARTESIAN_POINT('',(109.53258592451,7.174965245809));
#2292 = CARTESIAN_POINT('',(109.6008164572,7.209377387895));
#2293 = CARTESIAN_POINT('',(109.68119479441,7.234005202846));
#2294 = CARTESIAN_POINT('',(109.77202846529,7.249527092591));
#2295 = CARTESIAN_POINT('',(109.87162199022,7.2568359375));
#2296 = CARTESIAN_POINT('',(109.978515625,7.2568359375));
#2297 = ( GEOMETRIC_REPRESENTATION_CONTEXT(2) 
PARAMETRIC_REPRESENTATION_CONTEXT() REPRESENTATION_CONTEXT('2D SPACE',''
  ) );
#2298 = PCURVE('',#2299,#2306);
#2299 = SURFACE_OF_LINEAR_EXTRUSION('',#2300,#2304);
#2300 = B_SPLINE_CURVE_WITH_KNOTS('',2,(#2301,#2302,#2303),
  .UNSPECIFIED.,.F.,.F.,(3,3),(0.,1.),.PIECEWISE_BEZIER_KNOTS.);
#2301 = CARTESIAN_POINT('',(4.978515625,-97.7431640625,4.4));
#2302 = CARTESIAN_POINT('',(4.634765625,-97.7431640625,4.4));
#2303 = CARTESIAN_POINT('',(4.4775390625,-97.869140625,4.4));
#2304 = VECTOR('',#2305,1.);
#2305 = DIRECTION('',(-0.,-0.,-1.));
#2306 = DEFINITIONAL_REPRESENTATION('',(#2307),#2315);
#2307 = B_SPLINE_CURVE_WITH_KNOTS('',6,(#2308,#2309,#2310,#2311,#2312,
    #2313,#2314),.UNSPECIFIED.,.F.,.F.,(7,7),(0.,1.),
  .PIECEWISE_BEZIER_KNOTS.);
#2308 = CARTESIAN_POINT('',(1.,-0.4));
#2309 = CARTESIAN_POINT('',(0.824944140664,-0.4));
#2310 = CARTESIAN_POINT('',(0.651588731452,-0.4));
#2311 = CARTESIAN_POINT('',(0.481635602129,-0.4));
#2312 = CARTESIAN_POINT('',(0.316085502233,-0.4));
#2313 = CARTESIAN_POINT('',(0.155481650576,-0.4));
#2314 = CARTESIAN_POINT('',(0.,-0.4));
#2315 = ( GEOMETRIC_REPRESENTATION_CONTEXT(2) 
PARAMETRIC_REPRESENTATION_CONTEXT() REPRESENTATION_CONTEXT('2D SPACE',''
  ) );
#2316 = ORIENTED_EDGE('',*,*,#2317,.F.);
#2317 = EDGE_CURVE('',#2318,#2276,#2320,.T.);
#2318 = VERTEX_POINT('',#2319);
#2319 = CARTESIAN_POINT('',(4.3203125,-98.1728515625,4.8));
#2320 = SURFACE_CURVE('',#2321,(#2332,#2346),.PCURVE_S1.);
#2321 = B_SPLINE_CURVE_WITH_KNOTS('',5,(#2322,#2323,#2324,#2325,#2326,
    #2327,#2328,#2329,#2330,#2331),.UNSPECIFIED.,.F.,.F.,(6,4,6),(0.,
    0.334815971144,1.),.UNSPECIFIED.);
#2322 = CARTESIAN_POINT('',(4.3203125,-98.1728515625,4.8));
#2323 = CARTESIAN_POINT('',(4.3203125,-98.14905165219,4.8));
#2324 = CARTESIAN_POINT('',(4.322074464075,-98.12576657512,4.8));
#2325 = CARTESIAN_POINT('',(4.325617971638,-98.10302378785,4.8));
#2326 = CARTESIAN_POINT('',(4.330949565126,-98.08084722766,4.8));
#2327 = CARTESIAN_POINT('',(4.352194623567,-98.01636429666,4.8));
#2328 = CARTESIAN_POINT('',(4.373359235654,-97.97578363167,4.8));
#2329 = CARTESIAN_POINT('',(4.401503790826,-97.9376816423,4.8));
#2330 = CARTESIAN_POINT('',(4.436364303899,-97.90213158065,4.8));
#2331 = CARTESIAN_POINT('',(4.4775390625,-97.869140625,4.8));
#2332 = PCURVE('',#44,#2333);
#2333 = DEFINITIONAL_REPRESENTATION('',(#2334),#2345);
#2334 = B_SPLINE_CURVE_WITH_KNOTS('',5,(#2335,#2336,#2337,#2338,#2339,
    #2340,#2341,#2342,#2343,#2344),.UNSPECIFIED.,.F.,.F.,(6,4,6),(0.,
    0.334815971144,1.),.UNSPECIFIED.);
#2335 = CARTESIAN_POINT('',(109.3203125,6.8271484375));
#2336 = CARTESIAN_POINT('',(109.3203125,6.85094834781));
#2337 = CARTESIAN_POINT('',(109.32207446407,6.87423342488));
#2338 = CARTESIAN_POINT('',(109.32561797163,6.896976212142));
#2339 = CARTESIAN_POINT('',(109.33094956512,6.919152772333));
#2340 = CARTESIAN_POINT('',(109.35219462356,6.983635703338));
#2341 = CARTESIAN_POINT('',(109.37335923565,7.024216368328));
#2342 = CARTESIAN_POINT('',(109.40150379082,7.0623183577));
#2343 = CARTESIAN_POINT('',(109.43636430389,7.09786841935));
#2344 = CARTESIAN_POINT('',(109.4775390625,7.130859375));
#2345 = ( GEOMETRIC_REPRESENTATION_CONTEXT(2) 
PARAMETRIC_REPRESENTATION_CONTEXT() REPRESENTATION_CONTEXT('2D SPACE',''
  ) );
#2346 = PCURVE('',#2347,#2354);
#2347 = SURFACE_OF_LINEAR_EXTRUSION('',#2348,#2352);
#2348 = B_SPLINE_CURVE_WITH_KNOTS('',2,(#2349,#2350,#2351),
  .UNSPECIFIED.,.F.,.F.,(3,3),(0.,1.),.PIECEWISE_BEZIER_KNOTS.);
#2349 = CARTESIAN_POINT('',(4.4775390625,-97.869140625,4.4));
#2350 = CARTESIAN_POINT('',(4.3203125,-97.9951171875,4.4));
#2351 = CARTESIAN_POINT('',(4.3203125,-98.1728515625,4.4));
#2352 = VECTOR('',#2353,1.);
#2353 = DIRECTION('',(-0.,-0.,-1.));
#2354 = DEFINITIONAL_REPRESENTATION('',(#2355),#2366);
#2355 = B_SPLINE_CURVE_WITH_KNOTS('',5,(#2356,#2357,#2358,#2359,#2360,
    #2361,#2362,#2363,#2364,#2365),.UNSPECIFIED.,.F.,.F.,(6,4,6),(0.,
    0.334815971144,1.),.UNSPECIFIED.);
#2356 = CARTESIAN_POINT('',(1.,-0.4));
#2357 = CARTESIAN_POINT('',(0.93304640616,-0.4));
#2358 = CARTESIAN_POINT('',(0.865909414481,-0.4));
#2359 = CARTESIAN_POINT('',(0.798648133314,-0.4));
#2360 = CARTESIAN_POINT('',(0.731323843825,-0.4));
#2361 = CARTESIAN_POINT('',(0.53024668614,-0.4));
#2362 = CARTESIAN_POINT('',(0.396485567785,-0.4));
#2363 = CARTESIAN_POINT('',(0.263233440388,-0.4));
#2364 = CARTESIAN_POINT('',(0.130940847229,-0.4));
#2365 = CARTESIAN_POINT('',(0.,-0.4));
#2366 = ( GEOMETRIC_REPRESENTATION_CONTEXT(2) 
PARAMETRIC_REPRESENTATION_CONTEXT() REPRESENTATION_CONTEXT('2D SPACE',''
  ) );
#2367 = ORIENTED_EDGE('',*,*,#2368,.F.);
#2368 = EDGE_CURVE('',#2369,#2318,#2371,.T.);
#2369 = VERTEX_POINT('',#2370);
#2370 = CARTESIAN_POINT('',(4.431640625,-98.4267578125,4.8));
#2371 = SURFACE_CURVE('',#2372,(#2381,#2393),.PCURVE_S1.);
#2372 = B_SPLINE_CURVE_WITH_KNOTS('',4,(#2373,#2374,#2375,#2376,#2377,
    #2378,#2379,#2380),.UNSPECIFIED.,.F.,.F.,(5,3,5),(0.,0.452769488841,
    1.),.UNSPECIFIED.);
#2373 = CARTESIAN_POINT('',(4.431640625,-98.4267578125,4.8));
#2374 = CARTESIAN_POINT('',(4.406522032896,-98.40428328272,4.8));
#2375 = CARTESIAN_POINT('',(4.385084991978,-98.37986642808,4.8));
#2376 = CARTESIAN_POINT('',(4.36744256806,-98.35351646623,4.8));
#2377 = CARTESIAN_POINT('',(4.336919992119,-98.29117323116,4.8));
#2378 = CARTESIAN_POINT('',(4.325801190131,-98.25431413484,4.8));
#2379 = CARTESIAN_POINT('',(4.3203125,-98.21481338181,4.8));
#2380 = CARTESIAN_POINT('',(4.3203125,-98.1728515625,4.8));
#2381 = PCURVE('',#44,#2382);
#2382 = DEFINITIONAL_REPRESENTATION('',(#2383),#2392);
#2383 = B_SPLINE_CURVE_WITH_KNOTS('',4,(#2384,#2385,#2386,#2387,#2388,
    #2389,#2390,#2391),.UNSPECIFIED.,.F.,.F.,(5,3,5),(0.,0.452769488841,
    1.),.UNSPECIFIED.);
#2384 = CARTESIAN_POINT('',(109.431640625,6.5732421875));
#2385 = CARTESIAN_POINT('',(109.40652203289,6.595716717277));
#2386 = CARTESIAN_POINT('',(109.38508499197,6.620133571919));
#2387 = CARTESIAN_POINT('',(109.36744256806,6.646483533762));
#2388 = CARTESIAN_POINT('',(109.33691999211,6.708826768833));
#2389 = CARTESIAN_POINT('',(109.32580119013,6.745685865154));
#2390 = CARTESIAN_POINT('',(109.3203125,6.785186618185));
#2391 = CARTESIAN_POINT('',(109.3203125,6.8271484375));
#2392 = ( GEOMETRIC_REPRESENTATION_CONTEXT(2) 
PARAMETRIC_REPRESENTATION_CONTEXT() REPRESENTATION_CONTEXT('2D SPACE',''
  ) );
#2393 = PCURVE('',#2394,#2401);
#2394 = SURFACE_OF_LINEAR_EXTRUSION('',#2395,#2399);
#2395 = B_SPLINE_CURVE_WITH_KNOTS('',2,(#2396,#2397,#2398),
  .UNSPECIFIED.,.F.,.F.,(3,3),(0.,1.),.PIECEWISE_BEZIER_KNOTS.);
#2396 = CARTESIAN_POINT('',(4.3203125,-98.1728515625,4.4));
#2397 = CARTESIAN_POINT('',(4.3203125,-98.3271484375,4.4));
#2398 = CARTESIAN_POINT('',(4.431640625,-98.4267578125,4.4));
#2399 = VECTOR('',#2400,1.);
#2400 = DIRECTION('',(-0.,-0.,-1.));
#2401 = DEFINITIONAL_REPRESENTATION('',(#2402),#2411);
#2402 = B_SPLINE_CURVE_WITH_KNOTS('',4,(#2403,#2404,#2405,#2406,#2407,
    #2408,#2409,#2410),.UNSPECIFIED.,.F.,.F.,(5,3,5),(0.,0.452769488841,
    1.),.UNSPECIFIED.);
#2403 = CARTESIAN_POINT('',(1.,-0.4));
#2404 = CARTESIAN_POINT('',(0.887186674061,-0.4));
#2405 = CARTESIAN_POINT('',(0.773939627149,-0.4));
#2406 = CARTESIAN_POINT('',(0.660468710461,-0.4));
#2407 = CARTESIAN_POINT('',(0.409858381679,-0.4));
#2408 = CARTESIAN_POINT('',(0.272717030099,-0.4));
#2409 = CARTESIAN_POINT('',(0.135977541072,-0.4));
#2410 = CARTESIAN_POINT('',(0.,-0.4));
#2411 = ( GEOMETRIC_REPRESENTATION_CONTEXT(2) 
PARAMETRIC_REPRESENTATION_CONTEXT() REPRESENTATION_CONTEXT('2D SPACE',''
  ) );
#2412 = ORIENTED_EDGE('',*,*,#2413,.F.);
#2413 = EDGE_CURVE('',#2414,#2369,#2416,.T.);
#2414 = VERTEX_POINT('',#2415);
#2415 = CARTESIAN_POINT('',(5.0029296875,-98.630859375,4.8));
#2416 = SURFACE_CURVE('',#2417,(#2426,#2438),.PCURVE_S1.);
#2417 = B_SPLINE_CURVE_WITH_KNOTS('',7,(#2418,#2419,#2420,#2421,#2422,
    #2423,#2424,#2425),.UNSPECIFIED.,.F.,.F.,(8,8),(0.,1.),
  .PIECEWISE_BEZIER_KNOTS.);
#2418 = CARTESIAN_POINT('',(5.0029296875,-98.630859375,4.8));
#2419 = CARTESIAN_POINT('',(4.889568694097,-98.60521534478,4.8));
#2420 = CARTESIAN_POINT('',(4.783109347308,-98.57850190468,4.8));
#2421 = CARTESIAN_POINT('',(4.684818939585,-98.55054982421,4.8));
#2422 = CARTESIAN_POINT('',(4.597113389745,-98.52128347215,4.8));
#2423 = CARTESIAN_POINT('',(4.523232175308,-98.49074181981,4.8));
#2424 = CARTESIAN_POINT('',(4.467139568791,-98.45908720773,4.8));
#2425 = CARTESIAN_POINT('',(4.431640625,-98.4267578125,4.8));
#2426 = PCURVE('',#44,#2427);
#2427 = DEFINITIONAL_REPRESENTATION('',(#2428),#2437);
#2428 = B_SPLINE_CURVE_WITH_KNOTS('',7,(#2429,#2430,#2431,#2432,#2433,
    #2434,#2435,#2436),.UNSPECIFIED.,.F.,.F.,(8,8),(0.,1.),
  .PIECEWISE_BEZIER_KNOTS.);
#2429 = CARTESIAN_POINT('',(110.0029296875,6.369140625));
#2430 = CARTESIAN_POINT('',(109.88956869409,6.39478465522));
#2431 = CARTESIAN_POINT('',(109.7831093473,6.421498095314));
#2432 = CARTESIAN_POINT('',(109.68481893958,6.449450175785));
#2433 = CARTESIAN_POINT('',(109.59711338974,6.478716527842));
#2434 = CARTESIAN_POINT('',(109.5232321753,6.509258180188));
#2435 = CARTESIAN_POINT('',(109.46713956879,6.540912792261));
#2436 = CARTESIAN_POINT('',(109.431640625,6.5732421875));
#2437 = ( GEOMETRIC_REPRESENTATION_CONTEXT(2) 
PARAMETRIC_REPRESENTATION_CONTEXT() REPRESENTATION_CONTEXT('2D SPACE',''
  ) );
#2438 = PCURVE('',#2439,#2446);
#2439 = SURFACE_OF_LINEAR_EXTRUSION('',#2440,#2444);
#2440 = B_SPLINE_CURVE_WITH_KNOTS('',2,(#2441,#2442,#2443),
  .UNSPECIFIED.,.F.,.F.,(3,3),(0.,1.),.PIECEWISE_BEZIER_KNOTS.);
#2441 = CARTESIAN_POINT('',(4.431640625,-98.4267578125,4.4));
#2442 = CARTESIAN_POINT('',(4.541015625,-98.5263671875,4.4));
#2443 = CARTESIAN_POINT('',(5.0029296875,-98.630859375,4.4));
#2444 = VECTOR('',#2445,1.);
#2445 = DIRECTION('',(-0.,-0.,-1.));
#2446 = DEFINITIONAL_REPRESENTATION('',(#2447),#2456);
#2447 = B_SPLINE_CURVE_WITH_KNOTS('',7,(#2448,#2449,#2450,#2451,#2452,
    #2453,#2454,#2455),.UNSPECIFIED.,.F.,.F.,(8,8),(0.,1.),
  .PIECEWISE_BEZIER_KNOTS.);
#2448 = CARTESIAN_POINT('',(1.,-0.4));
#2449 = CARTESIAN_POINT('',(0.877292117077,-0.4));
#2450 = CARTESIAN_POINT('',(0.74864607903,-0.4));
#2451 = CARTESIAN_POINT('',(0.61310982913,-0.4));
#2452 = CARTESIAN_POINT('',(0.470127308149,-0.4));
#2453 = CARTESIAN_POINT('',(0.31966845929,-0.4));
#2454 = CARTESIAN_POINT('',(0.162280885904,-0.4));
#2455 = CARTESIAN_POINT('',(0.,-0.4));
#2456 = ( GEOMETRIC_REPRESENTATION_CONTEXT(2) 
PARAMETRIC_REPRESENTATION_CONTEXT() REPRESENTATION_CONTEXT('2D SPACE',''
  ) );
#2457 = ORIENTED_EDGE('',*,*,#2458,.F.);
#2458 = EDGE_CURVE('',#2459,#2414,#2461,.T.);
#2459 = VERTEX_POINT('',#2460);
#2460 = CARTESIAN_POINT('',(5.63671875,-98.8134765625,4.8));
#2461 = SURFACE_CURVE('',#2462,(#2471,#2483),.PCURVE_S1.);
#2462 = B_SPLINE_CURVE_WITH_KNOTS('',7,(#2463,#2464,#2465,#2466,#2467,
    #2468,#2469,#2470),.UNSPECIFIED.,.F.,.F.,(8,8),(0.,1.),
  .PIECEWISE_BEZIER_KNOTS.);
#2463 = CARTESIAN_POINT('',(5.63671875,-98.8134765625,4.8));
#2464 = CARTESIAN_POINT('',(5.581265986501,-98.78827076091,4.8));
#2465 = CARTESIAN_POINT('',(5.510185423158,-98.76236571691,4.8));
#2466 = CARTESIAN_POINT('',(5.425996534539,-98.73608060121,4.8));
#2467 = CARTESIAN_POINT('',(5.331330242212,-98.70966338052,4.8));
#2468 = CARTESIAN_POINT('',(5.228317212288,-98.6832797125,4.8));
#2469 = CARTESIAN_POINT('',(5.118541585254,-98.65701259499,4.8));
#2470 = CARTESIAN_POINT('',(5.0029296875,-98.630859375,4.8));
#2471 = PCURVE('',#44,#2472);
#2472 = DEFINITIONAL_REPRESENTATION('',(#2473),#2482);
#2473 = B_SPLINE_CURVE_WITH_KNOTS('',7,(#2474,#2475,#2476,#2477,#2478,
    #2479,#2480,#2481),.UNSPECIFIED.,.F.,.F.,(8,8),(0.,1.),
  .PIECEWISE_BEZIER_KNOTS.);
#2474 = CARTESIAN_POINT('',(110.63671875,6.1865234375));
#2475 = CARTESIAN_POINT('',(110.5812659865,6.21172923909));
#2476 = CARTESIAN_POINT('',(110.51018542315,6.237634283084));
#2477 = CARTESIAN_POINT('',(110.42599653453,6.263919398782));
#2478 = CARTESIAN_POINT('',(110.33133024221,6.290336619471));
#2479 = CARTESIAN_POINT('',(110.22831721228,6.3167202875));
#2480 = CARTESIAN_POINT('',(110.11854158525,6.342987405001));
#2481 = CARTESIAN_POINT('',(110.0029296875,6.369140625));
#2482 = ( GEOMETRIC_REPRESENTATION_CONTEXT(2) 
PARAMETRIC_REPRESENTATION_CONTEXT() REPRESENTATION_CONTEXT('2D SPACE',''
  ) );
#2483 = PCURVE('',#2484,#2491);
#2484 = SURFACE_OF_LINEAR_EXTRUSION('',#2485,#2489);
#2485 = B_SPLINE_CURVE_WITH_KNOTS('',2,(#2486,#2487,#2488),
  .UNSPECIFIED.,.F.,.F.,(3,3),(0.,1.),.PIECEWISE_BEZIER_KNOTS.);
#2486 = CARTESIAN_POINT('',(5.0029296875,-98.630859375,4.4));
#2487 = CARTESIAN_POINT('',(5.46484375,-98.7353515625,4.4));
#2488 = CARTESIAN_POINT('',(5.63671875,-98.8134765625,4.4));
#2489 = VECTOR('',#2490,1.);
#2490 = DIRECTION('',(-0.,-0.,-1.));
#2491 = DEFINITIONAL_REPRESENTATION('',(#2492),#2501);
#2492 = B_SPLINE_CURVE_WITH_KNOTS('',7,(#2493,#2494,#2495,#2496,#2497,
    #2498,#2499,#2500),.UNSPECIFIED.,.F.,.F.,(8,8),(0.,1.),
  .PIECEWISE_BEZIER_KNOTS.);
#2493 = CARTESIAN_POINT('',(1.,-0.4));
#2494 = CARTESIAN_POINT('',(0.838682869821,-0.4));
#2495 = CARTESIAN_POINT('',(0.683137473029,-0.4));
#2496 = CARTESIAN_POINT('',(0.534084830083,-0.4));
#2497 = CARTESIAN_POINT('',(0.391595277166,-0.4));
#2498 = CARTESIAN_POINT('',(0.255444500156,-0.4));
#2499 = CARTESIAN_POINT('',(0.12514437981,-0.4));
#2500 = CARTESIAN_POINT('',(0.,-0.4));
#2501 = ( GEOMETRIC_REPRESENTATION_CONTEXT(2) 
PARAMETRIC_REPRESENTATION_CONTEXT() REPRESENTATION_CONTEXT('2D SPACE',''
  ) );
#2502 = ORIENTED_EDGE('',*,*,#2503,.F.);
#2503 = EDGE_CURVE('',#2504,#2459,#2506,.T.);
#2504 = VERTEX_POINT('',#2505);
#2505 = CARTESIAN_POINT('',(6.005859375,-99.10546875,4.8));
#2506 = SURFACE_CURVE('',#2507,(#2514,#2524),.PCURVE_S1.);
#2507 = B_SPLINE_CURVE_WITH_KNOTS('',5,(#2508,#2509,#2510,#2511,#2512,
    #2513),.UNSPECIFIED.,.F.,.F.,(6,6),(0.,1.),
  .PIECEWISE_BEZIER_KNOTS.);
#2508 = CARTESIAN_POINT('',(6.005859375,-99.10546875,4.8));
#2509 = CARTESIAN_POINT('',(5.957275601603,-99.0333895452,4.8));
#2510 = CARTESIAN_POINT('',(5.895283694589,-98.96799041299,4.8));
#2511 = CARTESIAN_POINT('',(5.82041453511,-98.90963238219,4.8));
#2512 = CARTESIAN_POINT('',(5.733799121331,-98.85822454616,4.8));
#2513 = CARTESIAN_POINT('',(5.63671875,-98.8134765625,4.8));
#2514 = PCURVE('',#44,#2515);
#2515 = DEFINITIONAL_REPRESENTATION('',(#2516),#2523);
#2516 = B_SPLINE_CURVE_WITH_KNOTS('',5,(#2517,#2518,#2519,#2520,#2521,
    #2522),.UNSPECIFIED.,.F.,.F.,(6,6),(0.,1.),
  .PIECEWISE_BEZIER_KNOTS.);
#2517 = CARTESIAN_POINT('',(111.005859375,5.89453125));
#2518 = CARTESIAN_POINT('',(110.9572756016,5.966610454793));
#2519 = CARTESIAN_POINT('',(110.89528369458,6.032009587008));
#2520 = CARTESIAN_POINT('',(110.82041453511,6.09036761781));
#2521 = CARTESIAN_POINT('',(110.73379912133,6.14177545384));
#2522 = CARTESIAN_POINT('',(110.63671875,6.1865234375));
#2523 = ( GEOMETRIC_REPRESENTATION_CONTEXT(2) 
PARAMETRIC_REPRESENTATION_CONTEXT() REPRESENTATION_CONTEXT('2D SPACE',''
  ) );
#2524 = PCURVE('',#2525,#2532);
#2525 = SURFACE_OF_LINEAR_EXTRUSION('',#2526,#2530);
#2526 = B_SPLINE_CURVE_WITH_KNOTS('',2,(#2527,#2528,#2529),
  .UNSPECIFIED.,.F.,.F.,(3,3),(0.,1.),.PIECEWISE_BEZIER_KNOTS.);
#2527 = CARTESIAN_POINT('',(5.63671875,-98.8134765625,4.4));
#2528 = CARTESIAN_POINT('',(5.88671875,-98.9287109375,4.4));
#2529 = CARTESIAN_POINT('',(6.005859375,-99.10546875,4.4));
#2530 = VECTOR('',#2531,1.);
#2531 = DIRECTION('',(-0.,-0.,-1.));
#2532 = DEFINITIONAL_REPRESENTATION('',(#2533),#2540);
#2533 = B_SPLINE_CURVE_WITH_KNOTS('',5,(#2534,#2535,#2536,#2537,#2538,
    #2539),.UNSPECIFIED.,.F.,.F.,(6,6),(0.,1.),
  .PIECEWISE_BEZIER_KNOTS.);
#2534 = CARTESIAN_POINT('',(1.,-0.4));
#2535 = CARTESIAN_POINT('',(0.796107442794,-0.4));
#2536 = CARTESIAN_POINT('',(0.59302307787,-0.4));
#2537 = CARTESIAN_POINT('',(0.392058538566,-0.4));
#2538 = CARTESIAN_POINT('',(0.194160742661,-0.4));
#2539 = CARTESIAN_POINT('',(0.,-0.4));
#2540 = ( GEOMETRIC_REPRESENTATION_CONTEXT(2) 
PARAMETRIC_REPRESENTATION_CONTEXT() REPRESENTATION_CONTEXT('2D SPACE',''
  ) );
#2541 = ORIENTED_EDGE('',*,*,#2542,.F.);
#2542 = EDGE_CURVE('',#2543,#2504,#2545,.T.);
#2543 = VERTEX_POINT('',#2544);
#2544 = CARTESIAN_POINT('',(6.125,-99.5126953125,4.8));
#2545 = SURFACE_CURVE('',#2546,(#2557,#2571),.PCURVE_S1.);
#2546 = B_SPLINE_CURVE_WITH_KNOTS('',5,(#2547,#2548,#2549,#2550,#2551,
    #2552,#2553,#2554,#2555,#2556),.UNSPECIFIED.,.F.,.F.,(6,4,6),(0.,
    0.726853951683,1.),.UNSPECIFIED.);
#2547 = CARTESIAN_POINT('',(6.125,-99.5126953125,4.8));
#2548 = CARTESIAN_POINT('',(6.125,-99.44643260739,4.8));
#2549 = CARTESIAN_POINT('',(6.118844646015,-99.38245616808,4.8));
#2550 = CARTESIAN_POINT('',(6.1063522592,-99.32099612067,4.8));
#2551 = CARTESIAN_POINT('',(6.087449026261,-99.26224918799,4.8));
#2552 = CARTESIAN_POINT('',(6.052716890231,-99.18536337858,4.8));
#2553 = CARTESIAN_POINT('',(6.042334201917,-99.16476624645,4.8));
#2554 = CARTESIAN_POINT('',(6.031059278313,-99.14458070719,4.8));
#2555 = CARTESIAN_POINT('',(6.018898150837,-99.12481316333,4.8));
#2556 = CARTESIAN_POINT('',(6.005859375,-99.10546875,4.8));
#2557 = PCURVE('',#44,#2558);
#2558 = DEFINITIONAL_REPRESENTATION('',(#2559),#2570);
#2559 = B_SPLINE_CURVE_WITH_KNOTS('',5,(#2560,#2561,#2562,#2563,#2564,
    #2565,#2566,#2567,#2568,#2569),.UNSPECIFIED.,.F.,.F.,(6,4,6),(0.,
    0.726853951683,1.),.UNSPECIFIED.);
#2560 = CARTESIAN_POINT('',(111.125,5.4873046875));
#2561 = CARTESIAN_POINT('',(111.125,5.55356739261));
#2562 = CARTESIAN_POINT('',(111.11884464601,5.617543831914));
#2563 = CARTESIAN_POINT('',(111.1063522592,5.67900387933));
#2564 = CARTESIAN_POINT('',(111.08744902626,5.737750812006));
#2565 = CARTESIAN_POINT('',(111.05271689023,5.814636621419));
#2566 = CARTESIAN_POINT('',(111.04233420191,5.835233753542));
#2567 = CARTESIAN_POINT('',(111.03105927831,5.855419292807));
#2568 = CARTESIAN_POINT('',(111.01889815083,5.875186836668));
#2569 = CARTESIAN_POINT('',(111.005859375,5.89453125));
#2570 = ( GEOMETRIC_REPRESENTATION_CONTEXT(2) 
PARAMETRIC_REPRESENTATION_CONTEXT() REPRESENTATION_CONTEXT('2D SPACE',''
  ) );
#2571 = PCURVE('',#2572,#2579);
#2572 = SURFACE_OF_LINEAR_EXTRUSION('',#2573,#2577);
#2573 = B_SPLINE_CURVE_WITH_KNOTS('',2,(#2574,#2575,#2576),
  .UNSPECIFIED.,.F.,.F.,(3,3),(0.,1.),.PIECEWISE_BEZIER_KNOTS.);
#2574 = CARTESIAN_POINT('',(6.005859375,-99.10546875,4.4));
#2575 = CARTESIAN_POINT('',(6.125,-99.2822265625,4.4));
#2576 = CARTESIAN_POINT('',(6.125,-99.5126953125,4.4));
#2577 = VECTOR('',#2578,1.);
#2578 = DIRECTION('',(-0.,-0.,-1.));
#2579 = DEFINITIONAL_REPRESENTATION('',(#2580),#2591);
#2580 = B_SPLINE_CURVE_WITH_KNOTS('',5,(#2581,#2582,#2583,#2584,#2585,
    #2586,#2587,#2588,#2589,#2590),.UNSPECIFIED.,.F.,.F.,(6,4,6),(0.,
    0.726853951683,1.),.UNSPECIFIED.);
#2581 = CARTESIAN_POINT('',(1.,-0.4));
#2582 = CARTESIAN_POINT('',(0.856243622811,-0.4));
#2583 = CARTESIAN_POINT('',(0.711427039285,-0.4));
#2584 = CARTESIAN_POINT('',(0.565871815109,-0.4));
#2585 = CARTESIAN_POINT('',(0.41993254579,-0.4));
#2586 = CARTESIAN_POINT('',(0.219159687017,-0.4));
#2587 = CARTESIAN_POINT('',(0.164319600748,-0.4));
#2588 = CARTESIAN_POINT('',(0.109499811454,-0.4));
#2589 = CARTESIAN_POINT('',(5.472010842973E-02,-0.4));
#2590 = CARTESIAN_POINT('',(0.,-0.4));
#2591 = ( GEOMETRIC_REPRESENTATION_CONTEXT(2) 
PARAMETRIC_REPRESENTATION_CONTEXT() REPRESENTATION_CONTEXT('2D SPACE',''
  ) );
#2592 = ORIENTED_EDGE('',*,*,#2593,.F.);
#2593 = EDGE_CURVE('',#2594,#2543,#2596,.T.);
#2594 = VERTEX_POINT('',#2595);
#2595 = CARTESIAN_POINT('',(5.994140625,-99.943359375,4.8));
#2596 = SURFACE_CURVE('',#2597,(#2608,#2622),.PCURVE_S1.);
#2597 = B_SPLINE_CURVE_WITH_KNOTS('',5,(#2598,#2599,#2600,#2601,#2602,
    #2603,#2604,#2605,#2606,#2607),.UNSPECIFIED.,.F.,.F.,(6,4,6),(0.,
    0.663706298313,1.),.UNSPECIFIED.);
#2598 = CARTESIAN_POINT('',(5.994140625,-99.943359375,4.8));
#2599 = CARTESIAN_POINT('',(6.028549363414,-99.8902055776,4.8));
#2600 = CARTESIAN_POINT('',(6.057520836909,-99.8355764626,4.8));
#2601 = CARTESIAN_POINT('',(6.080845098966,-99.77954658497,4.8));
#2602 = CARTESIAN_POINT('',(6.098392869825,-99.72221692948,4.8));
#2603 = CARTESIAN_POINT('',(6.116089796682,-99.63408068458,4.8));
#2604 = CARTESIAN_POINT('',(6.12055159026,-99.60414100434,4.8));
#2605 = CARTESIAN_POINT('',(6.123520535084,-99.57391817017,4.8));
#2606 = CARTESIAN_POINT('',(6.125,-99.54343000901,4.8));
#2607 = CARTESIAN_POINT('',(6.125,-99.5126953125,4.8));
#2608 = PCURVE('',#44,#2609);
#2609 = DEFINITIONAL_REPRESENTATION('',(#2610),#2621);
#2610 = B_SPLINE_CURVE_WITH_KNOTS('',5,(#2611,#2612,#2613,#2614,#2615,
    #2616,#2617,#2618,#2619,#2620),.UNSPECIFIED.,.F.,.F.,(6,4,6),(0.,
    0.663706298313,1.),.UNSPECIFIED.);
#2611 = CARTESIAN_POINT('',(110.994140625,5.056640625));
#2612 = CARTESIAN_POINT('',(111.02854936341,5.1097944224));
#2613 = CARTESIAN_POINT('',(111.0575208369,5.164423537399));
#2614 = CARTESIAN_POINT('',(111.08084509896,5.220453415024));
#2615 = CARTESIAN_POINT('',(111.09839286982,5.277783070519));
#2616 = CARTESIAN_POINT('',(111.11608979668,5.365919315417));
#2617 = CARTESIAN_POINT('',(111.12055159026,5.395858995653));
#2618 = CARTESIAN_POINT('',(111.12352053508,5.426081829826));
#2619 = CARTESIAN_POINT('',(111.125,5.456569990988));
#2620 = CARTESIAN_POINT('',(111.125,5.4873046875));
#2621 = ( GEOMETRIC_REPRESENTATION_CONTEXT(2) 
PARAMETRIC_REPRESENTATION_CONTEXT() REPRESENTATION_CONTEXT('2D SPACE',''
  ) );
#2622 = PCURVE('',#2623,#2630);
#2623 = SURFACE_OF_LINEAR_EXTRUSION('',#2624,#2628);
#2624 = B_SPLINE_CURVE_WITH_KNOTS('',2,(#2625,#2626,#2627),
  .UNSPECIFIED.,.F.,.F.,(3,3),(0.,1.),.PIECEWISE_BEZIER_KNOTS.);
#2625 = CARTESIAN_POINT('',(6.125,-99.5126953125,4.4));
#2626 = CARTESIAN_POINT('',(6.125,-99.7412109375,4.4));
#2627 = CARTESIAN_POINT('',(5.994140625,-99.943359375,4.4));
#2628 = VECTOR('',#2629,1.);
#2629 = DIRECTION('',(-0.,-0.,-1.));
#2630 = DEFINITIONAL_REPRESENTATION('',(#2631),#2642);
#2631 = B_SPLINE_CURVE_WITH_KNOTS('',5,(#2632,#2633,#2634,#2635,#2636,
    #2637,#2638,#2639,#2640,#2641),.UNSPECIFIED.,.F.,.F.,(6,4,6),(0.,
    0.663706298313,1.),.UNSPECIFIED.);
#2632 = CARTESIAN_POINT('',(1.,-0.4));
#2633 = CARTESIAN_POINT('',(0.868527805465,-0.4));
#2634 = CARTESIAN_POINT('',(0.73622470649,-0.4));
#2635 = CARTESIAN_POINT('',(0.603346391566,-0.4));
#2636 = CARTESIAN_POINT('',(0.470170814688,-0.4));
#2637 = CARTESIAN_POINT('',(0.269523608195,-0.4));
#2638 = CARTESIAN_POINT('',(0.2020474819,-0.4));
#2639 = CARTESIAN_POINT('',(0.134609961165,-0.4));
#2640 = CARTESIAN_POINT('',(6.724856672696E-02,-0.4));
#2641 = CARTESIAN_POINT('',(0.,-0.4));
#2642 = ( GEOMETRIC_REPRESENTATION_CONTEXT(2) 
PARAMETRIC_REPRESENTATION_CONTEXT() REPRESENTATION_CONTEXT('2D SPACE',''
  ) );
#2643 = ORIENTED_EDGE('',*,*,#2644,.F.);
#2644 = EDGE_CURVE('',#2645,#2594,#2647,.T.);
#2645 = VERTEX_POINT('',#2646);
#2646 = CARTESIAN_POINT('',(5.6181640625,-100.2578125,4.8));
#2647 = SURFACE_CURVE('',#2648,(#2659,#2673),.PCURVE_S1.);
#2648 = B_SPLINE_CURVE_WITH_KNOTS('',5,(#2649,#2650,#2651,#2652,#2653,
    #2654,#2655,#2656,#2657,#2658),.UNSPECIFIED.,.F.,.F.,(6,4,6),(0.,
    0.850003832221,1.),.UNSPECIFIED.);
#2649 = CARTESIAN_POINT('',(5.6181640625,-100.2578125,4.8));
#2650 = CARTESIAN_POINT('',(5.700084186793,-100.2202793753,4.8));
#2651 = CARTESIAN_POINT('',(5.774985764292,-100.1760355357,4.8));
#2652 = CARTESIAN_POINT('',(5.842222877123,-100.1249126549,4.8));
#2653 = CARTESIAN_POINT('',(5.901306992995,-100.066924122,4.8));
#2654 = CARTESIAN_POINT('',(5.960964263292,-99.99096629241,4.8));
#2655 = CARTESIAN_POINT('',(5.969651946189,-99.97936797398,4.8));
#2656 = CARTESIAN_POINT('',(5.978077781974,-99.96756621438,4.8));
#2657 = CARTESIAN_POINT('',(5.986240879588,-99.95556271306,4.8));
#2658 = CARTESIAN_POINT('',(5.994140625,-99.943359375,4.8));
#2659 = PCURVE('',#44,#2660);
#2660 = DEFINITIONAL_REPRESENTATION('',(#2661),#2672);
#2661 = B_SPLINE_CURVE_WITH_KNOTS('',5,(#2662,#2663,#2664,#2665,#2666,
    #2667,#2668,#2669,#2670,#2671),.UNSPECIFIED.,.F.,.F.,(6,4,6),(0.,
    0.850003832221,1.),.UNSPECIFIED.);
#2662 = CARTESIAN_POINT('',(110.6181640625,4.7421875));
#2663 = CARTESIAN_POINT('',(110.70008418679,4.779720624676));
#2664 = CARTESIAN_POINT('',(110.77498576429,4.823964464202));
#2665 = CARTESIAN_POINT('',(110.84222287712,4.875087345033));
#2666 = CARTESIAN_POINT('',(110.90130699299,4.933075877913));
#2667 = CARTESIAN_POINT('',(110.96096426329,5.009033707582));
#2668 = CARTESIAN_POINT('',(110.96965194618,5.020632026011));
#2669 = CARTESIAN_POINT('',(110.97807778197,5.032433785611));
#2670 = CARTESIAN_POINT('',(110.98624087958,5.044437286938));
#2671 = CARTESIAN_POINT('',(110.994140625,5.056640625));
#2672 = ( GEOMETRIC_REPRESENTATION_CONTEXT(2) 
PARAMETRIC_REPRESENTATION_CONTEXT() REPRESENTATION_CONTEXT('2D SPACE',''
  ) );
#2673 = PCURVE('',#2674,#2681);
#2674 = SURFACE_OF_LINEAR_EXTRUSION('',#2675,#2679);
#2675 = B_SPLINE_CURVE_WITH_KNOTS('',2,(#2676,#2677,#2678),
  .UNSPECIFIED.,.F.,.F.,(3,3),(0.,1.),.PIECEWISE_BEZIER_KNOTS.);
#2676 = CARTESIAN_POINT('',(5.994140625,-99.943359375,4.4));
#2677 = CARTESIAN_POINT('',(5.86328125,-100.1455078125,4.4));
#2678 = CARTESIAN_POINT('',(5.6181640625,-100.2578125,4.4));
#2679 = VECTOR('',#2680,1.);
#2680 = DIRECTION('',(-0.,-0.,-1.));
#2681 = DEFINITIONAL_REPRESENTATION('',(#2682),#2693);
#2682 = B_SPLINE_CURVE_WITH_KNOTS('',5,(#2683,#2684,#2685,#2686,#2687,
    #2688,#2689,#2690,#2691,#2692),.UNSPECIFIED.,.F.,.F.,(6,4,6),(0.,
    0.850003832221,1.),.UNSPECIFIED.);
#2683 = CARTESIAN_POINT('',(1.,-0.4));
#2684 = CARTESIAN_POINT('',(0.832896001441,-0.4));
#2685 = CARTESIAN_POINT('',(0.663838435309,-0.4));
#2686 = CARTESIAN_POINT('',(0.493383896877,-0.4));
#2687 = CARTESIAN_POINT('',(0.322183982584,-0.4));
#2688 = CARTESIAN_POINT('',(0.120791969872,-0.4));
#2689 = CARTESIAN_POINT('',(9.058401074085E-02,-0.4));
#2690 = CARTESIAN_POINT('',(6.038007674179E-02,-0.4));
#2691 = CARTESIAN_POINT('',(3.018410187377E-02,-0.4));
#2692 = CARTESIAN_POINT('',(0.,-0.4));
#2693 = ( GEOMETRIC_REPRESENTATION_CONTEXT(2) 
PARAMETRIC_REPRESENTATION_CONTEXT() REPRESENTATION_CONTEXT('2D SPACE',''
  ) );
#2694 = ORIENTED_EDGE('',*,*,#2695,.F.);
#2695 = EDGE_CURVE('',#2696,#2645,#2698,.T.);
#2696 = VERTEX_POINT('',#2697);
#2697 = CARTESIAN_POINT('',(5.06640625,-100.3701171875,4.8));
#2698 = SURFACE_CURVE('',#2699,(#2706,#2716),.PCURVE_S1.);
#2699 = B_SPLINE_CURVE_WITH_KNOTS('',5,(#2700,#2701,#2702,#2703,#2704,
    #2705),.UNSPECIFIED.,.F.,.F.,(6,6),(0.,1.),
  .PIECEWISE_BEZIER_KNOTS.);
#2700 = CARTESIAN_POINT('',(5.06640625,-100.3701171875,4.8));
#2701 = CARTESIAN_POINT('',(5.186641902147,-100.3701171875,4.8));
#2702 = CARTESIAN_POINT('',(5.302592400177,-100.3593255254,4.8));
#2703 = CARTESIAN_POINT('',(5.413567847596,-100.3371587105,4.8));
#2704 = CARTESIAN_POINT('',(5.51892496368,-100.303280613,4.8));
#2705 = CARTESIAN_POINT('',(5.6181640625,-100.2578125,4.8));
#2706 = PCURVE('',#44,#2707);
#2707 = DEFINITIONAL_REPRESENTATION('',(#2708),#2715);
#2708 = B_SPLINE_CURVE_WITH_KNOTS('',5,(#2709,#2710,#2711,#2712,#2713,
    #2714),.UNSPECIFIED.,.F.,.F.,(6,6),(0.,1.),
  .PIECEWISE_BEZIER_KNOTS.);
#2709 = CARTESIAN_POINT('',(110.06640625,4.6298828125));
#2710 = CARTESIAN_POINT('',(110.18664190214,4.6298828125));
#2711 = CARTESIAN_POINT('',(110.30259240017,4.640674474568));
#2712 = CARTESIAN_POINT('',(110.41356784759,4.662841289467));
#2713 = CARTESIAN_POINT('',(110.51892496368,4.696719386995));
#2714 = CARTESIAN_POINT('',(110.6181640625,4.7421875));
#2715 = ( GEOMETRIC_REPRESENTATION_CONTEXT(2) 
PARAMETRIC_REPRESENTATION_CONTEXT() REPRESENTATION_CONTEXT('2D SPACE',''
  ) );
#2716 = PCURVE('',#2717,#2724);
#2717 = SURFACE_OF_LINEAR_EXTRUSION('',#2718,#2722);
#2718 = B_SPLINE_CURVE_WITH_KNOTS('',2,(#2719,#2720,#2721),
  .UNSPECIFIED.,.F.,.F.,(3,3),(0.,1.),.PIECEWISE_BEZIER_KNOTS.);
#2719 = CARTESIAN_POINT('',(5.6181640625,-100.2578125,4.4));
#2720 = CARTESIAN_POINT('',(5.373046875,-100.3701171875,4.4));
#2721 = CARTESIAN_POINT('',(5.06640625,-100.3701171875,4.4));
#2722 = VECTOR('',#2723,1.);
#2723 = DIRECTION('',(-0.,-0.,-1.));
#2724 = DEFINITIONAL_REPRESENTATION('',(#2725),#2732);
#2725 = B_SPLINE_CURVE_WITH_KNOTS('',5,(#2726,#2727,#2728,#2729,#2730,
    #2731),.UNSPECIFIED.,.F.,.F.,(6,6),(0.,1.),
  .PIECEWISE_BEZIER_KNOTS.);
#2726 = CARTESIAN_POINT('',(1.,-0.4));
#2727 = CARTESIAN_POINT('',(0.803946962104,-0.4));
#2728 = CARTESIAN_POINT('',(0.605241307835,-0.4));
#2729 = CARTESIAN_POINT('',(0.404486748836,-0.4));
#2730 = CARTESIAN_POINT('',(0.202431946597,-0.4));
#2731 = CARTESIAN_POINT('',(0.,-0.4));
#2732 = ( GEOMETRIC_REPRESENTATION_CONTEXT(2) 
PARAMETRIC_REPRESENTATION_CONTEXT() REPRESENTATION_CONTEXT('2D SPACE',''
  ) );
#2733 = ORIENTED_EDGE('',*,*,#2734,.F.);
#2734 = EDGE_CURVE('',#2735,#2696,#2737,.T.);
#2735 = VERTEX_POINT('',#2736);
#2736 = CARTESIAN_POINT('',(4.4150390625,-100.2568359375,4.8));
#2737 = SURFACE_CURVE('',#2738,(#2746,#2757),.PCURVE_S1.);
#2738 = B_SPLINE_CURVE_WITH_KNOTS('',6,(#2739,#2740,#2741,#2742,#2743,
    #2744,#2745),.UNSPECIFIED.,.F.,.F.,(7,7),(0.,1.),
  .PIECEWISE_BEZIER_KNOTS.);
#2739 = CARTESIAN_POINT('',(4.4150390625,-100.2568359375,4.8));
#2740 = CARTESIAN_POINT('',(4.506421770317,-100.296242607,4.8));
#2741 = CARTESIAN_POINT('',(4.605784784815,-100.3269212912,4.8));
#2742 = CARTESIAN_POINT('',(4.712328451504,-100.3491101065,4.8));
#2743 = CARTESIAN_POINT('',(4.825157757999,-100.3633126352,4.8));
#2744 = CARTESIAN_POINT('',(4.943427543256,-100.3701171875,4.8));
#2745 = CARTESIAN_POINT('',(5.06640625,-100.3701171875,4.8));
#2746 = PCURVE('',#44,#2747);
#2747 = DEFINITIONAL_REPRESENTATION('',(#2748),#2756);
#2748 = B_SPLINE_CURVE_WITH_KNOTS('',6,(#2749,#2750,#2751,#2752,#2753,
    #2754,#2755),.UNSPECIFIED.,.F.,.F.,(7,7),(0.,1.),
  .PIECEWISE_BEZIER_KNOTS.);
#2749 = CARTESIAN_POINT('',(109.4150390625,4.7431640625));
#2750 = CARTESIAN_POINT('',(109.50642177031,4.703757392958));
#2751 = CARTESIAN_POINT('',(109.60578478481,4.67307870877));
#2752 = CARTESIAN_POINT('',(109.7123284515,4.65088989345));
#2753 = CARTESIAN_POINT('',(109.82515775799,4.636687364743));
#2754 = CARTESIAN_POINT('',(109.94342754325,4.6298828125));
#2755 = CARTESIAN_POINT('',(110.06640625,4.6298828125));
#2756 = ( GEOMETRIC_REPRESENTATION_CONTEXT(2) 
PARAMETRIC_REPRESENTATION_CONTEXT() REPRESENTATION_CONTEXT('2D SPACE',''
  ) );
#2757 = PCURVE('',#2758,#2765);
#2758 = SURFACE_OF_LINEAR_EXTRUSION('',#2759,#2763);
#2759 = B_SPLINE_CURVE_WITH_KNOTS('',2,(#2760,#2761,#2762),
  .UNSPECIFIED.,.F.,.F.,(3,3),(0.,1.),.PIECEWISE_BEZIER_KNOTS.);
#2760 = CARTESIAN_POINT('',(5.06640625,-100.3701171875,4.4));
#2761 = CARTESIAN_POINT('',(4.677734375,-100.3701171875,4.4));
#2762 = CARTESIAN_POINT('',(4.4150390625,-100.2568359375,4.4));
#2763 = VECTOR('',#2764,1.);
#2764 = DIRECTION('',(-0.,-0.,-1.));
#2765 = DEFINITIONAL_REPRESENTATION('',(#2766),#2774);
#2766 = B_SPLINE_CURVE_WITH_KNOTS('',6,(#2767,#2768,#2769,#2770,#2771,
    #2772,#2773),.UNSPECIFIED.,.F.,.F.,(7,7),(0.,1.),
  .PIECEWISE_BEZIER_KNOTS.);
#2767 = CARTESIAN_POINT('',(1.,-0.4));
#2768 = CARTESIAN_POINT('',(0.826067113746,-0.4));
#2769 = CARTESIAN_POINT('',(0.654354371363,-0.4));
#2770 = CARTESIAN_POINT('',(0.485549824356,-0.4));
#2771 = CARTESIAN_POINT('',(0.32008442002,-0.4));
#2772 = CARTESIAN_POINT('',(0.15820376345,-0.4));
#2773 = CARTESIAN_POINT('',(0.,-0.4));
#2774 = ( GEOMETRIC_REPRESENTATION_CONTEXT(2) 
PARAMETRIC_REPRESENTATION_CONTEXT() REPRESENTATION_CONTEXT('2D SPACE',''
  ) );
#2775 = ORIENTED_EDGE('',*,*,#2776,.F.);
#2776 = EDGE_CURVE('',#2777,#2735,#2779,.T.);
#2777 = VERTEX_POINT('',#2778);
#2778 = CARTESIAN_POINT('',(4.0029296875,-99.916015625,4.8));
#2779 = SURFACE_CURVE('',#2780,(#2791,#2805),.PCURVE_S1.);
#2780 = B_SPLINE_CURVE_WITH_KNOTS('',5,(#2781,#2782,#2783,#2784,#2785,
    #2786,#2787,#2788,#2789,#2790),.UNSPECIFIED.,.F.,.F.,(6,4,6),(0.,
    0.350093804074,1.),.UNSPECIFIED.);
#2781 = CARTESIAN_POINT('',(4.0029296875,-99.916015625,4.8));
#2782 = CARTESIAN_POINT('',(4.023838616021,-99.9478573266,4.8));
#2783 = CARTESIAN_POINT('',(4.046185273772,-99.97837870913,4.8));
#2784 = CARTESIAN_POINT('',(4.069966832924,-100.0075405998,4.8));
#2785 = CARTESIAN_POINT('',(4.095170741355,-100.035312257,4.8));
#2786 = CARTESIAN_POINT('',(4.171161750026,-100.1106038296,4.8));
#2787 = CARTESIAN_POINT('',(4.225375780183,-100.1546709214,4.8));
#2788 = CARTESIAN_POINT('',(4.28427000848,-100.1937257232,4.8));
#2789 = CARTESIAN_POINT('',(4.347596957895,-100.2277530968,4.8));
#2790 = CARTESIAN_POINT('',(4.4150390625,-100.2568359375,4.8));
#2791 = PCURVE('',#44,#2792);
#2792 = DEFINITIONAL_REPRESENTATION('',(#2793),#2804);
#2793 = B_SPLINE_CURVE_WITH_KNOTS('',5,(#2794,#2795,#2796,#2797,#2798,
    #2799,#2800,#2801,#2802,#2803),.UNSPECIFIED.,.F.,.F.,(6,4,6),(0.,
    0.350093804074,1.),.UNSPECIFIED.);
#2794 = CARTESIAN_POINT('',(109.0029296875,5.083984375));
#2795 = CARTESIAN_POINT('',(109.02383861602,5.052142673396));
#2796 = CARTESIAN_POINT('',(109.04618527377,5.021621290863));
#2797 = CARTESIAN_POINT('',(109.06996683292,4.992459400142));
#2798 = CARTESIAN_POINT('',(109.09517074135,4.96468774293));
#2799 = CARTESIAN_POINT('',(109.17116175002,4.889396170385));
#2800 = CARTESIAN_POINT('',(109.22537578018,4.845329078566));
#2801 = CARTESIAN_POINT('',(109.28427000848,4.806274276786));
#2802 = CARTESIAN_POINT('',(109.34759695789,4.772246903148));
#2803 = CARTESIAN_POINT('',(109.4150390625,4.7431640625));
#2804 = ( GEOMETRIC_REPRESENTATION_CONTEXT(2) 
PARAMETRIC_REPRESENTATION_CONTEXT() REPRESENTATION_CONTEXT('2D SPACE',''
  ) );
#2805 = PCURVE('',#2806,#2813);
#2806 = SURFACE_OF_LINEAR_EXTRUSION('',#2807,#2811);
#2807 = B_SPLINE_CURVE_WITH_KNOTS('',2,(#2808,#2809,#2810),
  .UNSPECIFIED.,.F.,.F.,(3,3),(0.,1.),.PIECEWISE_BEZIER_KNOTS.);
#2808 = CARTESIAN_POINT('',(4.4150390625,-100.2568359375,4.4));
#2809 = CARTESIAN_POINT('',(4.15234375,-100.1435546875,4.4));
#2810 = CARTESIAN_POINT('',(4.0029296875,-99.916015625,4.4));
#2811 = VECTOR('',#2812,1.);
#2812 = DIRECTION('',(-0.,-0.,-1.));
#2813 = DEFINITIONAL_REPRESENTATION('',(#2814),#2825);
#2814 = B_SPLINE_CURVE_WITH_KNOTS('',5,(#2815,#2816,#2817,#2818,#2819,
    #2820,#2821,#2822,#2823,#2824),.UNSPECIFIED.,.F.,.F.,(6,4,6),(0.,
    0.350093804074,1.),.UNSPECIFIED.);
#2815 = CARTESIAN_POINT('',(1.,-0.4));
#2816 = CARTESIAN_POINT('',(0.930030252269,-0.4));
#2817 = CARTESIAN_POINT('',(0.859888915108,-0.4));
#2818 = CARTESIAN_POINT('',(0.789631541627,-0.4));
#2819 = CARTESIAN_POINT('',(0.719315505307,-0.4));
#2820 = CARTESIAN_POINT('',(0.518467891072,-0.4));
#2821 = CARTESIAN_POINT('',(0.387931489643,-0.4));
#2822 = CARTESIAN_POINT('',(0.257780748712,-0.4));
#2823 = CARTESIAN_POINT('',(0.128365641479,-0.4));
#2824 = CARTESIAN_POINT('',(0.,-0.4));
#2825 = ( GEOMETRIC_REPRESENTATION_CONTEXT(2) 
PARAMETRIC_REPRESENTATION_CONTEXT() REPRESENTATION_CONTEXT('2D SPACE',''
  ) );
#2826 = ORIENTED_EDGE('',*,*,#2827,.F.);
#2827 = EDGE_CURVE('',#1345,#2777,#2828,.T.);
#2828 = SURFACE_CURVE('',#2829,(#2840,#2854),.PCURVE_S1.);
#2829 = B_SPLINE_CURVE_WITH_KNOTS('',5,(#2830,#2831,#2832,#2833,#2834,
    #2835,#2836,#2837,#2838,#2839),.UNSPECIFIED.,.F.,.F.,(6,4,6),(0.,
    0.678937753504,1.),.UNSPECIFIED.);
#2830 = CARTESIAN_POINT('',(3.845703125,-99.4013671875,4.8));
#2831 = CARTESIAN_POINT('',(3.847798665239,-99.47837829128,4.8));
#2832 = CARTESIAN_POINT('',(3.856278552269,-99.55333526836,4.8));
#2833 = CARTESIAN_POINT('',(3.871344349651,-99.62596400203,4.8));
#2834 = CARTESIAN_POINT('',(3.893076167333,-99.69601988506,4.8));
#2835 = CARTESIAN_POINT('',(3.934777604876,-99.79512189413,4.8));
#2836 = CARTESIAN_POINT('',(3.949638311498,-99.82632062206,4.8));
#2837 = CARTESIAN_POINT('',(3.965962278112,-99.85687977509,4.8));
#2838 = CARTESIAN_POINT('',(3.983733706071,-99.88678252909,4.8));
#2839 = CARTESIAN_POINT('',(4.0029296875,-99.916015625,4.8));
#2840 = PCURVE('',#44,#2841);
#2841 = DEFINITIONAL_REPRESENTATION('',(#2842),#2853);
#2842 = B_SPLINE_CURVE_WITH_KNOTS('',5,(#2843,#2844,#2845,#2846,#2847,
    #2848,#2849,#2850,#2851,#2852),.UNSPECIFIED.,.F.,.F.,(6,4,6),(0.,
    0.678937753504,1.),.UNSPECIFIED.);
#2843 = CARTESIAN_POINT('',(108.845703125,5.5986328125));
#2844 = CARTESIAN_POINT('',(108.84779866523,5.521621708716));
#2845 = CARTESIAN_POINT('',(108.85627855226,5.446664731638));
#2846 = CARTESIAN_POINT('',(108.87134434965,5.374035997965));
#2847 = CARTESIAN_POINT('',(108.89307616733,5.303980114933));
#2848 = CARTESIAN_POINT('',(108.93477760487,5.204878105869));
#2849 = CARTESIAN_POINT('',(108.94963831149,5.173679377938));
#2850 = CARTESIAN_POINT('',(108.96596227811,5.143120224907));
#2851 = CARTESIAN_POINT('',(108.98373370607,5.113217470902));
#2852 = CARTESIAN_POINT('',(109.0029296875,5.083984375));
#2853 = ( GEOMETRIC_REPRESENTATION_CONTEXT(2) 
PARAMETRIC_REPRESENTATION_CONTEXT() REPRESENTATION_CONTEXT('2D SPACE',''
  ) );
#2854 = PCURVE('',#2855,#2862);
#2855 = SURFACE_OF_LINEAR_EXTRUSION('',#2856,#2860);
#2856 = B_SPLINE_CURVE_WITH_KNOTS('',2,(#2857,#2858,#2859),
  .UNSPECIFIED.,.F.,.F.,(3,3),(0.,1.),.PIECEWISE_BEZIER_KNOTS.);
#2857 = CARTESIAN_POINT('',(4.0029296875,-99.916015625,4.4));
#2858 = CARTESIAN_POINT('',(3.853515625,-99.6884765625,4.4));
#2859 = CARTESIAN_POINT('',(3.845703125,-99.4013671875,4.4));
#2860 = VECTOR('',#2861,1.);
#2861 = DIRECTION('',(-0.,-0.,-1.));
#2862 = DEFINITIONAL_REPRESENTATION('',(#2863),#2874);
#2863 = B_SPLINE_CURVE_WITH_KNOTS('',5,(#2864,#2865,#2866,#2867,#2868,
    #2869,#2870,#2871,#2872,#2873),.UNSPECIFIED.,.F.,.F.,(6,4,6),(0.,
    0.678937753504,1.),.UNSPECIFIED.);
#2864 = CARTESIAN_POINT('',(1.,-0.4));
#2865 = CARTESIAN_POINT('',(0.865885424702,-0.4));
#2866 = CARTESIAN_POINT('',(0.730683193385,-0.4));
#2867 = CARTESIAN_POINT('',(0.594719276418,-0.4));
#2868 = CARTESIAN_POINT('',(0.458356808628,-0.4));
#2869 = CARTESIAN_POINT('',(0.257518354846,-0.4));
#2870 = CARTESIAN_POINT('',(0.193036626777,-0.4));
#2871 = CARTESIAN_POINT('',(0.128596215667,-0.4));
#2872 = CARTESIAN_POINT('',(6.423753262479E-02,-0.4));
#2873 = CARTESIAN_POINT('',(0.,-0.4));
#2874 = ( GEOMETRIC_REPRESENTATION_CONTEXT(2) 
PARAMETRIC_REPRESENTATION_CONTEXT() REPRESENTATION_CONTEXT('2D SPACE',''
  ) );
#2875 = FACE_BOUND('',#2876,.T.);
#2876 = EDGE_LOOP('',(#2877,#2905,#2931,#2957,#2986,#3012,#3038,#3064,
    #3090,#3116,#3142,#3168,#3194,#3220,#3246,#3272,#3301,#3325,#3351,
    #3377,#3403));
#2877 = ORIENTED_EDGE('',*,*,#2878,.F.);
#2878 = EDGE_CURVE('',#2879,#2881,#2883,.T.);
#2879 = VERTEX_POINT('',#2880);
#2880 = CARTESIAN_POINT('',(75.6,-55.6,4.8));
#2881 = VERTEX_POINT('',#2882);
#2882 = CARTESIAN_POINT('',(75.6,-49.7,4.8));
#2883 = SURFACE_CURVE('',#2884,(#2888,#2894),.PCURVE_S1.);
#2884 = LINE('',#2885,#2886);
#2885 = CARTESIAN_POINT('',(75.6,-80.3,4.8));
#2886 = VECTOR('',#2887,1.);
#2887 = DIRECTION('',(-0.,1.,0.));
#2888 = PCURVE('',#44,#2889);
#2889 = DEFINITIONAL_REPRESENTATION('',(#2890),#2893);
#2890 = B_SPLINE_CURVE_WITH_KNOTS('',1,(#2891,#2892),.UNSPECIFIED.,.F.,
  .F.,(2,2),(24.7,135.9),.PIECEWISE_BEZIER_KNOTS.);
#2891 = CARTESIAN_POINT('',(180.6,49.4));
#2892 = CARTESIAN_POINT('',(180.6,160.6));
#2893 = ( GEOMETRIC_REPRESENTATION_CONTEXT(2) 
PARAMETRIC_REPRESENTATION_CONTEXT() REPRESENTATION_CONTEXT('2D SPACE',''
  ) );
#2894 = PCURVE('',#2895,#2900);
#2895 = PLANE('',#2896);
#2896 = AXIS2_PLACEMENT_3D('',#2897,#2898,#2899);
#2897 = CARTESIAN_POINT('',(75.6,-55.6,3.));
#2898 = DIRECTION('',(1.,0.,-0.));
#2899 = DIRECTION('',(0.,0.,1.));
#2900 = DEFINITIONAL_REPRESENTATION('',(#2901),#2904);
#2901 = B_SPLINE_CURVE_WITH_KNOTS('',1,(#2902,#2903),.UNSPECIFIED.,.F.,
  .F.,(2,2),(24.7,135.9),.PIECEWISE_BEZIER_KNOTS.);
#2902 = CARTESIAN_POINT('',(1.8,0.));
#2903 = CARTESIAN_POINT('',(1.8,-111.2));
#2904 = ( GEOMETRIC_REPRESENTATION_CONTEXT(2) 
PARAMETRIC_REPRESENTATION_CONTEXT() REPRESENTATION_CONTEXT('2D SPACE',''
  ) );
#2905 = ORIENTED_EDGE('',*,*,#2906,.T.);
#2906 = EDGE_CURVE('',#2879,#2907,#2909,.T.);
#2907 = VERTEX_POINT('',#2908);
#2908 = CARTESIAN_POINT('',(-75.6,-55.6,4.8));
#2909 = SURFACE_CURVE('',#2910,(#2914,#2920),.PCURVE_S1.);
#2910 = LINE('',#2911,#2912);
#2911 = CARTESIAN_POINT('',(-90.3,-55.6,4.8));
#2912 = VECTOR('',#2913,1.);
#2913 = DIRECTION('',(-1.,-0.,0.));
#2914 = PCURVE('',#44,#2915);
#2915 = DEFINITIONAL_REPRESENTATION('',(#2916),#2919);
#2916 = B_SPLINE_CURVE_WITH_KNOTS('',1,(#2917,#2918),.UNSPECIFIED.,.F.,
  .F.,(2,2),(-165.9,-14.7),.PIECEWISE_BEZIER_KNOTS.);
#2917 = CARTESIAN_POINT('',(180.6,49.4));
#2918 = CARTESIAN_POINT('',(29.4,49.4));
#2919 = ( GEOMETRIC_REPRESENTATION_CONTEXT(2) 
PARAMETRIC_REPRESENTATION_CONTEXT() REPRESENTATION_CONTEXT('2D SPACE',''
  ) );
#2920 = PCURVE('',#2921,#2926);
#2921 = PLANE('',#2922);
#2922 = AXIS2_PLACEMENT_3D('',#2923,#2924,#2925);
#2923 = CARTESIAN_POINT('',(-75.6,-55.6,3.));
#2924 = DIRECTION('',(-0.,1.,0.));
#2925 = DIRECTION('',(0.,0.,1.));
#2926 = DEFINITIONAL_REPRESENTATION('',(#2927),#2930);
#2927 = B_SPLINE_CURVE_WITH_KNOTS('',1,(#2928,#2929),.UNSPECIFIED.,.F.,
  .F.,(2,2),(-165.9,-14.7),.PIECEWISE_BEZIER_KNOTS.);
#2928 = CARTESIAN_POINT('',(1.8,151.2));
#2929 = CARTESIAN_POINT('',(1.8,0.));
#2930 = ( GEOMETRIC_REPRESENTATION_CONTEXT(2) 
PARAMETRIC_REPRESENTATION_CONTEXT() REPRESENTATION_CONTEXT('2D SPACE',''
  ) );
#2931 = ORIENTED_EDGE('',*,*,#2932,.T.);
#2932 = EDGE_CURVE('',#2907,#2933,#2935,.T.);
#2933 = VERTEX_POINT('',#2934);
#2934 = CARTESIAN_POINT('',(-75.6,-3.954743986657,4.8));
#2935 = SURFACE_CURVE('',#2936,(#2940,#2946),.PCURVE_S1.);
#2936 = LINE('',#2937,#2938);
#2937 = CARTESIAN_POINT('',(-75.6,-80.3,4.8));
#2938 = VECTOR('',#2939,1.);
#2939 = DIRECTION('',(-0.,1.,0.));
#2940 = PCURVE('',#44,#2941);
#2941 = DEFINITIONAL_REPRESENTATION('',(#2942),#2945);
#2942 = B_SPLINE_CURVE_WITH_KNOTS('',1,(#2943,#2944),.UNSPECIFIED.,.F.,
  .F.,(2,2),(24.7,135.9),.PIECEWISE_BEZIER_KNOTS.);
#2943 = CARTESIAN_POINT('',(29.4,49.4));
#2944 = CARTESIAN_POINT('',(29.4,160.6));
#2945 = ( GEOMETRIC_REPRESENTATION_CONTEXT(2) 
PARAMETRIC_REPRESENTATION_CONTEXT() REPRESENTATION_CONTEXT('2D SPACE',''
  ) );
#2946 = PCURVE('',#2947,#2952);
#2947 = PLANE('',#2948);
#2948 = AXIS2_PLACEMENT_3D('',#2949,#2950,#2951);
#2949 = CARTESIAN_POINT('',(-75.6,-55.6,3.));
#2950 = DIRECTION('',(1.,0.,-0.));
#2951 = DIRECTION('',(0.,0.,1.));
#2952 = DEFINITIONAL_REPRESENTATION('',(#2953),#2956);
#2953 = B_SPLINE_CURVE_WITH_KNOTS('',1,(#2954,#2955),.UNSPECIFIED.,.F.,
  .F.,(2,2),(24.7,135.9),.PIECEWISE_BEZIER_KNOTS.);
#2954 = CARTESIAN_POINT('',(1.8,0.));
#2955 = CARTESIAN_POINT('',(1.8,-111.2));
#2956 = ( GEOMETRIC_REPRESENTATION_CONTEXT(2) 
PARAMETRIC_REPRESENTATION_CONTEXT() REPRESENTATION_CONTEXT('2D SPACE',''
  ) );
#2957 = ORIENTED_EDGE('',*,*,#2958,.F.);
#2958 = EDGE_CURVE('',#2959,#2933,#2961,.T.);
#2959 = VERTEX_POINT('',#2960);
#2960 = CARTESIAN_POINT('',(-75.6,3.954743986657,4.8));
#2961 = SURFACE_CURVE('',#2962,(#2967,#2974),.PCURVE_S1.);
#2962 = CIRCLE('',#2963,4.);
#2963 = AXIS2_PLACEMENT_3D('',#2964,#2965,#2966);
#2964 = CARTESIAN_POINT('',(-75.,0.,4.8));
#2965 = DIRECTION('',(0.,0.,1.));
#2966 = DIRECTION('',(1.,0.,-0.));
#2967 = PCURVE('',#44,#2968);
#2968 = DEFINITIONAL_REPRESENTATION('',(#2969),#2973);
#2969 = CIRCLE('',#2970,4.);
#2970 = AXIS2_PLACEMENT_2D('',#2971,#2972);
#2971 = CARTESIAN_POINT('',(30.,105.));
#2972 = DIRECTION('',(1.,0.));
#2973 = ( GEOMETRIC_REPRESENTATION_CONTEXT(2) 
PARAMETRIC_REPRESENTATION_CONTEXT() REPRESENTATION_CONTEXT('2D SPACE',''
  ) );
#2974 = PCURVE('',#2975,#2980);
#2975 = CYLINDRICAL_SURFACE('',#2976,4.);
#2976 = AXIS2_PLACEMENT_3D('',#2977,#2978,#2979);
#2977 = CARTESIAN_POINT('',(-75.,0.,1.4));
#2978 = DIRECTION('',(0.,0.,1.));
#2979 = DIRECTION('',(1.,0.,-0.));
#2980 = DEFINITIONAL_REPRESENTATION('',(#2981),#2985);
#2981 = LINE('',#2982,#2983);
#2982 = CARTESIAN_POINT('',(0.,3.4));
#2983 = VECTOR('',#2984,1.);
#2984 = DIRECTION('',(1.,0.));
#2985 = ( GEOMETRIC_REPRESENTATION_CONTEXT(2) 
PARAMETRIC_REPRESENTATION_CONTEXT() REPRESENTATION_CONTEXT('2D SPACE',''
  ) );
#2986 = ORIENTED_EDGE('',*,*,#2987,.T.);
#2987 = EDGE_CURVE('',#2959,#2988,#2990,.T.);
#2988 = VERTEX_POINT('',#2989);
#2989 = CARTESIAN_POINT('',(-75.6,55.6,4.8));
#2990 = SURFACE_CURVE('',#2991,(#2995,#3001),.PCURVE_S1.);
#2991 = LINE('',#2992,#2993);
#2992 = CARTESIAN_POINT('',(-75.6,-80.3,4.8));
#2993 = VECTOR('',#2994,1.);
#2994 = DIRECTION('',(-0.,1.,0.));
#2995 = PCURVE('',#44,#2996);
#2996 = DEFINITIONAL_REPRESENTATION('',(#2997),#3000);
#2997 = B_SPLINE_CURVE_WITH_KNOTS('',1,(#2998,#2999),.UNSPECIFIED.,.F.,
  .F.,(2,2),(24.7,135.9),.PIECEWISE_BEZIER_KNOTS.);
#2998 = CARTESIAN_POINT('',(29.4,49.4));
#2999 = CARTESIAN_POINT('',(29.4,160.6));
#3000 = ( GEOMETRIC_REPRESENTATION_CONTEXT(2) 
PARAMETRIC_REPRESENTATION_CONTEXT() REPRESENTATION_CONTEXT('2D SPACE',''
  ) );
#3001 = PCURVE('',#3002,#3007);
#3002 = PLANE('',#3003);
#3003 = AXIS2_PLACEMENT_3D('',#3004,#3005,#3006);
#3004 = CARTESIAN_POINT('',(-75.6,-55.6,3.));
#3005 = DIRECTION('',(1.,0.,-0.));
#3006 = DIRECTION('',(0.,0.,1.));
#3007 = DEFINITIONAL_REPRESENTATION('',(#3008),#3011);
#3008 = B_SPLINE_CURVE_WITH_KNOTS('',1,(#3009,#3010),.UNSPECIFIED.,.F.,
  .F.,(2,2),(24.7,135.9),.PIECEWISE_BEZIER_KNOTS.);
#3009 = CARTESIAN_POINT('',(1.8,0.));
#3010 = CARTESIAN_POINT('',(1.8,-111.2));
#3011 = ( GEOMETRIC_REPRESENTATION_CONTEXT(2) 
PARAMETRIC_REPRESENTATION_CONTEXT() REPRESENTATION_CONTEXT('2D SPACE',''
  ) );
#3012 = ORIENTED_EDGE('',*,*,#3013,.F.);
#3013 = EDGE_CURVE('',#3014,#2988,#3016,.T.);
#3014 = VERTEX_POINT('',#3015);
#3015 = CARTESIAN_POINT('',(-3.2,55.6,4.8));
#3016 = SURFACE_CURVE('',#3017,(#3021,#3027),.PCURVE_S1.);
#3017 = LINE('',#3018,#3019);
#3018 = CARTESIAN_POINT('',(-90.3,55.6,4.8));
#3019 = VECTOR('',#3020,1.);
#3020 = DIRECTION('',(-1.,-0.,0.));
#3021 = PCURVE('',#44,#3022);
#3022 = DEFINITIONAL_REPRESENTATION('',(#3023),#3026);
#3023 = B_SPLINE_CURVE_WITH_KNOTS('',1,(#3024,#3025),.UNSPECIFIED.,.F.,
  .F.,(2,2),(-165.9,-14.7),.PIECEWISE_BEZIER_KNOTS.);
#3024 = CARTESIAN_POINT('',(180.6,160.6));
#3025 = CARTESIAN_POINT('',(29.4,160.6));
#3026 = ( GEOMETRIC_REPRESENTATION_CONTEXT(2) 
PARAMETRIC_REPRESENTATION_CONTEXT() REPRESENTATION_CONTEXT('2D SPACE',''
  ) );
#3027 = PCURVE('',#3028,#3033);
#3028 = PLANE('',#3029);
#3029 = AXIS2_PLACEMENT_3D('',#3030,#3031,#3032);
#3030 = CARTESIAN_POINT('',(-75.6,55.6,3.));
#3031 = DIRECTION('',(-0.,1.,0.));
#3032 = DIRECTION('',(0.,0.,1.));
#3033 = DEFINITIONAL_REPRESENTATION('',(#3034),#3037);
#3034 = B_SPLINE_CURVE_WITH_KNOTS('',1,(#3035,#3036),.UNSPECIFIED.,.F.,
  .F.,(2,2),(-165.9,-14.7),.PIECEWISE_BEZIER_KNOTS.);
#3035 = CARTESIAN_POINT('',(1.8,151.2));
#3036 = CARTESIAN_POINT('',(1.8,0.));
#3037 = ( GEOMETRIC_REPRESENTATION_CONTEXT(2) 
PARAMETRIC_REPRESENTATION_CONTEXT() REPRESENTATION_CONTEXT('2D SPACE',''
  ) );
#3038 = ORIENTED_EDGE('',*,*,#3039,.F.);
#3039 = EDGE_CURVE('',#3040,#3014,#3042,.T.);
#3040 = VERTEX_POINT('',#3041);
#3041 = CARTESIAN_POINT('',(-3.2,60.,4.8));
#3042 = SURFACE_CURVE('',#3043,(#3047,#3053),.PCURVE_S1.);
#3043 = LINE('',#3044,#3045);
#3044 = CARTESIAN_POINT('',(-3.2,-25.6,4.8));
#3045 = VECTOR('',#3046,1.);
#3046 = DIRECTION('',(-1.110223024625E-16,-1.,0.));
#3047 = PCURVE('',#44,#3048);
#3048 = DEFINITIONAL_REPRESENTATION('',(#3049),#3052);
#3049 = B_SPLINE_CURVE_WITH_KNOTS('',1,(#3050,#3051),.UNSPECIFIED.,.F.,
  .F.,(2,2),(-85.6,-79.4),.PIECEWISE_BEZIER_KNOTS.);
#3050 = CARTESIAN_POINT('',(101.8,165.));
#3051 = CARTESIAN_POINT('',(101.8,158.8));
#3052 = ( GEOMETRIC_REPRESENTATION_CONTEXT(2) 
PARAMETRIC_REPRESENTATION_CONTEXT() REPRESENTATION_CONTEXT('2D SPACE',''
  ) );
#3053 = PCURVE('',#3054,#3059);
#3054 = PLANE('',#3055);
#3055 = AXIS2_PLACEMENT_3D('',#3056,#3057,#3058);
#3056 = CARTESIAN_POINT('',(-3.2,53.8,-1.));
#3057 = DIRECTION('',(-1.,1.110223024625E-16,0.));
#3058 = DIRECTION('',(0.,0.,1.));
#3059 = DEFINITIONAL_REPRESENTATION('',(#3060),#3063);
#3060 = B_SPLINE_CURVE_WITH_KNOTS('',1,(#3061,#3062),.UNSPECIFIED.,.F.,
  .F.,(2,2),(-85.6,-79.4),.PIECEWISE_BEZIER_KNOTS.);
#3061 = CARTESIAN_POINT('',(5.8,6.2));
#3062 = CARTESIAN_POINT('',(5.8,0.));
#3063 = ( GEOMETRIC_REPRESENTATION_CONTEXT(2) 
PARAMETRIC_REPRESENTATION_CONTEXT() REPRESENTATION_CONTEXT('2D SPACE',''
  ) );
#3064 = ORIENTED_EDGE('',*,*,#3065,.F.);
#3065 = EDGE_CURVE('',#3066,#3040,#3068,.T.);
#3066 = VERTEX_POINT('',#3067);
#3067 = CARTESIAN_POINT('',(20.,60.,4.8));
#3068 = SURFACE_CURVE('',#3069,(#3073,#3079),.PCURVE_S1.);
#3069 = LINE('',#3070,#3071);
#3070 = CARTESIAN_POINT('',(-42.5,60.,4.8));
#3071 = VECTOR('',#3072,1.);
#3072 = DIRECTION('',(-1.,1.110223024625E-16,0.));
#3073 = PCURVE('',#44,#3074);
#3074 = DEFINITIONAL_REPRESENTATION('',(#3075),#3078);
#3075 = B_SPLINE_CURVE_WITH_KNOTS('',1,(#3076,#3077),.UNSPECIFIED.,.F.,
  .F.,(2,2),(-62.5,-39.3),.PIECEWISE_BEZIER_KNOTS.);
#3076 = CARTESIAN_POINT('',(125.,165.));
#3077 = CARTESIAN_POINT('',(101.8,165.));
#3078 = ( GEOMETRIC_REPRESENTATION_CONTEXT(2) 
PARAMETRIC_REPRESENTATION_CONTEXT() REPRESENTATION_CONTEXT('2D SPACE',''
  ) );
#3079 = PCURVE('',#3080,#3085);
#3080 = PLANE('',#3081);
#3081 = AXIS2_PLACEMENT_3D('',#3082,#3083,#3084);
#3082 = CARTESIAN_POINT('',(20.,60.,-1.));
#3083 = DIRECTION('',(1.110223024625E-16,1.,0.));
#3084 = DIRECTION('',(0.,0.,1.));
#3085 = DEFINITIONAL_REPRESENTATION('',(#3086),#3089);
#3086 = B_SPLINE_CURVE_WITH_KNOTS('',1,(#3087,#3088),.UNSPECIFIED.,.F.,
  .F.,(2,2),(-62.5,-39.3),.PIECEWISE_BEZIER_KNOTS.);
#3087 = CARTESIAN_POINT('',(5.8,0.));
#3088 = CARTESIAN_POINT('',(5.8,-23.2));
#3089 = ( GEOMETRIC_REPRESENTATION_CONTEXT(2) 
PARAMETRIC_REPRESENTATION_CONTEXT() REPRESENTATION_CONTEXT('2D SPACE',''
  ) );
#3090 = ORIENTED_EDGE('',*,*,#3091,.T.);
#3091 = EDGE_CURVE('',#3066,#3092,#3094,.T.);
#3092 = VERTEX_POINT('',#3093);
#3093 = CARTESIAN_POINT('',(20.,55.6,4.8));
#3094 = SURFACE_CURVE('',#3095,(#3099,#3105),.PCURVE_S1.);
#3095 = LINE('',#3096,#3097);
#3096 = CARTESIAN_POINT('',(20.,-25.6,4.8));
#3097 = VECTOR('',#3098,1.);
#3098 = DIRECTION('',(-1.110223024625E-16,-1.,0.));
#3099 = PCURVE('',#44,#3100);
#3100 = DEFINITIONAL_REPRESENTATION('',(#3101),#3104);
#3101 = B_SPLINE_CURVE_WITH_KNOTS('',1,(#3102,#3103),.UNSPECIFIED.,.F.,
  .F.,(2,2),(-85.6,-79.4),.PIECEWISE_BEZIER_KNOTS.);
#3102 = CARTESIAN_POINT('',(125.,165.));
#3103 = CARTESIAN_POINT('',(125.,158.8));
#3104 = ( GEOMETRIC_REPRESENTATION_CONTEXT(2) 
PARAMETRIC_REPRESENTATION_CONTEXT() REPRESENTATION_CONTEXT('2D SPACE',''
  ) );
#3105 = PCURVE('',#3106,#3111);
#3106 = PLANE('',#3107);
#3107 = AXIS2_PLACEMENT_3D('',#3108,#3109,#3110);
#3108 = CARTESIAN_POINT('',(20.,53.8,-1.));
#3109 = DIRECTION('',(-1.,1.110223024625E-16,0.));
#3110 = DIRECTION('',(0.,0.,1.));
#3111 = DEFINITIONAL_REPRESENTATION('',(#3112),#3115);
#3112 = B_SPLINE_CURVE_WITH_KNOTS('',1,(#3113,#3114),.UNSPECIFIED.,.F.,
  .F.,(2,2),(-85.6,-79.4),.PIECEWISE_BEZIER_KNOTS.);
#3113 = CARTESIAN_POINT('',(5.8,6.2));
#3114 = CARTESIAN_POINT('',(5.8,0.));
#3115 = ( GEOMETRIC_REPRESENTATION_CONTEXT(2) 
PARAMETRIC_REPRESENTATION_CONTEXT() REPRESENTATION_CONTEXT('2D SPACE',''
  ) );
#3116 = ORIENTED_EDGE('',*,*,#3117,.F.);
#3117 = EDGE_CURVE('',#3118,#3092,#3120,.T.);
#3118 = VERTEX_POINT('',#3119);
#3119 = CARTESIAN_POINT('',(75.6,55.6,4.8));
#3120 = SURFACE_CURVE('',#3121,(#3125,#3131),.PCURVE_S1.);
#3121 = LINE('',#3122,#3123);
#3122 = CARTESIAN_POINT('',(-90.3,55.6,4.8));
#3123 = VECTOR('',#3124,1.);
#3124 = DIRECTION('',(-1.,-0.,0.));
#3125 = PCURVE('',#44,#3126);
#3126 = DEFINITIONAL_REPRESENTATION('',(#3127),#3130);
#3127 = B_SPLINE_CURVE_WITH_KNOTS('',1,(#3128,#3129),.UNSPECIFIED.,.F.,
  .F.,(2,2),(-165.9,-14.7),.PIECEWISE_BEZIER_KNOTS.);
#3128 = CARTESIAN_POINT('',(180.6,160.6));
#3129 = CARTESIAN_POINT('',(29.4,160.6));
#3130 = ( GEOMETRIC_REPRESENTATION_CONTEXT(2) 
PARAMETRIC_REPRESENTATION_CONTEXT() REPRESENTATION_CONTEXT('2D SPACE',''
  ) );
#3131 = PCURVE('',#3132,#3137);
#3132 = PLANE('',#3133);
#3133 = AXIS2_PLACEMENT_3D('',#3134,#3135,#3136);
#3134 = CARTESIAN_POINT('',(-75.6,55.6,3.));
#3135 = DIRECTION('',(-0.,1.,0.));
#3136 = DIRECTION('',(0.,0.,1.));
#3137 = DEFINITIONAL_REPRESENTATION('',(#3138),#3141);
#3138 = B_SPLINE_CURVE_WITH_KNOTS('',1,(#3139,#3140),.UNSPECIFIED.,.F.,
  .F.,(2,2),(-165.9,-14.7),.PIECEWISE_BEZIER_KNOTS.);
#3139 = CARTESIAN_POINT('',(1.8,151.2));
#3140 = CARTESIAN_POINT('',(1.8,0.));
#3141 = ( GEOMETRIC_REPRESENTATION_CONTEXT(2) 
PARAMETRIC_REPRESENTATION_CONTEXT() REPRESENTATION_CONTEXT('2D SPACE',''
  ) );
#3142 = ORIENTED_EDGE('',*,*,#3143,.F.);
#3143 = EDGE_CURVE('',#3144,#3118,#3146,.T.);
#3144 = VERTEX_POINT('',#3145);
#3145 = CARTESIAN_POINT('',(75.6,32.9,4.8));
#3146 = SURFACE_CURVE('',#3147,(#3151,#3157),.PCURVE_S1.);
#3147 = LINE('',#3148,#3149);
#3148 = CARTESIAN_POINT('',(75.6,-80.3,4.8));
#3149 = VECTOR('',#3150,1.);
#3150 = DIRECTION('',(-0.,1.,0.));
#3151 = PCURVE('',#44,#3152);
#3152 = DEFINITIONAL_REPRESENTATION('',(#3153),#3156);
#3153 = B_SPLINE_CURVE_WITH_KNOTS('',1,(#3154,#3155),.UNSPECIFIED.,.F.,
  .F.,(2,2),(24.7,135.9),.PIECEWISE_BEZIER_KNOTS.);
#3154 = CARTESIAN_POINT('',(180.6,49.4));
#3155 = CARTESIAN_POINT('',(180.6,160.6));
#3156 = ( GEOMETRIC_REPRESENTATION_CONTEXT(2) 
PARAMETRIC_REPRESENTATION_CONTEXT() REPRESENTATION_CONTEXT('2D SPACE',''
  ) );
#3157 = PCURVE('',#3158,#3163);
#3158 = PLANE('',#3159);
#3159 = AXIS2_PLACEMENT_3D('',#3160,#3161,#3162);
#3160 = CARTESIAN_POINT('',(75.6,-55.6,3.));
#3161 = DIRECTION('',(1.,0.,-0.));
#3162 = DIRECTION('',(0.,0.,1.));
#3163 = DEFINITIONAL_REPRESENTATION('',(#3164),#3167);
#3164 = B_SPLINE_CURVE_WITH_KNOTS('',1,(#3165,#3166),.UNSPECIFIED.,.F.,
  .F.,(2,2),(24.7,135.9),.PIECEWISE_BEZIER_KNOTS.);
#3165 = CARTESIAN_POINT('',(1.8,0.));
#3166 = CARTESIAN_POINT('',(1.8,-111.2));
#3167 = ( GEOMETRIC_REPRESENTATION_CONTEXT(2) 
PARAMETRIC_REPRESENTATION_CONTEXT() REPRESENTATION_CONTEXT('2D SPACE',''
  ) );
#3168 = ORIENTED_EDGE('',*,*,#3169,.F.);
#3169 = EDGE_CURVE('',#3170,#3144,#3172,.T.);
#3170 = VERTEX_POINT('',#3171);
#3171 = CARTESIAN_POINT('',(80.,32.9,4.8));
#3172 = SURFACE_CURVE('',#3173,(#3177,#3183),.PCURVE_S1.);
#3173 = LINE('',#3174,#3175);
#3174 = CARTESIAN_POINT('',(-15.6,32.9,4.8));
#3175 = VECTOR('',#3176,1.);
#3176 = DIRECTION('',(-1.,-0.,0.));
#3177 = PCURVE('',#44,#3178);
#3178 = DEFINITIONAL_REPRESENTATION('',(#3179),#3182);
#3179 = B_SPLINE_CURVE_WITH_KNOTS('',1,(#3180,#3181),.UNSPECIFIED.,.F.,
  .F.,(2,2),(-95.6,-89.4),.PIECEWISE_BEZIER_KNOTS.);
#3180 = CARTESIAN_POINT('',(185.,137.9));
#3181 = CARTESIAN_POINT('',(178.8,137.9));
#3182 = ( GEOMETRIC_REPRESENTATION_CONTEXT(2) 
PARAMETRIC_REPRESENTATION_CONTEXT() REPRESENTATION_CONTEXT('2D SPACE',''
  ) );
#3183 = PCURVE('',#3184,#3189);
#3184 = PLANE('',#3185);
#3185 = AXIS2_PLACEMENT_3D('',#3186,#3187,#3188);
#3186 = CARTESIAN_POINT('',(73.8,32.9,-1.));
#3187 = DIRECTION('',(-0.,1.,0.));
#3188 = DIRECTION('',(0.,0.,1.));
#3189 = DEFINITIONAL_REPRESENTATION('',(#3190),#3193);
#3190 = B_SPLINE_CURVE_WITH_KNOTS('',1,(#3191,#3192),.UNSPECIFIED.,.F.,
  .F.,(2,2),(-95.6,-89.4),.PIECEWISE_BEZIER_KNOTS.);
#3191 = CARTESIAN_POINT('',(5.8,6.2));
#3192 = CARTESIAN_POINT('',(5.8,0.));
#3193 = ( GEOMETRIC_REPRESENTATION_CONTEXT(2) 
PARAMETRIC_REPRESENTATION_CONTEXT() REPRESENTATION_CONTEXT('2D SPACE',''
  ) );
#3194 = ORIENTED_EDGE('',*,*,#3195,.F.);
#3195 = EDGE_CURVE('',#3196,#3170,#3198,.T.);
#3196 = VERTEX_POINT('',#3197);
#3197 = CARTESIAN_POINT('',(80.,9.7,4.8));
#3198 = SURFACE_CURVE('',#3199,(#3203,#3209),.PCURVE_S1.);
#3199 = LINE('',#3200,#3201);
#3200 = CARTESIAN_POINT('',(80.,-47.65,4.8));
#3201 = VECTOR('',#3202,1.);
#3202 = DIRECTION('',(-0.,1.,0.));
#3203 = PCURVE('',#44,#3204);
#3204 = DEFINITIONAL_REPRESENTATION('',(#3205),#3208);
#3205 = B_SPLINE_CURVE_WITH_KNOTS('',1,(#3206,#3207),.UNSPECIFIED.,.F.,
  .F.,(2,2),(57.35,80.55),.PIECEWISE_BEZIER_KNOTS.);
#3206 = CARTESIAN_POINT('',(185.,114.7));
#3207 = CARTESIAN_POINT('',(185.,137.9));
#3208 = ( GEOMETRIC_REPRESENTATION_CONTEXT(2) 
PARAMETRIC_REPRESENTATION_CONTEXT() REPRESENTATION_CONTEXT('2D SPACE',''
  ) );
#3209 = PCURVE('',#3210,#3215);
#3210 = PLANE('',#3211);
#3211 = AXIS2_PLACEMENT_3D('',#3212,#3213,#3214);
#3212 = CARTESIAN_POINT('',(80.,9.7,-1.));
#3213 = DIRECTION('',(1.,0.,-0.));
#3214 = DIRECTION('',(0.,0.,1.));
#3215 = DEFINITIONAL_REPRESENTATION('',(#3216),#3219);
#3216 = B_SPLINE_CURVE_WITH_KNOTS('',1,(#3217,#3218),.UNSPECIFIED.,.F.,
  .F.,(2,2),(57.35,80.55),.PIECEWISE_BEZIER_KNOTS.);
#3217 = CARTESIAN_POINT('',(5.8,0.));
#3218 = CARTESIAN_POINT('',(5.8,-23.2));
#3219 = ( GEOMETRIC_REPRESENTATION_CONTEXT(2) 
PARAMETRIC_REPRESENTATION_CONTEXT() REPRESENTATION_CONTEXT('2D SPACE',''
  ) );
#3220 = ORIENTED_EDGE('',*,*,#3221,.T.);
#3221 = EDGE_CURVE('',#3196,#3222,#3224,.T.);
#3222 = VERTEX_POINT('',#3223);
#3223 = CARTESIAN_POINT('',(75.6,9.7,4.8));
#3224 = SURFACE_CURVE('',#3225,(#3229,#3235),.PCURVE_S1.);
#3225 = LINE('',#3226,#3227);
#3226 = CARTESIAN_POINT('',(-15.6,9.7,4.8));
#3227 = VECTOR('',#3228,1.);
#3228 = DIRECTION('',(-1.,-0.,0.));
#3229 = PCURVE('',#44,#3230);
#3230 = DEFINITIONAL_REPRESENTATION('',(#3231),#3234);
#3231 = B_SPLINE_CURVE_WITH_KNOTS('',1,(#3232,#3233),.UNSPECIFIED.,.F.,
  .F.,(2,2),(-95.6,-89.4),.PIECEWISE_BEZIER_KNOTS.);
#3232 = CARTESIAN_POINT('',(185.,114.7));
#3233 = CARTESIAN_POINT('',(178.8,114.7));
#3234 = ( GEOMETRIC_REPRESENTATION_CONTEXT(2) 
PARAMETRIC_REPRESENTATION_CONTEXT() REPRESENTATION_CONTEXT('2D SPACE',''
  ) );
#3235 = PCURVE('',#3236,#3241);
#3236 = PLANE('',#3237);
#3237 = AXIS2_PLACEMENT_3D('',#3238,#3239,#3240);
#3238 = CARTESIAN_POINT('',(73.8,9.7,-1.));
#3239 = DIRECTION('',(-0.,1.,0.));
#3240 = DIRECTION('',(0.,0.,1.));
#3241 = DEFINITIONAL_REPRESENTATION('',(#3242),#3245);
#3242 = B_SPLINE_CURVE_WITH_KNOTS('',1,(#3243,#3244),.UNSPECIFIED.,.F.,
  .F.,(2,2),(-95.6,-89.4),.PIECEWISE_BEZIER_KNOTS.);
#3243 = CARTESIAN_POINT('',(5.8,6.2));
#3244 = CARTESIAN_POINT('',(5.8,0.));
#3245 = ( GEOMETRIC_REPRESENTATION_CONTEXT(2) 
PARAMETRIC_REPRESENTATION_CONTEXT() REPRESENTATION_CONTEXT('2D SPACE',''
  ) );
#3246 = ORIENTED_EDGE('',*,*,#3247,.F.);
#3247 = EDGE_CURVE('',#3248,#3222,#3250,.T.);
#3248 = VERTEX_POINT('',#3249);
#3249 = CARTESIAN_POINT('',(75.6,3.954743986657,4.8));
#3250 = SURFACE_CURVE('',#3251,(#3255,#3261),.PCURVE_S1.);
#3251 = LINE('',#3252,#3253);
#3252 = CARTESIAN_POINT('',(75.6,-80.3,4.8));
#3253 = VECTOR('',#3254,1.);
#3254 = DIRECTION('',(-0.,1.,0.));
#3255 = PCURVE('',#44,#3256);
#3256 = DEFINITIONAL_REPRESENTATION('',(#3257),#3260);
#3257 = B_SPLINE_CURVE_WITH_KNOTS('',1,(#3258,#3259),.UNSPECIFIED.,.F.,
  .F.,(2,2),(24.7,135.9),.PIECEWISE_BEZIER_KNOTS.);
#3258 = CARTESIAN_POINT('',(180.6,49.4));
#3259 = CARTESIAN_POINT('',(180.6,160.6));
#3260 = ( GEOMETRIC_REPRESENTATION_CONTEXT(2) 
PARAMETRIC_REPRESENTATION_CONTEXT() REPRESENTATION_CONTEXT('2D SPACE',''
  ) );
#3261 = PCURVE('',#3262,#3267);
#3262 = PLANE('',#3263);
#3263 = AXIS2_PLACEMENT_3D('',#3264,#3265,#3266);
#3264 = CARTESIAN_POINT('',(75.6,-55.6,3.));
#3265 = DIRECTION('',(1.,0.,-0.));
#3266 = DIRECTION('',(0.,0.,1.));
#3267 = DEFINITIONAL_REPRESENTATION('',(#3268),#3271);
#3268 = B_SPLINE_CURVE_WITH_KNOTS('',1,(#3269,#3270),.UNSPECIFIED.,.F.,
  .F.,(2,2),(24.7,135.9),.PIECEWISE_BEZIER_KNOTS.);
#3269 = CARTESIAN_POINT('',(1.8,0.));
#3270 = CARTESIAN_POINT('',(1.8,-111.2));
#3271 = ( GEOMETRIC_REPRESENTATION_CONTEXT(2) 
PARAMETRIC_REPRESENTATION_CONTEXT() REPRESENTATION_CONTEXT('2D SPACE',''
  ) );
#3272 = ORIENTED_EDGE('',*,*,#3273,.F.);
#3273 = EDGE_CURVE('',#3274,#3248,#3276,.T.);
#3274 = VERTEX_POINT('',#3275);
#3275 = CARTESIAN_POINT('',(79.,-9.797174393179E-16,4.8));
#3276 = SURFACE_CURVE('',#3277,(#3282,#3289),.PCURVE_S1.);
#3277 = CIRCLE('',#3278,4.);
#3278 = AXIS2_PLACEMENT_3D('',#3279,#3280,#3281);
#3279 = CARTESIAN_POINT('',(75.,0.,4.8));
#3280 = DIRECTION('',(0.,0.,1.));
#3281 = DIRECTION('',(1.,0.,-0.));
#3282 = PCURVE('',#44,#3283);
#3283 = DEFINITIONAL_REPRESENTATION('',(#3284),#3288);
#3284 = CIRCLE('',#3285,4.);
#3285 = AXIS2_PLACEMENT_2D('',#3286,#3287);
#3286 = CARTESIAN_POINT('',(180.,105.));
#3287 = DIRECTION('',(1.,0.));
#3288 = ( GEOMETRIC_REPRESENTATION_CONTEXT(2) 
PARAMETRIC_REPRESENTATION_CONTEXT() REPRESENTATION_CONTEXT('2D SPACE',''
  ) );
#3289 = PCURVE('',#3290,#3295);
#3290 = CYLINDRICAL_SURFACE('',#3291,4.);
#3291 = AXIS2_PLACEMENT_3D('',#3292,#3293,#3294);
#3292 = CARTESIAN_POINT('',(75.,0.,1.4));
#3293 = DIRECTION('',(0.,0.,1.));
#3294 = DIRECTION('',(1.,0.,-0.));
#3295 = DEFINITIONAL_REPRESENTATION('',(#3296),#3300);
#3296 = LINE('',#3297,#3298);
#3297 = CARTESIAN_POINT('',(0.,3.4));
#3298 = VECTOR('',#3299,1.);
#3299 = DIRECTION('',(1.,0.));
#3300 = ( GEOMETRIC_REPRESENTATION_CONTEXT(2) 
PARAMETRIC_REPRESENTATION_CONTEXT() REPRESENTATION_CONTEXT('2D SPACE',''
  ) );
#3301 = ORIENTED_EDGE('',*,*,#3302,.F.);
#3302 = EDGE_CURVE('',#3303,#3274,#3305,.T.);
#3303 = VERTEX_POINT('',#3304);
#3304 = CARTESIAN_POINT('',(75.6,-3.954743986657,4.8));
#3305 = SURFACE_CURVE('',#3306,(#3311,#3318),.PCURVE_S1.);
#3306 = CIRCLE('',#3307,4.);
#3307 = AXIS2_PLACEMENT_3D('',#3308,#3309,#3310);
#3308 = CARTESIAN_POINT('',(75.,0.,4.8));
#3309 = DIRECTION('',(0.,0.,1.));
#3310 = DIRECTION('',(1.,0.,-0.));
#3311 = PCURVE('',#44,#3312);
#3312 = DEFINITIONAL_REPRESENTATION('',(#3313),#3317);
#3313 = CIRCLE('',#3314,4.);
#3314 = AXIS2_PLACEMENT_2D('',#3315,#3316);
#3315 = CARTESIAN_POINT('',(180.,105.));
#3316 = DIRECTION('',(1.,0.));
#3317 = ( GEOMETRIC_REPRESENTATION_CONTEXT(2) 
PARAMETRIC_REPRESENTATION_CONTEXT() REPRESENTATION_CONTEXT('2D SPACE',''
  ) );
#3318 = PCURVE('',#3290,#3319);
#3319 = DEFINITIONAL_REPRESENTATION('',(#3320),#3324);
#3320 = LINE('',#3321,#3322);
#3321 = CARTESIAN_POINT('',(0.,3.4));
#3322 = VECTOR('',#3323,1.);
#3323 = DIRECTION('',(1.,0.));
#3324 = ( GEOMETRIC_REPRESENTATION_CONTEXT(2) 
PARAMETRIC_REPRESENTATION_CONTEXT() REPRESENTATION_CONTEXT('2D SPACE',''
  ) );
#3325 = ORIENTED_EDGE('',*,*,#3326,.F.);
#3326 = EDGE_CURVE('',#3327,#3303,#3329,.T.);
#3327 = VERTEX_POINT('',#3328);
#3328 = CARTESIAN_POINT('',(75.6,-26.5,4.8));
#3329 = SURFACE_CURVE('',#3330,(#3334,#3340),.PCURVE_S1.);
#3330 = LINE('',#3331,#3332);
#3331 = CARTESIAN_POINT('',(75.6,-80.3,4.8));
#3332 = VECTOR('',#3333,1.);
#3333 = DIRECTION('',(-0.,1.,0.));
#3334 = PCURVE('',#44,#3335);
#3335 = DEFINITIONAL_REPRESENTATION('',(#3336),#3339);
#3336 = B_SPLINE_CURVE_WITH_KNOTS('',1,(#3337,#3338),.UNSPECIFIED.,.F.,
  .F.,(2,2),(24.7,135.9),.PIECEWISE_BEZIER_KNOTS.);
#3337 = CARTESIAN_POINT('',(180.6,49.4));
#3338 = CARTESIAN_POINT('',(180.6,160.6));
#3339 = ( GEOMETRIC_REPRESENTATION_CONTEXT(2) 
PARAMETRIC_REPRESENTATION_CONTEXT() REPRESENTATION_CONTEXT('2D SPACE',''
  ) );
#3340 = PCURVE('',#3341,#3346);
#3341 = PLANE('',#3342);
#3342 = AXIS2_PLACEMENT_3D('',#3343,#3344,#3345);
#3343 = CARTESIAN_POINT('',(75.6,-55.6,3.));
#3344 = DIRECTION('',(1.,0.,-0.));
#3345 = DIRECTION('',(0.,0.,1.));
#3346 = DEFINITIONAL_REPRESENTATION('',(#3347),#3350);
#3347 = B_SPLINE_CURVE_WITH_KNOTS('',1,(#3348,#3349),.UNSPECIFIED.,.F.,
  .F.,(2,2),(24.7,135.9),.PIECEWISE_BEZIER_KNOTS.);
#3348 = CARTESIAN_POINT('',(1.8,0.));
#3349 = CARTESIAN_POINT('',(1.8,-111.2));
#3350 = ( GEOMETRIC_REPRESENTATION_CONTEXT(2) 
PARAMETRIC_REPRESENTATION_CONTEXT() REPRESENTATION_CONTEXT('2D SPACE',''
  ) );
#3351 = ORIENTED_EDGE('',*,*,#3352,.F.);
#3352 = EDGE_CURVE('',#3353,#3327,#3355,.T.);
#3353 = VERTEX_POINT('',#3354);
#3354 = CARTESIAN_POINT('',(80.,-26.5,4.8));
#3355 = SURFACE_CURVE('',#3356,(#3360,#3366),.PCURVE_S1.);
#3356 = LINE('',#3357,#3358);
#3357 = CARTESIAN_POINT('',(-15.6,-26.5,4.8));
#3358 = VECTOR('',#3359,1.);
#3359 = DIRECTION('',(-1.,-0.,0.));
#3360 = PCURVE('',#44,#3361);
#3361 = DEFINITIONAL_REPRESENTATION('',(#3362),#3365);
#3362 = B_SPLINE_CURVE_WITH_KNOTS('',1,(#3363,#3364),.UNSPECIFIED.,.F.,
  .F.,(2,2),(-95.6,-89.4),.PIECEWISE_BEZIER_KNOTS.);
#3363 = CARTESIAN_POINT('',(185.,78.5));
#3364 = CARTESIAN_POINT('',(178.8,78.5));
#3365 = ( GEOMETRIC_REPRESENTATION_CONTEXT(2) 
PARAMETRIC_REPRESENTATION_CONTEXT() REPRESENTATION_CONTEXT('2D SPACE',''
  ) );
#3366 = PCURVE('',#3367,#3372);
#3367 = PLANE('',#3368);
#3368 = AXIS2_PLACEMENT_3D('',#3369,#3370,#3371);
#3369 = CARTESIAN_POINT('',(73.8,-26.5,-1.));
#3370 = DIRECTION('',(-0.,1.,0.));
#3371 = DIRECTION('',(0.,0.,1.));
#3372 = DEFINITIONAL_REPRESENTATION('',(#3373),#3376);
#3373 = B_SPLINE_CURVE_WITH_KNOTS('',1,(#3374,#3375),.UNSPECIFIED.,.F.,
  .F.,(2,2),(-95.6,-89.4),.PIECEWISE_BEZIER_KNOTS.);
#3374 = CARTESIAN_POINT('',(5.8,6.2));
#3375 = CARTESIAN_POINT('',(5.8,0.));
#3376 = ( GEOMETRIC_REPRESENTATION_CONTEXT(2) 
PARAMETRIC_REPRESENTATION_CONTEXT() REPRESENTATION_CONTEXT('2D SPACE',''
  ) );
#3377 = ORIENTED_EDGE('',*,*,#3378,.F.);
#3378 = EDGE_CURVE('',#3379,#3353,#3381,.T.);
#3379 = VERTEX_POINT('',#3380);
#3380 = CARTESIAN_POINT('',(80.,-49.7,4.8));
#3381 = SURFACE_CURVE('',#3382,(#3386,#3392),.PCURVE_S1.);
#3382 = LINE('',#3383,#3384);
#3383 = CARTESIAN_POINT('',(80.,-77.35,4.8));
#3384 = VECTOR('',#3385,1.);
#3385 = DIRECTION('',(-0.,1.,0.));
#3386 = PCURVE('',#44,#3387);
#3387 = DEFINITIONAL_REPRESENTATION('',(#3388),#3391);
#3388 = B_SPLINE_CURVE_WITH_KNOTS('',1,(#3389,#3390),.UNSPECIFIED.,.F.,
  .F.,(2,2),(27.65,50.85),.PIECEWISE_BEZIER_KNOTS.);
#3389 = CARTESIAN_POINT('',(185.,55.3));
#3390 = CARTESIAN_POINT('',(185.,78.5));
#3391 = ( GEOMETRIC_REPRESENTATION_CONTEXT(2) 
PARAMETRIC_REPRESENTATION_CONTEXT() REPRESENTATION_CONTEXT('2D SPACE',''
  ) );
#3392 = PCURVE('',#3393,#3398);
#3393 = PLANE('',#3394);
#3394 = AXIS2_PLACEMENT_3D('',#3395,#3396,#3397);
#3395 = CARTESIAN_POINT('',(80.,-49.7,-1.));
#3396 = DIRECTION('',(1.,0.,-0.));
#3397 = DIRECTION('',(0.,0.,1.));
#3398 = DEFINITIONAL_REPRESENTATION('',(#3399),#3402);
#3399 = B_SPLINE_CURVE_WITH_KNOTS('',1,(#3400,#3401),.UNSPECIFIED.,.F.,
  .F.,(2,2),(27.65,50.85),.PIECEWISE_BEZIER_KNOTS.);
#3400 = CARTESIAN_POINT('',(5.8,0.));
#3401 = CARTESIAN_POINT('',(5.8,-23.2));
#3402 = ( GEOMETRIC_REPRESENTATION_CONTEXT(2) 
PARAMETRIC_REPRESENTATION_CONTEXT() REPRESENTATION_CONTEXT('2D SPACE',''
  ) );
#3403 = ORIENTED_EDGE('',*,*,#3404,.T.);
#3404 = EDGE_CURVE('',#3379,#2881,#3405,.T.);
#3405 = SURFACE_CURVE('',#3406,(#3410,#3416),.PCURVE_S1.);
#3406 = LINE('',#3407,#3408);
#3407 = CARTESIAN_POINT('',(-15.6,-49.7,4.8));
#3408 = VECTOR('',#3409,1.);
#3409 = DIRECTION('',(-1.,-0.,0.));
#3410 = PCURVE('',#44,#3411);
#3411 = DEFINITIONAL_REPRESENTATION('',(#3412),#3415);
#3412 = B_SPLINE_CURVE_WITH_KNOTS('',1,(#3413,#3414),.UNSPECIFIED.,.F.,
  .F.,(2,2),(-95.6,-89.4),.PIECEWISE_BEZIER_KNOTS.);
#3413 = CARTESIAN_POINT('',(185.,55.3));
#3414 = CARTESIAN_POINT('',(178.8,55.3));
#3415 = ( GEOMETRIC_REPRESENTATION_CONTEXT(2) 
PARAMETRIC_REPRESENTATION_CONTEXT() REPRESENTATION_CONTEXT('2D SPACE',''
  ) );
#3416 = PCURVE('',#3417,#3422);
#3417 = PLANE('',#3418);
#3418 = AXIS2_PLACEMENT_3D('',#3419,#3420,#3421);
#3419 = CARTESIAN_POINT('',(73.8,-49.7,-1.));
#3420 = DIRECTION('',(-0.,1.,0.));
#3421 = DIRECTION('',(0.,0.,1.));
#3422 = DEFINITIONAL_REPRESENTATION('',(#3423),#3426);
#3423 = B_SPLINE_CURVE_WITH_KNOTS('',1,(#3424,#3425),.UNSPECIFIED.,.F.,
  .F.,(2,2),(-95.6,-89.4),.PIECEWISE_BEZIER_KNOTS.);
#3424 = CARTESIAN_POINT('',(5.8,6.2));
#3425 = CARTESIAN_POINT('',(5.8,0.));
#3426 = ( GEOMETRIC_REPRESENTATION_CONTEXT(2) 
PARAMETRIC_REPRESENTATION_CONTEXT() REPRESENTATION_CONTEXT('2D SPACE',''
  ) );
#3427 = ADVANCED_FACE('',(#3428),#72,.T.);
#3428 = FACE_BOUND('',#3429,.T.);
#3429 = EDGE_LOOP('',(#3430,#3454,#3475,#3476));
#3430 = ORIENTED_EDGE('',*,*,#3431,.T.);
#3431 = EDGE_CURVE('',#57,#3432,#3434,.T.);
#3432 = VERTEX_POINT('',#3433);
#3433 = CARTESIAN_POINT('',(-101.,-105.,0.));
#3434 = SURFACE_CURVE('',#3435,(#3440,#3447),.PCURVE_S1.);
#3435 = CIRCLE('',#3436,4.);
#3436 = AXIS2_PLACEMENT_3D('',#3437,#3438,#3439);
#3437 = CARTESIAN_POINT('',(-101.,-101.,0.));
#3438 = DIRECTION('',(0.,0.,1.));
#3439 = DIRECTION('',(0.,-1.,0.));
#3440 = PCURVE('',#72,#3441);
#3441 = DEFINITIONAL_REPRESENTATION('',(#3442),#3446);
#3442 = LINE('',#3443,#3444);
#3443 = CARTESIAN_POINT('',(-4.712388980385,0.));
#3444 = VECTOR('',#3445,1.);
#3445 = DIRECTION('',(1.,0.));
#3446 = ( GEOMETRIC_REPRESENTATION_CONTEXT(2) 
PARAMETRIC_REPRESENTATION_CONTEXT() REPRESENTATION_CONTEXT('2D SPACE',''
  ) );
#3447 = PCURVE('',#100,#3448);
#3448 = DEFINITIONAL_REPRESENTATION('',(#3449),#3453);
#3449 = CIRCLE('',#3450,4.);
#3450 = AXIS2_PLACEMENT_2D('',#3451,#3452);
#3451 = CARTESIAN_POINT('',(4.,4.));
#3452 = DIRECTION('',(0.,-1.));
#3453 = ( GEOMETRIC_REPRESENTATION_CONTEXT(2) 
PARAMETRIC_REPRESENTATION_CONTEXT() REPRESENTATION_CONTEXT('2D SPACE',''
  ) );
#3454 = ORIENTED_EDGE('',*,*,#3455,.T.);
#3455 = EDGE_CURVE('',#3432,#143,#3456,.T.);
#3456 = SURFACE_CURVE('',#3457,(#3461,#3468),.PCURVE_S1.);
#3457 = LINE('',#3458,#3459);
#3458 = CARTESIAN_POINT('',(-101.,-105.,0.));
#3459 = VECTOR('',#3460,1.);
#3460 = DIRECTION('',(0.,0.,1.));
#3461 = PCURVE('',#72,#3462);
#3462 = DEFINITIONAL_REPRESENTATION('',(#3463),#3467);
#3463 = LINE('',#3464,#3465);
#3464 = CARTESIAN_POINT('',(1.570796326795,0.));
#3465 = VECTOR('',#3466,1.);
#3466 = DIRECTION('',(0.,1.));
#3467 = ( GEOMETRIC_REPRESENTATION_CONTEXT(2) 
PARAMETRIC_REPRESENTATION_CONTEXT() REPRESENTATION_CONTEXT('2D SPACE',''
  ) );
#3468 = PCURVE('',#182,#3469);
#3469 = DEFINITIONAL_REPRESENTATION('',(#3470),#3474);
#3470 = LINE('',#3471,#3472);
#3471 = CARTESIAN_POINT('',(0.,4.));
#3472 = VECTOR('',#3473,1.);
#3473 = DIRECTION('',(1.,0.));
#3474 = ( GEOMETRIC_REPRESENTATION_CONTEXT(2) 
PARAMETRIC_REPRESENTATION_CONTEXT() REPRESENTATION_CONTEXT('2D SPACE',''
  ) );
#3475 = ORIENTED_EDGE('',*,*,#142,.F.);
#3476 = ORIENTED_EDGE('',*,*,#56,.F.);
#3477 = ADVANCED_FACE('',(#3478),#126,.T.);
#3478 = FACE_BOUND('',#3479,.F.);
#3479 = EDGE_LOOP('',(#3480,#3508,#3529,#3530));
#3480 = ORIENTED_EDGE('',*,*,#3481,.T.);
#3481 = EDGE_CURVE('',#85,#3482,#3484,.T.);
#3482 = VERTEX_POINT('',#3483);
#3483 = CARTESIAN_POINT('',(-101.,105.,0.));
#3484 = SURFACE_CURVE('',#3485,(#3490,#3497),.PCURVE_S1.);
#3485 = CIRCLE('',#3486,4.);
#3486 = AXIS2_PLACEMENT_3D('',#3487,#3488,#3489);
#3487 = CARTESIAN_POINT('',(-101.,101.,0.));
#3488 = DIRECTION('',(-0.,-0.,-1.));
#3489 = DIRECTION('',(0.,-1.,0.));
#3490 = PCURVE('',#126,#3491);
#3491 = DEFINITIONAL_REPRESENTATION('',(#3492),#3496);
#3492 = LINE('',#3493,#3494);
#3493 = CARTESIAN_POINT('',(1.570796326795,-0.));
#3494 = VECTOR('',#3495,1.);
#3495 = DIRECTION('',(-1.,0.));
#3496 = ( GEOMETRIC_REPRESENTATION_CONTEXT(2) 
PARAMETRIC_REPRESENTATION_CONTEXT() REPRESENTATION_CONTEXT('2D SPACE',''
  ) );
#3497 = PCURVE('',#100,#3498);
#3498 = DEFINITIONAL_REPRESENTATION('',(#3499),#3507);
#3499 = ( BOUNDED_CURVE() B_SPLINE_CURVE(2,(#3500,#3501,#3502,#3503,
#3504,#3505,#3506),.UNSPECIFIED.,.T.,.F.) B_SPLINE_CURVE_WITH_KNOTS((1,2
    ,2,2,2,1),(-2.094395102393,0.,2.094395102393,4.188790204786,
6.28318530718,8.377580409573),.UNSPECIFIED.) CURVE() 
GEOMETRIC_REPRESENTATION_ITEM() RATIONAL_B_SPLINE_CURVE((1.,0.5,1.,0.5,
1.,0.5,1.)) REPRESENTATION_ITEM('') );
#3500 = CARTESIAN_POINT('',(4.,202.));
#3501 = CARTESIAN_POINT('',(-2.928203230276,202.));
#3502 = CARTESIAN_POINT('',(0.535898384862,208.));
#3503 = CARTESIAN_POINT('',(4.,214.));
#3504 = CARTESIAN_POINT('',(7.464101615138,208.));
#3505 = CARTESIAN_POINT('',(10.928203230276,202.));
#3506 = CARTESIAN_POINT('',(4.,202.));
#3507 = ( GEOMETRIC_REPRESENTATION_CONTEXT(2) 
PARAMETRIC_REPRESENTATION_CONTEXT() REPRESENTATION_CONTEXT('2D SPACE',''
  ) );
#3508 = ORIENTED_EDGE('',*,*,#3509,.T.);
#3509 = EDGE_CURVE('',#3482,#285,#3510,.T.);
#3510 = SURFACE_CURVE('',#3511,(#3515,#3522),.PCURVE_S1.);
#3511 = LINE('',#3512,#3513);
#3512 = CARTESIAN_POINT('',(-101.,105.,0.));
#3513 = VECTOR('',#3514,1.);
#3514 = DIRECTION('',(0.,0.,1.));
#3515 = PCURVE('',#126,#3516);
#3516 = DEFINITIONAL_REPRESENTATION('',(#3517),#3521);
#3517 = LINE('',#3518,#3519);
#3518 = CARTESIAN_POINT('',(-1.570796326795,0.));
#3519 = VECTOR('',#3520,1.);
#3520 = DIRECTION('',(-0.,1.));
#3521 = ( GEOMETRIC_REPRESENTATION_CONTEXT(2) 
PARAMETRIC_REPRESENTATION_CONTEXT() REPRESENTATION_CONTEXT('2D SPACE',''
  ) );
#3522 = PCURVE('',#300,#3523);
#3523 = DEFINITIONAL_REPRESENTATION('',(#3524),#3528);
#3524 = LINE('',#3525,#3526);
#3525 = CARTESIAN_POINT('',(0.,4.));
#3526 = VECTOR('',#3527,1.);
#3527 = DIRECTION('',(1.,0.));
#3528 = ( GEOMETRIC_REPRESENTATION_CONTEXT(2) 
PARAMETRIC_REPRESENTATION_CONTEXT() REPRESENTATION_CONTEXT('2D SPACE',''
  ) );
#3529 = ORIENTED_EDGE('',*,*,#312,.F.);
#3530 = ORIENTED_EDGE('',*,*,#112,.F.);
#3531 = ADVANCED_FACE('',(#3532,#3656,#4087,#4518),#100,.F.);
#3532 = FACE_BOUND('',#3533,.F.);
#3533 = EDGE_LOOP('',(#3534,#3535,#3536,#3559,#3587,#3610,#3634,#3655));
#3534 = ORIENTED_EDGE('',*,*,#84,.F.);
#3535 = ORIENTED_EDGE('',*,*,#3431,.T.);
#3536 = ORIENTED_EDGE('',*,*,#3537,.T.);
#3537 = EDGE_CURVE('',#3432,#3538,#3540,.T.);
#3538 = VERTEX_POINT('',#3539);
#3539 = CARTESIAN_POINT('',(101.,-105.,0.));
#3540 = SURFACE_CURVE('',#3541,(#3545,#3552),.PCURVE_S1.);
#3541 = LINE('',#3542,#3543);
#3542 = CARTESIAN_POINT('',(-105.,-105.,0.));
#3543 = VECTOR('',#3544,1.);
#3544 = DIRECTION('',(1.,0.,0.));
#3545 = PCURVE('',#100,#3546);
#3546 = DEFINITIONAL_REPRESENTATION('',(#3547),#3551);
#3547 = LINE('',#3548,#3549);
#3548 = CARTESIAN_POINT('',(0.,0.));
#3549 = VECTOR('',#3550,1.);
#3550 = DIRECTION('',(1.,0.));
#3551 = ( GEOMETRIC_REPRESENTATION_CONTEXT(2) 
PARAMETRIC_REPRESENTATION_CONTEXT() REPRESENTATION_CONTEXT('2D SPACE',''
  ) );
#3552 = PCURVE('',#182,#3553);
#3553 = DEFINITIONAL_REPRESENTATION('',(#3554),#3558);
#3554 = LINE('',#3555,#3556);
#3555 = CARTESIAN_POINT('',(0.,0.));
#3556 = VECTOR('',#3557,1.);
#3557 = DIRECTION('',(0.,1.));
#3558 = ( GEOMETRIC_REPRESENTATION_CONTEXT(2) 
PARAMETRIC_REPRESENTATION_CONTEXT() REPRESENTATION_CONTEXT('2D SPACE',''
  ) );
#3559 = ORIENTED_EDGE('',*,*,#3560,.F.);
#3560 = EDGE_CURVE('',#3561,#3538,#3563,.T.);
#3561 = VERTEX_POINT('',#3562);
#3562 = CARTESIAN_POINT('',(105.,-101.,0.));
#3563 = SURFACE_CURVE('',#3564,(#3569,#3580),.PCURVE_S1.);
#3564 = CIRCLE('',#3565,4.);
#3565 = AXIS2_PLACEMENT_3D('',#3566,#3567,#3568);
#3566 = CARTESIAN_POINT('',(101.,-101.,0.));
#3567 = DIRECTION('',(-0.,-0.,-1.));
#3568 = DIRECTION('',(0.,-1.,0.));
#3569 = PCURVE('',#100,#3570);
#3570 = DEFINITIONAL_REPRESENTATION('',(#3571),#3579);
#3571 = ( BOUNDED_CURVE() B_SPLINE_CURVE(2,(#3572,#3573,#3574,#3575,
#3576,#3577,#3578),.UNSPECIFIED.,.T.,.F.) B_SPLINE_CURVE_WITH_KNOTS((1,2
    ,2,2,2,1),(-2.094395102393,0.,2.094395102393,4.188790204786,
6.28318530718,8.377580409573),.UNSPECIFIED.) CURVE() 
GEOMETRIC_REPRESENTATION_ITEM() RATIONAL_B_SPLINE_CURVE((1.,0.5,1.,0.5,
1.,0.5,1.)) REPRESENTATION_ITEM('') );
#3572 = CARTESIAN_POINT('',(206.,0.));
#3573 = CARTESIAN_POINT('',(199.07179676972,0.));
#3574 = CARTESIAN_POINT('',(202.53589838486,6.));
#3575 = CARTESIAN_POINT('',(206.,12.));
#3576 = CARTESIAN_POINT('',(209.46410161513,6.));
#3577 = CARTESIAN_POINT('',(212.92820323027,6.217248937901E-15));
#3578 = CARTESIAN_POINT('',(206.,0.));
#3579 = ( GEOMETRIC_REPRESENTATION_CONTEXT(2) 
PARAMETRIC_REPRESENTATION_CONTEXT() REPRESENTATION_CONTEXT('2D SPACE',''
  ) );
#3580 = PCURVE('',#215,#3581);
#3581 = DEFINITIONAL_REPRESENTATION('',(#3582),#3586);
#3582 = LINE('',#3583,#3584);
#3583 = CARTESIAN_POINT('',(4.712388980385,-0.));
#3584 = VECTOR('',#3585,1.);
#3585 = DIRECTION('',(-1.,0.));
#3586 = ( GEOMETRIC_REPRESENTATION_CONTEXT(2) 
PARAMETRIC_REPRESENTATION_CONTEXT() REPRESENTATION_CONTEXT('2D SPACE',''
  ) );
#3587 = ORIENTED_EDGE('',*,*,#3588,.T.);
#3588 = EDGE_CURVE('',#3561,#3589,#3591,.T.);
#3589 = VERTEX_POINT('',#3590);
#3590 = CARTESIAN_POINT('',(105.,101.,0.));
#3591 = SURFACE_CURVE('',#3592,(#3596,#3603),.PCURVE_S1.);
#3592 = LINE('',#3593,#3594);
#3593 = CARTESIAN_POINT('',(105.,-105.,0.));
#3594 = VECTOR('',#3595,1.);
#3595 = DIRECTION('',(0.,1.,0.));
#3596 = PCURVE('',#100,#3597);
#3597 = DEFINITIONAL_REPRESENTATION('',(#3598),#3602);
#3598 = LINE('',#3599,#3600);
#3599 = CARTESIAN_POINT('',(210.,0.));
#3600 = VECTOR('',#3601,1.);
#3601 = DIRECTION('',(0.,1.));
#3602 = ( GEOMETRIC_REPRESENTATION_CONTEXT(2) 
PARAMETRIC_REPRESENTATION_CONTEXT() REPRESENTATION_CONTEXT('2D SPACE',''
  ) );
#3603 = PCURVE('',#243,#3604);
#3604 = DEFINITIONAL_REPRESENTATION('',(#3605),#3609);
#3605 = LINE('',#3606,#3607);
#3606 = CARTESIAN_POINT('',(0.,0.));
#3607 = VECTOR('',#3608,1.);
#3608 = DIRECTION('',(0.,-1.));
#3609 = ( GEOMETRIC_REPRESENTATION_CONTEXT(2) 
PARAMETRIC_REPRESENTATION_CONTEXT() REPRESENTATION_CONTEXT('2D SPACE',''
  ) );
#3610 = ORIENTED_EDGE('',*,*,#3611,.T.);
#3611 = EDGE_CURVE('',#3589,#3612,#3614,.T.);
#3612 = VERTEX_POINT('',#3613);
#3613 = CARTESIAN_POINT('',(101.,105.,0.));
#3614 = SURFACE_CURVE('',#3615,(#3620,#3627),.PCURVE_S1.);
#3615 = CIRCLE('',#3616,4.);
#3616 = AXIS2_PLACEMENT_3D('',#3617,#3618,#3619);
#3617 = CARTESIAN_POINT('',(101.,101.,0.));
#3618 = DIRECTION('',(0.,0.,1.));
#3619 = DIRECTION('',(0.,-1.,0.));
#3620 = PCURVE('',#100,#3621);
#3621 = DEFINITIONAL_REPRESENTATION('',(#3622),#3626);
#3622 = CIRCLE('',#3623,4.);
#3623 = AXIS2_PLACEMENT_2D('',#3624,#3625);
#3624 = CARTESIAN_POINT('',(206.,206.));
#3625 = DIRECTION('',(0.,-1.));
#3626 = ( GEOMETRIC_REPRESENTATION_CONTEXT(2) 
PARAMETRIC_REPRESENTATION_CONTEXT() REPRESENTATION_CONTEXT('2D SPACE',''
  ) );
#3627 = PCURVE('',#272,#3628);
#3628 = DEFINITIONAL_REPRESENTATION('',(#3629),#3633);
#3629 = LINE('',#3630,#3631);
#3630 = CARTESIAN_POINT('',(-1.570796326795,0.));
#3631 = VECTOR('',#3632,1.);
#3632 = DIRECTION('',(1.,0.));
#3633 = ( GEOMETRIC_REPRESENTATION_CONTEXT(2) 
PARAMETRIC_REPRESENTATION_CONTEXT() REPRESENTATION_CONTEXT('2D SPACE',''
  ) );
#3634 = ORIENTED_EDGE('',*,*,#3635,.F.);
#3635 = EDGE_CURVE('',#3482,#3612,#3636,.T.);
#3636 = SURFACE_CURVE('',#3637,(#3641,#3648),.PCURVE_S1.);
#3637 = LINE('',#3638,#3639);
#3638 = CARTESIAN_POINT('',(-105.,105.,0.));
#3639 = VECTOR('',#3640,1.);
#3640 = DIRECTION('',(1.,0.,0.));
#3641 = PCURVE('',#100,#3642);
#3642 = DEFINITIONAL_REPRESENTATION('',(#3643),#3647);
#3643 = LINE('',#3644,#3645);
#3644 = CARTESIAN_POINT('',(0.,210.));
#3645 = VECTOR('',#3646,1.);
#3646 = DIRECTION('',(1.,0.));
#3647 = ( GEOMETRIC_REPRESENTATION_CONTEXT(2) 
PARAMETRIC_REPRESENTATION_CONTEXT() REPRESENTATION_CONTEXT('2D SPACE',''
  ) );
#3648 = PCURVE('',#300,#3649);
#3649 = DEFINITIONAL_REPRESENTATION('',(#3650),#3654);
#3650 = LINE('',#3651,#3652);
#3651 = CARTESIAN_POINT('',(0.,0.));
#3652 = VECTOR('',#3653,1.);
#3653 = DIRECTION('',(0.,1.));
#3654 = ( GEOMETRIC_REPRESENTATION_CONTEXT(2) 
PARAMETRIC_REPRESENTATION_CONTEXT() REPRESENTATION_CONTEXT('2D SPACE',''
  ) );
#3655 = ORIENTED_EDGE('',*,*,#3481,.F.);
#3656 = FACE_BOUND('',#3657,.F.);
#3657 = EDGE_LOOP('',(#3658,#3682,#3704,#3733,#3761,#3789,#3817,#3845,
    #3873,#3901,#3929,#3957,#3985,#4018,#4040,#4067));
#3658 = ORIENTED_EDGE('',*,*,#3659,.F.);
#3659 = EDGE_CURVE('',#3660,#3662,#3664,.T.);
#3660 = VERTEX_POINT('',#3661);
#3661 = CARTESIAN_POINT('',(80.,-49.7,0.));
#3662 = VERTEX_POINT('',#3663);
#3663 = CARTESIAN_POINT('',(80.,-26.5,0.));
#3664 = SURFACE_CURVE('',#3665,(#3669,#3676),.PCURVE_S1.);
#3665 = LINE('',#3666,#3667);
#3666 = CARTESIAN_POINT('',(80.,-77.35,0.));
#3667 = VECTOR('',#3668,1.);
#3668 = DIRECTION('',(-0.,1.,0.));
#3669 = PCURVE('',#100,#3670);
#3670 = DEFINITIONAL_REPRESENTATION('',(#3671),#3675);
#3671 = LINE('',#3672,#3673);
#3672 = CARTESIAN_POINT('',(185.,27.65));
#3673 = VECTOR('',#3674,1.);
#3674 = DIRECTION('',(0.,1.));
#3675 = ( GEOMETRIC_REPRESENTATION_CONTEXT(2) 
PARAMETRIC_REPRESENTATION_CONTEXT() REPRESENTATION_CONTEXT('2D SPACE',''
  ) );
#3676 = PCURVE('',#3393,#3677);
#3677 = DEFINITIONAL_REPRESENTATION('',(#3678),#3681);
#3678 = B_SPLINE_CURVE_WITH_KNOTS('',1,(#3679,#3680),.UNSPECIFIED.,.F.,
  .F.,(2,2),(27.65,50.85),.PIECEWISE_BEZIER_KNOTS.);
#3679 = CARTESIAN_POINT('',(1.,0.));
#3680 = CARTESIAN_POINT('',(1.,-23.2));
#3681 = ( GEOMETRIC_REPRESENTATION_CONTEXT(2) 
PARAMETRIC_REPRESENTATION_CONTEXT() REPRESENTATION_CONTEXT('2D SPACE',''
  ) );
#3682 = ORIENTED_EDGE('',*,*,#3683,.T.);
#3683 = EDGE_CURVE('',#3660,#3684,#3686,.T.);
#3684 = VERTEX_POINT('',#3685);
#3685 = CARTESIAN_POINT('',(78.587298334621,-49.7,0.));
#3686 = SURFACE_CURVE('',#3687,(#3691,#3698),.PCURVE_S1.);
#3687 = LINE('',#3688,#3689);
#3688 = CARTESIAN_POINT('',(-15.6,-49.7,0.));
#3689 = VECTOR('',#3690,1.);
#3690 = DIRECTION('',(-1.,-0.,0.));
#3691 = PCURVE('',#100,#3692);
#3692 = DEFINITIONAL_REPRESENTATION('',(#3693),#3697);
#3693 = LINE('',#3694,#3695);
#3694 = CARTESIAN_POINT('',(89.4,55.3));
#3695 = VECTOR('',#3696,1.);
#3696 = DIRECTION('',(-1.,0.));
#3697 = ( GEOMETRIC_REPRESENTATION_CONTEXT(2) 
PARAMETRIC_REPRESENTATION_CONTEXT() REPRESENTATION_CONTEXT('2D SPACE',''
  ) );
#3698 = PCURVE('',#3417,#3699);
#3699 = DEFINITIONAL_REPRESENTATION('',(#3700),#3703);
#3700 = B_SPLINE_CURVE_WITH_KNOTS('',1,(#3701,#3702),.UNSPECIFIED.,.F.,
  .F.,(2,2),(-95.6,-89.4),.PIECEWISE_BEZIER_KNOTS.);
#3701 = CARTESIAN_POINT('',(1.,6.2));
#3702 = CARTESIAN_POINT('',(1.,0.));
#3703 = ( GEOMETRIC_REPRESENTATION_CONTEXT(2) 
PARAMETRIC_REPRESENTATION_CONTEXT() REPRESENTATION_CONTEXT('2D SPACE',''
  ) );
#3704 = ORIENTED_EDGE('',*,*,#3705,.T.);
#3705 = EDGE_CURVE('',#3684,#3706,#3708,.T.);
#3706 = VERTEX_POINT('',#3707);
#3707 = CARTESIAN_POINT('',(78.2,-49.4,0.));
#3708 = SURFACE_CURVE('',#3709,(#3714,#3721),.PCURVE_S1.);
#3709 = CIRCLE('',#3710,0.4);
#3710 = AXIS2_PLACEMENT_3D('',#3711,#3712,#3713);
#3711 = CARTESIAN_POINT('',(78.2,-49.8,0.));
#3712 = DIRECTION('',(0.,0.,1.));
#3713 = DIRECTION('',(0.,-1.,0.));
#3714 = PCURVE('',#100,#3715);
#3715 = DEFINITIONAL_REPRESENTATION('',(#3716),#3720);
#3716 = CIRCLE('',#3717,0.4);
#3717 = AXIS2_PLACEMENT_2D('',#3718,#3719);
#3718 = CARTESIAN_POINT('',(183.2,55.2));
#3719 = DIRECTION('',(0.,-1.));
#3720 = ( GEOMETRIC_REPRESENTATION_CONTEXT(2) 
PARAMETRIC_REPRESENTATION_CONTEXT() REPRESENTATION_CONTEXT('2D SPACE',''
  ) );
#3721 = PCURVE('',#3722,#3727);
#3722 = CYLINDRICAL_SURFACE('',#3723,0.4);
#3723 = AXIS2_PLACEMENT_3D('',#3724,#3725,#3726);
#3724 = CARTESIAN_POINT('',(78.2,-49.8,0.));
#3725 = DIRECTION('',(0.,0.,1.));
#3726 = DIRECTION('',(1.,0.,-0.));
#3727 = DEFINITIONAL_REPRESENTATION('',(#3728),#3732);
#3728 = LINE('',#3729,#3730);
#3729 = CARTESIAN_POINT('',(-1.570796326795,0.));
#3730 = VECTOR('',#3731,1.);
#3731 = DIRECTION('',(1.,0.));
#3732 = ( GEOMETRIC_REPRESENTATION_CONTEXT(2) 
PARAMETRIC_REPRESENTATION_CONTEXT() REPRESENTATION_CONTEXT('2D SPACE',''
  ) );
#3733 = ORIENTED_EDGE('',*,*,#3734,.F.);
#3734 = EDGE_CURVE('',#3735,#3706,#3737,.T.);
#3735 = VERTEX_POINT('',#3736);
#3736 = CARTESIAN_POINT('',(77.8,-49.4,0.));
#3737 = SURFACE_CURVE('',#3738,(#3742,#3749),.PCURVE_S1.);
#3738 = LINE('',#3739,#3740);
#3739 = CARTESIAN_POINT('',(75.8,-49.4,0.));
#3740 = VECTOR('',#3741,1.);
#3741 = DIRECTION('',(1.,0.,-0.));
#3742 = PCURVE('',#100,#3743);
#3743 = DEFINITIONAL_REPRESENTATION('',(#3744),#3748);
#3744 = LINE('',#3745,#3746);
#3745 = CARTESIAN_POINT('',(180.8,55.6));
#3746 = VECTOR('',#3747,1.);
#3747 = DIRECTION('',(1.,0.));
#3748 = ( GEOMETRIC_REPRESENTATION_CONTEXT(2) 
PARAMETRIC_REPRESENTATION_CONTEXT() REPRESENTATION_CONTEXT('2D SPACE',''
  ) );
#3749 = PCURVE('',#3750,#3755);
#3750 = PLANE('',#3751);
#3751 = AXIS2_PLACEMENT_3D('',#3752,#3753,#3754);
#3752 = CARTESIAN_POINT('',(75.8,-49.4,0.));
#3753 = DIRECTION('',(-0.,1.,0.));
#3754 = DIRECTION('',(0.,0.,1.));
#3755 = DEFINITIONAL_REPRESENTATION('',(#3756),#3760);
#3756 = LINE('',#3757,#3758);
#3757 = CARTESIAN_POINT('',(0.,0.));
#3758 = VECTOR('',#3759,1.);
#3759 = DIRECTION('',(0.,1.));
#3760 = ( GEOMETRIC_REPRESENTATION_CONTEXT(2) 
PARAMETRIC_REPRESENTATION_CONTEXT() REPRESENTATION_CONTEXT('2D SPACE',''
  ) );
#3761 = ORIENTED_EDGE('',*,*,#3762,.T.);
#3762 = EDGE_CURVE('',#3735,#3763,#3765,.T.);
#3763 = VERTEX_POINT('',#3764);
#3764 = CARTESIAN_POINT('',(77.8,-27.7,0.));
#3765 = SURFACE_CURVE('',#3766,(#3770,#3777),.PCURVE_S1.);
#3766 = LINE('',#3767,#3768);
#3767 = CARTESIAN_POINT('',(77.8,-49.4,0.));
#3768 = VECTOR('',#3769,1.);
#3769 = DIRECTION('',(0.,1.,0.));
#3770 = PCURVE('',#100,#3771);
#3771 = DEFINITIONAL_REPRESENTATION('',(#3772),#3776);
#3772 = LINE('',#3773,#3774);
#3773 = CARTESIAN_POINT('',(182.8,55.6));
#3774 = VECTOR('',#3775,1.);
#3775 = DIRECTION('',(0.,1.));
#3776 = ( GEOMETRIC_REPRESENTATION_CONTEXT(2) 
PARAMETRIC_REPRESENTATION_CONTEXT() REPRESENTATION_CONTEXT('2D SPACE',''
  ) );
#3777 = PCURVE('',#3778,#3783);
#3778 = PLANE('',#3779);
#3779 = AXIS2_PLACEMENT_3D('',#3780,#3781,#3782);
#3780 = CARTESIAN_POINT('',(77.8,-50.7,0.));
#3781 = DIRECTION('',(1.,0.,-0.));
#3782 = DIRECTION('',(0.,0.,1.));
#3783 = DEFINITIONAL_REPRESENTATION('',(#3784),#3788);
#3784 = LINE('',#3785,#3786);
#3785 = CARTESIAN_POINT('',(0.,-1.3));
#3786 = VECTOR('',#3787,1.);
#3787 = DIRECTION('',(0.,-1.));
#3788 = ( GEOMETRIC_REPRESENTATION_CONTEXT(2) 
PARAMETRIC_REPRESENTATION_CONTEXT() REPRESENTATION_CONTEXT('2D SPACE',''
  ) );
#3789 = ORIENTED_EDGE('',*,*,#3790,.T.);
#3790 = EDGE_CURVE('',#3763,#3791,#3793,.T.);
#3791 = VERTEX_POINT('',#3792);
#3792 = CARTESIAN_POINT('',(75.6,-27.7,0.));
#3793 = SURFACE_CURVE('',#3794,(#3798,#3805),.PCURVE_S1.);
#3794 = LINE('',#3795,#3796);
#3795 = CARTESIAN_POINT('',(77.8,-27.7,0.));
#3796 = VECTOR('',#3797,1.);
#3797 = DIRECTION('',(-1.,0.,0.));
#3798 = PCURVE('',#100,#3799);
#3799 = DEFINITIONAL_REPRESENTATION('',(#3800),#3804);
#3800 = LINE('',#3801,#3802);
#3801 = CARTESIAN_POINT('',(182.8,77.3));
#3802 = VECTOR('',#3803,1.);
#3803 = DIRECTION('',(-1.,0.));
#3804 = ( GEOMETRIC_REPRESENTATION_CONTEXT(2) 
PARAMETRIC_REPRESENTATION_CONTEXT() REPRESENTATION_CONTEXT('2D SPACE',''
  ) );
#3805 = PCURVE('',#3806,#3811);
#3806 = PLANE('',#3807);
#3807 = AXIS2_PLACEMENT_3D('',#3808,#3809,#3810);
#3808 = CARTESIAN_POINT('',(77.8,-27.7,0.));
#3809 = DIRECTION('',(0.,-1.,0.));
#3810 = DIRECTION('',(-1.,0.,0.));
#3811 = DEFINITIONAL_REPRESENTATION('',(#3812),#3816);
#3812 = LINE('',#3813,#3814);
#3813 = CARTESIAN_POINT('',(0.,-0.));
#3814 = VECTOR('',#3815,1.);
#3815 = DIRECTION('',(1.,0.));
#3816 = ( GEOMETRIC_REPRESENTATION_CONTEXT(2) 
PARAMETRIC_REPRESENTATION_CONTEXT() REPRESENTATION_CONTEXT('2D SPACE',''
  ) );
#3817 = ORIENTED_EDGE('',*,*,#3818,.T.);
#3818 = EDGE_CURVE('',#3791,#3819,#3821,.T.);
#3819 = VERTEX_POINT('',#3820);
#3820 = CARTESIAN_POINT('',(74.4,-28.9,0.));
#3821 = SURFACE_CURVE('',#3822,(#3826,#3833),.PCURVE_S1.);
#3822 = LINE('',#3823,#3824);
#3823 = CARTESIAN_POINT('',(75.6,-27.7,0.));
#3824 = VECTOR('',#3825,1.);
#3825 = DIRECTION('',(-0.707106781187,-0.707106781187,0.));
#3826 = PCURVE('',#100,#3827);
#3827 = DEFINITIONAL_REPRESENTATION('',(#3828),#3832);
#3828 = LINE('',#3829,#3830);
#3829 = CARTESIAN_POINT('',(180.6,77.3));
#3830 = VECTOR('',#3831,1.);
#3831 = DIRECTION('',(-0.707106781187,-0.707106781187));
#3832 = ( GEOMETRIC_REPRESENTATION_CONTEXT(2) 
PARAMETRIC_REPRESENTATION_CONTEXT() REPRESENTATION_CONTEXT('2D SPACE',''
  ) );
#3833 = PCURVE('',#3834,#3839);
#3834 = PLANE('',#3835);
#3835 = AXIS2_PLACEMENT_3D('',#3836,#3837,#3838);
#3836 = CARTESIAN_POINT('',(75.6,-27.7,0.));
#3837 = DIRECTION('',(0.707106781187,-0.707106781187,0.));
#3838 = DIRECTION('',(-0.707106781187,-0.707106781187,0.));
#3839 = DEFINITIONAL_REPRESENTATION('',(#3840),#3844);
#3840 = LINE('',#3841,#3842);
#3841 = CARTESIAN_POINT('',(0.,0.));
#3842 = VECTOR('',#3843,1.);
#3843 = DIRECTION('',(1.,0.));
#3844 = ( GEOMETRIC_REPRESENTATION_CONTEXT(2) 
PARAMETRIC_REPRESENTATION_CONTEXT() REPRESENTATION_CONTEXT('2D SPACE',''
  ) );
#3845 = ORIENTED_EDGE('',*,*,#3846,.T.);
#3846 = EDGE_CURVE('',#3819,#3847,#3849,.T.);
#3847 = VERTEX_POINT('',#3848);
#3848 = CARTESIAN_POINT('',(74.4,-30.5,0.));
#3849 = SURFACE_CURVE('',#3850,(#3854,#3861),.PCURVE_S1.);
#3850 = LINE('',#3851,#3852);
#3851 = CARTESIAN_POINT('',(74.4,-28.9,0.));
#3852 = VECTOR('',#3853,1.);
#3853 = DIRECTION('',(0.,-1.,0.));
#3854 = PCURVE('',#100,#3855);
#3855 = DEFINITIONAL_REPRESENTATION('',(#3856),#3860);
#3856 = LINE('',#3857,#3858);
#3857 = CARTESIAN_POINT('',(179.4,76.1));
#3858 = VECTOR('',#3859,1.);
#3859 = DIRECTION('',(0.,-1.));
#3860 = ( GEOMETRIC_REPRESENTATION_CONTEXT(2) 
PARAMETRIC_REPRESENTATION_CONTEXT() REPRESENTATION_CONTEXT('2D SPACE',''
  ) );
#3861 = PCURVE('',#3862,#3867);
#3862 = PLANE('',#3863);
#3863 = AXIS2_PLACEMENT_3D('',#3864,#3865,#3866);
#3864 = CARTESIAN_POINT('',(74.4,-28.9,0.));
#3865 = DIRECTION('',(1.,0.,-0.));
#3866 = DIRECTION('',(0.,-1.,0.));
#3867 = DEFINITIONAL_REPRESENTATION('',(#3868),#3872);
#3868 = LINE('',#3869,#3870);
#3869 = CARTESIAN_POINT('',(0.,0.));
#3870 = VECTOR('',#3871,1.);
#3871 = DIRECTION('',(1.,0.));
#3872 = ( GEOMETRIC_REPRESENTATION_CONTEXT(2) 
PARAMETRIC_REPRESENTATION_CONTEXT() REPRESENTATION_CONTEXT('2D SPACE',''
  ) );
#3873 = ORIENTED_EDGE('',*,*,#3874,.T.);
#3874 = EDGE_CURVE('',#3847,#3875,#3877,.T.);
#3875 = VERTEX_POINT('',#3876);
#3876 = CARTESIAN_POINT('',(75.6,-31.7,0.));
#3877 = SURFACE_CURVE('',#3878,(#3882,#3889),.PCURVE_S1.);
#3878 = LINE('',#3879,#3880);
#3879 = CARTESIAN_POINT('',(74.4,-30.5,0.));
#3880 = VECTOR('',#3881,1.);
#3881 = DIRECTION('',(0.707106781187,-0.707106781187,0.));
#3882 = PCURVE('',#100,#3883);
#3883 = DEFINITIONAL_REPRESENTATION('',(#3884),#3888);
#3884 = LINE('',#3885,#3886);
#3885 = CARTESIAN_POINT('',(179.4,74.5));
#3886 = VECTOR('',#3887,1.);
#3887 = DIRECTION('',(0.707106781187,-0.707106781187));
#3888 = ( GEOMETRIC_REPRESENTATION_CONTEXT(2) 
PARAMETRIC_REPRESENTATION_CONTEXT() REPRESENTATION_CONTEXT('2D SPACE',''
  ) );
#3889 = PCURVE('',#3890,#3895);
#3890 = PLANE('',#3891);
#3891 = AXIS2_PLACEMENT_3D('',#3892,#3893,#3894);
#3892 = CARTESIAN_POINT('',(74.4,-30.5,0.));
#3893 = DIRECTION('',(0.707106781187,0.707106781187,-0.));
#3894 = DIRECTION('',(0.707106781187,-0.707106781187,0.));
#3895 = DEFINITIONAL_REPRESENTATION('',(#3896),#3900);
#3896 = LINE('',#3897,#3898);
#3897 = CARTESIAN_POINT('',(0.,0.));
#3898 = VECTOR('',#3899,1.);
#3899 = DIRECTION('',(1.,0.));
#3900 = ( GEOMETRIC_REPRESENTATION_CONTEXT(2) 
PARAMETRIC_REPRESENTATION_CONTEXT() REPRESENTATION_CONTEXT('2D SPACE',''
  ) );
#3901 = ORIENTED_EDGE('',*,*,#3902,.T.);
#3902 = EDGE_CURVE('',#3875,#3903,#3905,.T.);
#3903 = VERTEX_POINT('',#3904);
#3904 = CARTESIAN_POINT('',(76.6,-32.53333333333,0.));
#3905 = SURFACE_CURVE('',#3906,(#3910,#3917),.PCURVE_S1.);
#3906 = LINE('',#3907,#3908);
#3907 = CARTESIAN_POINT('',(75.6,-31.7,0.));
#3908 = VECTOR('',#3909,1.);
#3909 = DIRECTION('',(0.768221279597,-0.640184399664,0.));
#3910 = PCURVE('',#100,#3911);
#3911 = DEFINITIONAL_REPRESENTATION('',(#3912),#3916);
#3912 = LINE('',#3913,#3914);
#3913 = CARTESIAN_POINT('',(180.6,73.3));
#3914 = VECTOR('',#3915,1.);
#3915 = DIRECTION('',(0.768221279597,-0.640184399664));
#3916 = ( GEOMETRIC_REPRESENTATION_CONTEXT(2) 
PARAMETRIC_REPRESENTATION_CONTEXT() REPRESENTATION_CONTEXT('2D SPACE',''
  ) );
#3917 = PCURVE('',#3918,#3923);
#3918 = PLANE('',#3919);
#3919 = AXIS2_PLACEMENT_3D('',#3920,#3921,#3922);
#3920 = CARTESIAN_POINT('',(75.6,-31.7,0.));
#3921 = DIRECTION('',(0.640184399664,0.768221279597,-0.));
#3922 = DIRECTION('',(0.768221279597,-0.640184399664,0.));
#3923 = DEFINITIONAL_REPRESENTATION('',(#3924),#3928);
#3924 = LINE('',#3925,#3926);
#3925 = CARTESIAN_POINT('',(0.,0.));
#3926 = VECTOR('',#3927,1.);
#3927 = DIRECTION('',(1.,0.));
#3928 = ( GEOMETRIC_REPRESENTATION_CONTEXT(2) 
PARAMETRIC_REPRESENTATION_CONTEXT() REPRESENTATION_CONTEXT('2D SPACE',''
  ) );
#3929 = ORIENTED_EDGE('',*,*,#3930,.F.);
#3930 = EDGE_CURVE('',#3931,#3903,#3933,.T.);
#3931 = VERTEX_POINT('',#3932);
#3932 = CARTESIAN_POINT('',(76.6,-49.4,0.));
#3933 = SURFACE_CURVE('',#3934,(#3938,#3945),.PCURVE_S1.);
#3934 = LINE('',#3935,#3936);
#3935 = CARTESIAN_POINT('',(76.6,-50.7,0.));
#3936 = VECTOR('',#3937,1.);
#3937 = DIRECTION('',(-0.,1.,0.));
#3938 = PCURVE('',#100,#3939);
#3939 = DEFINITIONAL_REPRESENTATION('',(#3940),#3944);
#3940 = LINE('',#3941,#3942);
#3941 = CARTESIAN_POINT('',(181.6,54.3));
#3942 = VECTOR('',#3943,1.);
#3943 = DIRECTION('',(0.,1.));
#3944 = ( GEOMETRIC_REPRESENTATION_CONTEXT(2) 
PARAMETRIC_REPRESENTATION_CONTEXT() REPRESENTATION_CONTEXT('2D SPACE',''
  ) );
#3945 = PCURVE('',#3946,#3951);
#3946 = PLANE('',#3947);
#3947 = AXIS2_PLACEMENT_3D('',#3948,#3949,#3950);
#3948 = CARTESIAN_POINT('',(76.6,-50.7,0.));
#3949 = DIRECTION('',(1.,0.,-0.));
#3950 = DIRECTION('',(0.,0.,1.));
#3951 = DEFINITIONAL_REPRESENTATION('',(#3952),#3956);
#3952 = LINE('',#3953,#3954);
#3953 = CARTESIAN_POINT('',(0.,0.));
#3954 = VECTOR('',#3955,1.);
#3955 = DIRECTION('',(0.,-1.));
#3956 = ( GEOMETRIC_REPRESENTATION_CONTEXT(2) 
PARAMETRIC_REPRESENTATION_CONTEXT() REPRESENTATION_CONTEXT('2D SPACE',''
  ) );
#3957 = ORIENTED_EDGE('',*,*,#3958,.F.);
#3958 = EDGE_CURVE('',#3959,#3931,#3961,.T.);
#3959 = VERTEX_POINT('',#3960);
#3960 = CARTESIAN_POINT('',(76.2,-49.4,0.));
#3961 = SURFACE_CURVE('',#3962,(#3966,#3973),.PCURVE_S1.);
#3962 = LINE('',#3963,#3964);
#3963 = CARTESIAN_POINT('',(75.8,-49.4,0.));
#3964 = VECTOR('',#3965,1.);
#3965 = DIRECTION('',(1.,0.,-0.));
#3966 = PCURVE('',#100,#3967);
#3967 = DEFINITIONAL_REPRESENTATION('',(#3968),#3972);
#3968 = LINE('',#3969,#3970);
#3969 = CARTESIAN_POINT('',(180.8,55.6));
#3970 = VECTOR('',#3971,1.);
#3971 = DIRECTION('',(1.,0.));
#3972 = ( GEOMETRIC_REPRESENTATION_CONTEXT(2) 
PARAMETRIC_REPRESENTATION_CONTEXT() REPRESENTATION_CONTEXT('2D SPACE',''
  ) );
#3973 = PCURVE('',#3974,#3979);
#3974 = PLANE('',#3975);
#3975 = AXIS2_PLACEMENT_3D('',#3976,#3977,#3978);
#3976 = CARTESIAN_POINT('',(75.8,-49.4,0.));
#3977 = DIRECTION('',(-0.,1.,0.));
#3978 = DIRECTION('',(0.,0.,1.));
#3979 = DEFINITIONAL_REPRESENTATION('',(#3980),#3984);
#3980 = LINE('',#3981,#3982);
#3981 = CARTESIAN_POINT('',(0.,0.));
#3982 = VECTOR('',#3983,1.);
#3983 = DIRECTION('',(0.,1.));
#3984 = ( GEOMETRIC_REPRESENTATION_CONTEXT(2) 
PARAMETRIC_REPRESENTATION_CONTEXT() REPRESENTATION_CONTEXT('2D SPACE',''
  ) );
#3985 = ORIENTED_EDGE('',*,*,#3986,.F.);
#3986 = EDGE_CURVE('',#3987,#3959,#3989,.T.);
#3987 = VERTEX_POINT('',#3988);
#3988 = CARTESIAN_POINT('',(75.812701665379,-49.7,0.));
#3989 = SURFACE_CURVE('',#3990,(#3995,#4006),.PCURVE_S1.);
#3990 = CIRCLE('',#3991,0.4);
#3991 = AXIS2_PLACEMENT_3D('',#3992,#3993,#3994);
#3992 = CARTESIAN_POINT('',(76.2,-49.8,0.));
#3993 = DIRECTION('',(-0.,-0.,-1.));
#3994 = DIRECTION('',(0.,-1.,0.));
#3995 = PCURVE('',#100,#3996);
#3996 = DEFINITIONAL_REPRESENTATION('',(#3997),#4005);
#3997 = ( BOUNDED_CURVE() B_SPLINE_CURVE(2,(#3998,#3999,#4000,#4001,
#4002,#4003,#4004),.UNSPECIFIED.,.T.,.F.) B_SPLINE_CURVE_WITH_KNOTS((1,2
    ,2,2,2,1),(-2.094395102393,0.,2.094395102393,4.188790204786,
6.28318530718,8.377580409573),.UNSPECIFIED.) CURVE() 
GEOMETRIC_REPRESENTATION_ITEM() RATIONAL_B_SPLINE_CURVE((1.,0.5,1.,0.5,
1.,0.5,1.)) REPRESENTATION_ITEM('') );
#3998 = CARTESIAN_POINT('',(181.2,54.8));
#3999 = CARTESIAN_POINT('',(180.50717967697,54.8));
#4000 = CARTESIAN_POINT('',(180.85358983848,55.4));
#4001 = CARTESIAN_POINT('',(181.2,56.));
#4002 = CARTESIAN_POINT('',(181.54641016151,55.4));
#4003 = CARTESIAN_POINT('',(181.89282032302,54.8));
#4004 = CARTESIAN_POINT('',(181.2,54.8));
#4005 = ( GEOMETRIC_REPRESENTATION_CONTEXT(2) 
PARAMETRIC_REPRESENTATION_CONTEXT() REPRESENTATION_CONTEXT('2D SPACE',''
  ) );
#4006 = PCURVE('',#4007,#4012);
#4007 = CYLINDRICAL_SURFACE('',#4008,0.4);
#4008 = AXIS2_PLACEMENT_3D('',#4009,#4010,#4011);
#4009 = CARTESIAN_POINT('',(76.2,-49.8,0.));
#4010 = DIRECTION('',(0.,0.,1.));
#4011 = DIRECTION('',(-1.,-0.,0.));
#4012 = DEFINITIONAL_REPRESENTATION('',(#4013),#4017);
#4013 = LINE('',#4014,#4015);
#4014 = CARTESIAN_POINT('',(1.570796326795,-0.));
#4015 = VECTOR('',#4016,1.);
#4016 = DIRECTION('',(-1.,0.));
#4017 = ( GEOMETRIC_REPRESENTATION_CONTEXT(2) 
PARAMETRIC_REPRESENTATION_CONTEXT() REPRESENTATION_CONTEXT('2D SPACE',''
  ) );
#4018 = ORIENTED_EDGE('',*,*,#4019,.T.);
#4019 = EDGE_CURVE('',#3987,#4020,#4022,.T.);
#4020 = VERTEX_POINT('',#4021);
#4021 = CARTESIAN_POINT('',(73.8,-49.7,0.));
#4022 = SURFACE_CURVE('',#4023,(#4027,#4034),.PCURVE_S1.);
#4023 = LINE('',#4024,#4025);
#4024 = CARTESIAN_POINT('',(-15.6,-49.7,0.));
#4025 = VECTOR('',#4026,1.);
#4026 = DIRECTION('',(-1.,-0.,0.));
#4027 = PCURVE('',#100,#4028);
#4028 = DEFINITIONAL_REPRESENTATION('',(#4029),#4033);
#4029 = LINE('',#4030,#4031);
#4030 = CARTESIAN_POINT('',(89.4,55.3));
#4031 = VECTOR('',#4032,1.);
#4032 = DIRECTION('',(-1.,0.));
#4033 = ( GEOMETRIC_REPRESENTATION_CONTEXT(2) 
PARAMETRIC_REPRESENTATION_CONTEXT() REPRESENTATION_CONTEXT('2D SPACE',''
  ) );
#4034 = PCURVE('',#3417,#4035);
#4035 = DEFINITIONAL_REPRESENTATION('',(#4036),#4039);
#4036 = B_SPLINE_CURVE_WITH_KNOTS('',1,(#4037,#4038),.UNSPECIFIED.,.F.,
  .F.,(2,2),(-95.6,-89.4),.PIECEWISE_BEZIER_KNOTS.);
#4037 = CARTESIAN_POINT('',(1.,6.2));
#4038 = CARTESIAN_POINT('',(1.,0.));
#4039 = ( GEOMETRIC_REPRESENTATION_CONTEXT(2) 
PARAMETRIC_REPRESENTATION_CONTEXT() REPRESENTATION_CONTEXT('2D SPACE',''
  ) );
#4040 = ORIENTED_EDGE('',*,*,#4041,.T.);
#4041 = EDGE_CURVE('',#4020,#4042,#4044,.T.);
#4042 = VERTEX_POINT('',#4043);
#4043 = CARTESIAN_POINT('',(73.8,-26.5,0.));
#4044 = SURFACE_CURVE('',#4045,(#4049,#4056),.PCURVE_S1.);
#4045 = LINE('',#4046,#4047);
#4046 = CARTESIAN_POINT('',(73.8,-77.35,0.));
#4047 = VECTOR('',#4048,1.);
#4048 = DIRECTION('',(-0.,1.,0.));
#4049 = PCURVE('',#100,#4050);
#4050 = DEFINITIONAL_REPRESENTATION('',(#4051),#4055);
#4051 = LINE('',#4052,#4053);
#4052 = CARTESIAN_POINT('',(178.8,27.65));
#4053 = VECTOR('',#4054,1.);
#4054 = DIRECTION('',(0.,1.));
#4055 = ( GEOMETRIC_REPRESENTATION_CONTEXT(2) 
PARAMETRIC_REPRESENTATION_CONTEXT() REPRESENTATION_CONTEXT('2D SPACE',''
  ) );
#4056 = PCURVE('',#4057,#4062);
#4057 = PLANE('',#4058);
#4058 = AXIS2_PLACEMENT_3D('',#4059,#4060,#4061);
#4059 = CARTESIAN_POINT('',(73.8,-49.7,-1.));
#4060 = DIRECTION('',(1.,0.,-0.));
#4061 = DIRECTION('',(0.,0.,1.));
#4062 = DEFINITIONAL_REPRESENTATION('',(#4063),#4066);
#4063 = B_SPLINE_CURVE_WITH_KNOTS('',1,(#4064,#4065),.UNSPECIFIED.,.F.,
  .F.,(2,2),(27.65,50.85),.PIECEWISE_BEZIER_KNOTS.);
#4064 = CARTESIAN_POINT('',(1.,0.));
#4065 = CARTESIAN_POINT('',(1.,-23.2));
#4066 = ( GEOMETRIC_REPRESENTATION_CONTEXT(2) 
PARAMETRIC_REPRESENTATION_CONTEXT() REPRESENTATION_CONTEXT('2D SPACE',''
  ) );
#4067 = ORIENTED_EDGE('',*,*,#4068,.F.);
#4068 = EDGE_CURVE('',#3662,#4042,#4069,.T.);
#4069 = SURFACE_CURVE('',#4070,(#4074,#4081),.PCURVE_S1.);
#4070 = LINE('',#4071,#4072);
#4071 = CARTESIAN_POINT('',(-15.6,-26.5,0.));
#4072 = VECTOR('',#4073,1.);
#4073 = DIRECTION('',(-1.,-0.,0.));
#4074 = PCURVE('',#100,#4075);
#4075 = DEFINITIONAL_REPRESENTATION('',(#4076),#4080);
#4076 = LINE('',#4077,#4078);
#4077 = CARTESIAN_POINT('',(89.4,78.5));
#4078 = VECTOR('',#4079,1.);
#4079 = DIRECTION('',(-1.,0.));
#4080 = ( GEOMETRIC_REPRESENTATION_CONTEXT(2) 
PARAMETRIC_REPRESENTATION_CONTEXT() REPRESENTATION_CONTEXT('2D SPACE',''
  ) );
#4081 = PCURVE('',#3367,#4082);
#4082 = DEFINITIONAL_REPRESENTATION('',(#4083),#4086);
#4083 = B_SPLINE_CURVE_WITH_KNOTS('',1,(#4084,#4085),.UNSPECIFIED.,.F.,
  .F.,(2,2),(-95.6,-89.4),.PIECEWISE_BEZIER_KNOTS.);
#4084 = CARTESIAN_POINT('',(1.,6.2));
#4085 = CARTESIAN_POINT('',(1.,0.));
#4086 = ( GEOMETRIC_REPRESENTATION_CONTEXT(2) 
PARAMETRIC_REPRESENTATION_CONTEXT() REPRESENTATION_CONTEXT('2D SPACE',''
  ) );
#4087 = FACE_BOUND('',#4088,.F.);
#4088 = EDGE_LOOP('',(#4089,#4113,#4135,#4164,#4192,#4220,#4248,#4276,
    #4304,#4332,#4360,#4388,#4416,#4449,#4471,#4498));
#4089 = ORIENTED_EDGE('',*,*,#4090,.F.);
#4090 = EDGE_CURVE('',#4091,#4093,#4095,.T.);
#4091 = VERTEX_POINT('',#4092);
#4092 = CARTESIAN_POINT('',(20.,60.,0.));
#4093 = VERTEX_POINT('',#4094);
#4094 = CARTESIAN_POINT('',(-3.2,60.,0.));
#4095 = SURFACE_CURVE('',#4096,(#4100,#4107),.PCURVE_S1.);
#4096 = LINE('',#4097,#4098);
#4097 = CARTESIAN_POINT('',(-42.5,60.,0.));
#4098 = VECTOR('',#4099,1.);
#4099 = DIRECTION('',(-1.,1.110223024625E-16,0.));
#4100 = PCURVE('',#100,#4101);
#4101 = DEFINITIONAL_REPRESENTATION('',(#4102),#4106);
#4102 = LINE('',#4103,#4104);
#4103 = CARTESIAN_POINT('',(62.5,165.));
#4104 = VECTOR('',#4105,1.);
#4105 = DIRECTION('',(-1.,1.110223024625E-16));
#4106 = ( GEOMETRIC_REPRESENTATION_CONTEXT(2) 
PARAMETRIC_REPRESENTATION_CONTEXT() REPRESENTATION_CONTEXT('2D SPACE',''
  ) );
#4107 = PCURVE('',#3080,#4108);
#4108 = DEFINITIONAL_REPRESENTATION('',(#4109),#4112);
#4109 = B_SPLINE_CURVE_WITH_KNOTS('',1,(#4110,#4111),.UNSPECIFIED.,.F.,
  .F.,(2,2),(-62.5,-39.3),.PIECEWISE_BEZIER_KNOTS.);
#4110 = CARTESIAN_POINT('',(1.,0.));
#4111 = CARTESIAN_POINT('',(1.,-23.2));
#4112 = ( GEOMETRIC_REPRESENTATION_CONTEXT(2) 
PARAMETRIC_REPRESENTATION_CONTEXT() REPRESENTATION_CONTEXT('2D SPACE',''
  ) );
#4113 = ORIENTED_EDGE('',*,*,#4114,.T.);
#4114 = EDGE_CURVE('',#4091,#4115,#4117,.T.);
#4115 = VERTEX_POINT('',#4116);
#4116 = CARTESIAN_POINT('',(20.,58.587298334621,0.));
#4117 = SURFACE_CURVE('',#4118,(#4122,#4129),.PCURVE_S1.);
#4118 = LINE('',#4119,#4120);
#4119 = CARTESIAN_POINT('',(20.,-25.6,0.));
#4120 = VECTOR('',#4121,1.);
#4121 = DIRECTION('',(-1.110223024625E-16,-1.,0.));
#4122 = PCURVE('',#100,#4123);
#4123 = DEFINITIONAL_REPRESENTATION('',(#4124),#4128);
#4124 = LINE('',#4125,#4126);
#4125 = CARTESIAN_POINT('',(125.,79.4));
#4126 = VECTOR('',#4127,1.);
#4127 = DIRECTION('',(-1.110223024625E-16,-1.));
#4128 = ( GEOMETRIC_REPRESENTATION_CONTEXT(2) 
PARAMETRIC_REPRESENTATION_CONTEXT() REPRESENTATION_CONTEXT('2D SPACE',''
  ) );
#4129 = PCURVE('',#3106,#4130);
#4130 = DEFINITIONAL_REPRESENTATION('',(#4131),#4134);
#4131 = B_SPLINE_CURVE_WITH_KNOTS('',1,(#4132,#4133),.UNSPECIFIED.,.F.,
  .F.,(2,2),(-85.6,-79.4),.PIECEWISE_BEZIER_KNOTS.);
#4132 = CARTESIAN_POINT('',(1.,6.2));
#4133 = CARTESIAN_POINT('',(1.,0.));
#4134 = ( GEOMETRIC_REPRESENTATION_CONTEXT(2) 
PARAMETRIC_REPRESENTATION_CONTEXT() REPRESENTATION_CONTEXT('2D SPACE',''
  ) );
#4135 = ORIENTED_EDGE('',*,*,#4136,.T.);
#4136 = EDGE_CURVE('',#4115,#4137,#4139,.T.);
#4137 = VERTEX_POINT('',#4138);
#4138 = CARTESIAN_POINT('',(19.7,58.2,0.));
#4139 = SURFACE_CURVE('',#4140,(#4145,#4152),.PCURVE_S1.);
#4140 = CIRCLE('',#4141,0.4);
#4141 = AXIS2_PLACEMENT_3D('',#4142,#4143,#4144);
#4142 = CARTESIAN_POINT('',(20.1,58.2,0.));
#4143 = DIRECTION('',(-0.,0.,1.));
#4144 = DIRECTION('',(1.,-1.110223024625E-16,0.));
#4145 = PCURVE('',#100,#4146);
#4146 = DEFINITIONAL_REPRESENTATION('',(#4147),#4151);
#4147 = CIRCLE('',#4148,0.4);
#4148 = AXIS2_PLACEMENT_2D('',#4149,#4150);
#4149 = CARTESIAN_POINT('',(125.1,163.2));
#4150 = DIRECTION('',(1.,-1.110223024625E-16));
#4151 = ( GEOMETRIC_REPRESENTATION_CONTEXT(2) 
PARAMETRIC_REPRESENTATION_CONTEXT() REPRESENTATION_CONTEXT('2D SPACE',''
  ) );
#4152 = PCURVE('',#4153,#4158);
#4153 = CYLINDRICAL_SURFACE('',#4154,0.4);
#4154 = AXIS2_PLACEMENT_3D('',#4155,#4156,#4157);
#4155 = CARTESIAN_POINT('',(20.1,58.2,0.));
#4156 = DIRECTION('',(0.,0.,1.));
#4157 = DIRECTION('',(1.110223024625E-16,1.,0.));
#4158 = DEFINITIONAL_REPRESENTATION('',(#4159),#4163);
#4159 = LINE('',#4160,#4161);
#4160 = CARTESIAN_POINT('',(-1.570796326795,0.));
#4161 = VECTOR('',#4162,1.);
#4162 = DIRECTION('',(1.,0.));
#4163 = ( GEOMETRIC_REPRESENTATION_CONTEXT(2) 
PARAMETRIC_REPRESENTATION_CONTEXT() REPRESENTATION_CONTEXT('2D SPACE',''
  ) );
#4164 = ORIENTED_EDGE('',*,*,#4165,.F.);
#4165 = EDGE_CURVE('',#4166,#4137,#4168,.T.);
#4166 = VERTEX_POINT('',#4167);
#4167 = CARTESIAN_POINT('',(19.7,57.8,0.));
#4168 = SURFACE_CURVE('',#4169,(#4173,#4180),.PCURVE_S1.);
#4169 = LINE('',#4170,#4171);
#4170 = CARTESIAN_POINT('',(19.7,55.8,0.));
#4171 = VECTOR('',#4172,1.);
#4172 = DIRECTION('',(1.110223024625E-16,1.,0.));
#4173 = PCURVE('',#100,#4174);
#4174 = DEFINITIONAL_REPRESENTATION('',(#4175),#4179);
#4175 = LINE('',#4176,#4177);
#4176 = CARTESIAN_POINT('',(124.7,160.8));
#4177 = VECTOR('',#4178,1.);
#4178 = DIRECTION('',(1.110223024625E-16,1.));
#4179 = ( GEOMETRIC_REPRESENTATION_CONTEXT(2) 
PARAMETRIC_REPRESENTATION_CONTEXT() REPRESENTATION_CONTEXT('2D SPACE',''
  ) );
#4180 = PCURVE('',#4181,#4186);
#4181 = PLANE('',#4182);
#4182 = AXIS2_PLACEMENT_3D('',#4183,#4184,#4185);
#4183 = CARTESIAN_POINT('',(19.7,55.8,0.));
#4184 = DIRECTION('',(-1.,1.110223024625E-16,0.));
#4185 = DIRECTION('',(0.,0.,1.));
#4186 = DEFINITIONAL_REPRESENTATION('',(#4187),#4191);
#4187 = LINE('',#4188,#4189);
#4188 = CARTESIAN_POINT('',(0.,0.));
#4189 = VECTOR('',#4190,1.);
#4190 = DIRECTION('',(0.,1.));
#4191 = ( GEOMETRIC_REPRESENTATION_CONTEXT(2) 
PARAMETRIC_REPRESENTATION_CONTEXT() REPRESENTATION_CONTEXT('2D SPACE',''
  ) );
#4192 = ORIENTED_EDGE('',*,*,#4193,.T.);
#4193 = EDGE_CURVE('',#4166,#4194,#4196,.T.);
#4194 = VERTEX_POINT('',#4195);
#4195 = CARTESIAN_POINT('',(-2.,57.8,0.));
#4196 = SURFACE_CURVE('',#4197,(#4201,#4208),.PCURVE_S1.);
#4197 = LINE('',#4198,#4199);
#4198 = CARTESIAN_POINT('',(19.7,57.8,0.));
#4199 = VECTOR('',#4200,1.);
#4200 = DIRECTION('',(-1.,1.110223024625E-16,0.));
#4201 = PCURVE('',#100,#4202);
#4202 = DEFINITIONAL_REPRESENTATION('',(#4203),#4207);
#4203 = LINE('',#4204,#4205);
#4204 = CARTESIAN_POINT('',(124.7,162.8));
#4205 = VECTOR('',#4206,1.);
#4206 = DIRECTION('',(-1.,1.110223024625E-16));
#4207 = ( GEOMETRIC_REPRESENTATION_CONTEXT(2) 
PARAMETRIC_REPRESENTATION_CONTEXT() REPRESENTATION_CONTEXT('2D SPACE',''
  ) );
#4208 = PCURVE('',#4209,#4214);
#4209 = PLANE('',#4210);
#4210 = AXIS2_PLACEMENT_3D('',#4211,#4212,#4213);
#4211 = CARTESIAN_POINT('',(21.,57.8,0.));
#4212 = DIRECTION('',(1.110223024625E-16,1.,0.));
#4213 = DIRECTION('',(0.,0.,1.));
#4214 = DEFINITIONAL_REPRESENTATION('',(#4215),#4219);
#4215 = LINE('',#4216,#4217);
#4216 = CARTESIAN_POINT('',(0.,-1.3));
#4217 = VECTOR('',#4218,1.);
#4218 = DIRECTION('',(0.,-1.));
#4219 = ( GEOMETRIC_REPRESENTATION_CONTEXT(2) 
PARAMETRIC_REPRESENTATION_CONTEXT() REPRESENTATION_CONTEXT('2D SPACE',''
  ) );
#4220 = ORIENTED_EDGE('',*,*,#4221,.T.);
#4221 = EDGE_CURVE('',#4194,#4222,#4224,.T.);
#4222 = VERTEX_POINT('',#4223);
#4223 = CARTESIAN_POINT('',(-2.,55.6,0.));
#4224 = SURFACE_CURVE('',#4225,(#4229,#4236),.PCURVE_S1.);
#4225 = LINE('',#4226,#4227);
#4226 = CARTESIAN_POINT('',(-2.,57.8,0.));
#4227 = VECTOR('',#4228,1.);
#4228 = DIRECTION('',(-1.110223024625E-16,-1.,0.));
#4229 = PCURVE('',#100,#4230);
#4230 = DEFINITIONAL_REPRESENTATION('',(#4231),#4235);
#4231 = LINE('',#4232,#4233);
#4232 = CARTESIAN_POINT('',(103.,162.8));
#4233 = VECTOR('',#4234,1.);
#4234 = DIRECTION('',(-1.110223024625E-16,-1.));
#4235 = ( GEOMETRIC_REPRESENTATION_CONTEXT(2) 
PARAMETRIC_REPRESENTATION_CONTEXT() REPRESENTATION_CONTEXT('2D SPACE',''
  ) );
#4236 = PCURVE('',#4237,#4242);
#4237 = PLANE('',#4238);
#4238 = AXIS2_PLACEMENT_3D('',#4239,#4240,#4241);
#4239 = CARTESIAN_POINT('',(-2.,57.8,0.));
#4240 = DIRECTION('',(1.,-1.110223024625E-16,0.));
#4241 = DIRECTION('',(-1.110223024625E-16,-1.,0.));
#4242 = DEFINITIONAL_REPRESENTATION('',(#4243),#4247);
#4243 = LINE('',#4244,#4245);
#4244 = CARTESIAN_POINT('',(0.,0.));
#4245 = VECTOR('',#4246,1.);
#4246 = DIRECTION('',(1.,0.));
#4247 = ( GEOMETRIC_REPRESENTATION_CONTEXT(2) 
PARAMETRIC_REPRESENTATION_CONTEXT() REPRESENTATION_CONTEXT('2D SPACE',''
  ) );
#4248 = ORIENTED_EDGE('',*,*,#4249,.T.);
#4249 = EDGE_CURVE('',#4222,#4250,#4252,.T.);
#4250 = VERTEX_POINT('',#4251);
#4251 = CARTESIAN_POINT('',(-0.8,54.4,0.));
#4252 = SURFACE_CURVE('',#4253,(#4257,#4264),.PCURVE_S1.);
#4253 = LINE('',#4254,#4255);
#4254 = CARTESIAN_POINT('',(-2.,55.6,0.));
#4255 = VECTOR('',#4256,1.);
#4256 = DIRECTION('',(0.707106781187,-0.707106781187,0.));
#4257 = PCURVE('',#100,#4258);
#4258 = DEFINITIONAL_REPRESENTATION('',(#4259),#4263);
#4259 = LINE('',#4260,#4261);
#4260 = CARTESIAN_POINT('',(103.,160.6));
#4261 = VECTOR('',#4262,1.);
#4262 = DIRECTION('',(0.707106781187,-0.707106781187));
#4263 = ( GEOMETRIC_REPRESENTATION_CONTEXT(2) 
PARAMETRIC_REPRESENTATION_CONTEXT() REPRESENTATION_CONTEXT('2D SPACE',''
  ) );
#4264 = PCURVE('',#4265,#4270);
#4265 = PLANE('',#4266);
#4266 = AXIS2_PLACEMENT_3D('',#4267,#4268,#4269);
#4267 = CARTESIAN_POINT('',(-2.,55.6,0.));
#4268 = DIRECTION('',(0.707106781187,0.707106781187,0.));
#4269 = DIRECTION('',(0.707106781187,-0.707106781187,0.));
#4270 = DEFINITIONAL_REPRESENTATION('',(#4271),#4275);
#4271 = LINE('',#4272,#4273);
#4272 = CARTESIAN_POINT('',(0.,0.));
#4273 = VECTOR('',#4274,1.);
#4274 = DIRECTION('',(1.,0.));
#4275 = ( GEOMETRIC_REPRESENTATION_CONTEXT(2) 
PARAMETRIC_REPRESENTATION_CONTEXT() REPRESENTATION_CONTEXT('2D SPACE',''
  ) );
#4276 = ORIENTED_EDGE('',*,*,#4277,.T.);
#4277 = EDGE_CURVE('',#4250,#4278,#4280,.T.);
#4278 = VERTEX_POINT('',#4279);
#4279 = CARTESIAN_POINT('',(0.8,54.4,0.));
#4280 = SURFACE_CURVE('',#4281,(#4285,#4292),.PCURVE_S1.);
#4281 = LINE('',#4282,#4283);
#4282 = CARTESIAN_POINT('',(-0.8,54.4,0.));
#4283 = VECTOR('',#4284,1.);
#4284 = DIRECTION('',(1.,-1.110223024625E-16,0.));
#4285 = PCURVE('',#100,#4286);
#4286 = DEFINITIONAL_REPRESENTATION('',(#4287),#4291);
#4287 = LINE('',#4288,#4289);
#4288 = CARTESIAN_POINT('',(104.2,159.4));
#4289 = VECTOR('',#4290,1.);
#4290 = DIRECTION('',(1.,-1.110223024625E-16));
#4291 = ( GEOMETRIC_REPRESENTATION_CONTEXT(2) 
PARAMETRIC_REPRESENTATION_CONTEXT() REPRESENTATION_CONTEXT('2D SPACE',''
  ) );
#4292 = PCURVE('',#4293,#4298);
#4293 = PLANE('',#4294);
#4294 = AXIS2_PLACEMENT_3D('',#4295,#4296,#4297);
#4295 = CARTESIAN_POINT('',(-0.8,54.4,0.));
#4296 = DIRECTION('',(1.110223024625E-16,1.,0.));
#4297 = DIRECTION('',(1.,-1.110223024625E-16,0.));
#4298 = DEFINITIONAL_REPRESENTATION('',(#4299),#4303);
#4299 = LINE('',#4300,#4301);
#4300 = CARTESIAN_POINT('',(0.,0.));
#4301 = VECTOR('',#4302,1.);
#4302 = DIRECTION('',(1.,0.));
#4303 = ( GEOMETRIC_REPRESENTATION_CONTEXT(2) 
PARAMETRIC_REPRESENTATION_CONTEXT() REPRESENTATION_CONTEXT('2D SPACE',''
  ) );
#4304 = ORIENTED_EDGE('',*,*,#4305,.T.);
#4305 = EDGE_CURVE('',#4278,#4306,#4308,.T.);
#4306 = VERTEX_POINT('',#4307);
#4307 = CARTESIAN_POINT('',(2.,55.6,0.));
#4308 = SURFACE_CURVE('',#4309,(#4313,#4320),.PCURVE_S1.);
#4309 = LINE('',#4310,#4311);
#4310 = CARTESIAN_POINT('',(0.8,54.4,0.));
#4311 = VECTOR('',#4312,1.);
#4312 = DIRECTION('',(0.707106781187,0.707106781187,0.));
#4313 = PCURVE('',#100,#4314);
#4314 = DEFINITIONAL_REPRESENTATION('',(#4315),#4319);
#4315 = LINE('',#4316,#4317);
#4316 = CARTESIAN_POINT('',(105.8,159.4));
#4317 = VECTOR('',#4318,1.);
#4318 = DIRECTION('',(0.707106781187,0.707106781187));
#4319 = ( GEOMETRIC_REPRESENTATION_CONTEXT(2) 
PARAMETRIC_REPRESENTATION_CONTEXT() REPRESENTATION_CONTEXT('2D SPACE',''
  ) );
#4320 = PCURVE('',#4321,#4326);
#4321 = PLANE('',#4322);
#4322 = AXIS2_PLACEMENT_3D('',#4323,#4324,#4325);
#4323 = CARTESIAN_POINT('',(0.8,54.4,0.));
#4324 = DIRECTION('',(-0.707106781187,0.707106781187,0.));
#4325 = DIRECTION('',(0.707106781187,0.707106781187,0.));
#4326 = DEFINITIONAL_REPRESENTATION('',(#4327),#4331);
#4327 = LINE('',#4328,#4329);
#4328 = CARTESIAN_POINT('',(0.,0.));
#4329 = VECTOR('',#4330,1.);
#4330 = DIRECTION('',(1.,0.));
#4331 = ( GEOMETRIC_REPRESENTATION_CONTEXT(2) 
PARAMETRIC_REPRESENTATION_CONTEXT() REPRESENTATION_CONTEXT('2D SPACE',''
  ) );
#4332 = ORIENTED_EDGE('',*,*,#4333,.T.);
#4333 = EDGE_CURVE('',#4306,#4334,#4336,.T.);
#4334 = VERTEX_POINT('',#4335);
#4335 = CARTESIAN_POINT('',(2.833333333333,56.6,0.));
#4336 = SURFACE_CURVE('',#4337,(#4341,#4348),.PCURVE_S1.);
#4337 = LINE('',#4338,#4339);
#4338 = CARTESIAN_POINT('',(2.,55.6,0.));
#4339 = VECTOR('',#4340,1.);
#4340 = DIRECTION('',(0.640184399664,0.768221279597,0.));
#4341 = PCURVE('',#100,#4342);
#4342 = DEFINITIONAL_REPRESENTATION('',(#4343),#4347);
#4343 = LINE('',#4344,#4345);
#4344 = CARTESIAN_POINT('',(107.,160.6));
#4345 = VECTOR('',#4346,1.);
#4346 = DIRECTION('',(0.640184399664,0.768221279597));
#4347 = ( GEOMETRIC_REPRESENTATION_CONTEXT(2) 
PARAMETRIC_REPRESENTATION_CONTEXT() REPRESENTATION_CONTEXT('2D SPACE',''
  ) );
#4348 = PCURVE('',#4349,#4354);
#4349 = PLANE('',#4350);
#4350 = AXIS2_PLACEMENT_3D('',#4351,#4352,#4353);
#4351 = CARTESIAN_POINT('',(2.,55.6,0.));
#4352 = DIRECTION('',(-0.768221279597,0.640184399664,0.));
#4353 = DIRECTION('',(0.640184399664,0.768221279597,0.));
#4354 = DEFINITIONAL_REPRESENTATION('',(#4355),#4359);
#4355 = LINE('',#4356,#4357);
#4356 = CARTESIAN_POINT('',(0.,0.));
#4357 = VECTOR('',#4358,1.);
#4358 = DIRECTION('',(1.,0.));
#4359 = ( GEOMETRIC_REPRESENTATION_CONTEXT(2) 
PARAMETRIC_REPRESENTATION_CONTEXT() REPRESENTATION_CONTEXT('2D SPACE',''
  ) );
#4360 = ORIENTED_EDGE('',*,*,#4361,.F.);
#4361 = EDGE_CURVE('',#4362,#4334,#4364,.T.);
#4362 = VERTEX_POINT('',#4363);
#4363 = CARTESIAN_POINT('',(19.7,56.6,0.));
#4364 = SURFACE_CURVE('',#4365,(#4369,#4376),.PCURVE_S1.);
#4365 = LINE('',#4366,#4367);
#4366 = CARTESIAN_POINT('',(21.,56.6,0.));
#4367 = VECTOR('',#4368,1.);
#4368 = DIRECTION('',(-1.,1.110223024625E-16,0.));
#4369 = PCURVE('',#100,#4370);
#4370 = DEFINITIONAL_REPRESENTATION('',(#4371),#4375);
#4371 = LINE('',#4372,#4373);
#4372 = CARTESIAN_POINT('',(126.,161.6));
#4373 = VECTOR('',#4374,1.);
#4374 = DIRECTION('',(-1.,1.110223024625E-16));
#4375 = ( GEOMETRIC_REPRESENTATION_CONTEXT(2) 
PARAMETRIC_REPRESENTATION_CONTEXT() REPRESENTATION_CONTEXT('2D SPACE',''
  ) );
#4376 = PCURVE('',#4377,#4382);
#4377 = PLANE('',#4378);
#4378 = AXIS2_PLACEMENT_3D('',#4379,#4380,#4381);
#4379 = CARTESIAN_POINT('',(21.,56.6,0.));
#4380 = DIRECTION('',(1.110223024625E-16,1.,0.));
#4381 = DIRECTION('',(0.,0.,1.));
#4382 = DEFINITIONAL_REPRESENTATION('',(#4383),#4387);
#4383 = LINE('',#4384,#4385);
#4384 = CARTESIAN_POINT('',(0.,0.));
#4385 = VECTOR('',#4386,1.);
#4386 = DIRECTION('',(0.,-1.));
#4387 = ( GEOMETRIC_REPRESENTATION_CONTEXT(2) 
PARAMETRIC_REPRESENTATION_CONTEXT() REPRESENTATION_CONTEXT('2D SPACE',''
  ) );
#4388 = ORIENTED_EDGE('',*,*,#4389,.F.);
#4389 = EDGE_CURVE('',#4390,#4362,#4392,.T.);
#4390 = VERTEX_POINT('',#4391);
#4391 = CARTESIAN_POINT('',(19.7,56.2,0.));
#4392 = SURFACE_CURVE('',#4393,(#4397,#4404),.PCURVE_S1.);
#4393 = LINE('',#4394,#4395);
#4394 = CARTESIAN_POINT('',(19.7,55.8,0.));
#4395 = VECTOR('',#4396,1.);
#4396 = DIRECTION('',(1.110223024625E-16,1.,0.));
#4397 = PCURVE('',#100,#4398);
#4398 = DEFINITIONAL_REPRESENTATION('',(#4399),#4403);
#4399 = LINE('',#4400,#4401);
#4400 = CARTESIAN_POINT('',(124.7,160.8));
#4401 = VECTOR('',#4402,1.);
#4402 = DIRECTION('',(1.110223024625E-16,1.));
#4403 = ( GEOMETRIC_REPRESENTATION_CONTEXT(2) 
PARAMETRIC_REPRESENTATION_CONTEXT() REPRESENTATION_CONTEXT('2D SPACE',''
  ) );
#4404 = PCURVE('',#4405,#4410);
#4405 = PLANE('',#4406);
#4406 = AXIS2_PLACEMENT_3D('',#4407,#4408,#4409);
#4407 = CARTESIAN_POINT('',(19.7,55.8,0.));
#4408 = DIRECTION('',(-1.,1.110223024625E-16,0.));
#4409 = DIRECTION('',(0.,0.,1.));
#4410 = DEFINITIONAL_REPRESENTATION('',(#4411),#4415);
#4411 = LINE('',#4412,#4413);
#4412 = CARTESIAN_POINT('',(0.,0.));
#4413 = VECTOR('',#4414,1.);
#4414 = DIRECTION('',(0.,1.));
#4415 = ( GEOMETRIC_REPRESENTATION_CONTEXT(2) 
PARAMETRIC_REPRESENTATION_CONTEXT() REPRESENTATION_CONTEXT('2D SPACE',''
  ) );
#4416 = ORIENTED_EDGE('',*,*,#4417,.F.);
#4417 = EDGE_CURVE('',#4418,#4390,#4420,.T.);
#4418 = VERTEX_POINT('',#4419);
#4419 = CARTESIAN_POINT('',(20.,55.812701665379,0.));
#4420 = SURFACE_CURVE('',#4421,(#4426,#4437),.PCURVE_S1.);
#4421 = CIRCLE('',#4422,0.4);
#4422 = AXIS2_PLACEMENT_3D('',#4423,#4424,#4425);
#4423 = CARTESIAN_POINT('',(20.1,56.2,0.));
#4424 = DIRECTION('',(0.,-0.,-1.));
#4425 = DIRECTION('',(1.,-1.110223024625E-16,0.));
#4426 = PCURVE('',#100,#4427);
#4427 = DEFINITIONAL_REPRESENTATION('',(#4428),#4436);
#4428 = ( BOUNDED_CURVE() B_SPLINE_CURVE(2,(#4429,#4430,#4431,#4432,
#4433,#4434,#4435),.UNSPECIFIED.,.T.,.F.) B_SPLINE_CURVE_WITH_KNOTS((1,2
    ,2,2,2,1),(-2.094395102393,0.,2.094395102393,4.188790204786,
6.28318530718,8.377580409573),.UNSPECIFIED.) CURVE() 
GEOMETRIC_REPRESENTATION_ITEM() RATIONAL_B_SPLINE_CURVE((1.,0.5,1.,0.5,
1.,0.5,1.)) REPRESENTATION_ITEM('') );
#4429 = CARTESIAN_POINT('',(125.5,161.2));
#4430 = CARTESIAN_POINT('',(125.5,160.50717967697));
#4431 = CARTESIAN_POINT('',(124.9,160.85358983848));
#4432 = CARTESIAN_POINT('',(124.3,161.2));
#4433 = CARTESIAN_POINT('',(124.9,161.54641016151));
#4434 = CARTESIAN_POINT('',(125.5,161.89282032302));
#4435 = CARTESIAN_POINT('',(125.5,161.2));
#4436 = ( GEOMETRIC_REPRESENTATION_CONTEXT(2) 
PARAMETRIC_REPRESENTATION_CONTEXT() REPRESENTATION_CONTEXT('2D SPACE',''
  ) );
#4437 = PCURVE('',#4438,#4443);
#4438 = CYLINDRICAL_SURFACE('',#4439,0.4);
#4439 = AXIS2_PLACEMENT_3D('',#4440,#4441,#4442);
#4440 = CARTESIAN_POINT('',(20.1,56.2,0.));
#4441 = DIRECTION('',(0.,0.,1.));
#4442 = DIRECTION('',(-1.110223024625E-16,-1.,0.));
#4443 = DEFINITIONAL_REPRESENTATION('',(#4444),#4448);
#4444 = LINE('',#4445,#4446);
#4445 = CARTESIAN_POINT('',(1.570796326795,-0.));
#4446 = VECTOR('',#4447,1.);
#4447 = DIRECTION('',(-1.,0.));
#4448 = ( GEOMETRIC_REPRESENTATION_CONTEXT(2) 
PARAMETRIC_REPRESENTATION_CONTEXT() REPRESENTATION_CONTEXT('2D SPACE',''
  ) );
#4449 = ORIENTED_EDGE('',*,*,#4450,.T.);
#4450 = EDGE_CURVE('',#4418,#4451,#4453,.T.);
#4451 = VERTEX_POINT('',#4452);
#4452 = CARTESIAN_POINT('',(20.,53.8,0.));
#4453 = SURFACE_CURVE('',#4454,(#4458,#4465),.PCURVE_S1.);
#4454 = LINE('',#4455,#4456);
#4455 = CARTESIAN_POINT('',(20.,-25.6,0.));
#4456 = VECTOR('',#4457,1.);
#4457 = DIRECTION('',(-1.110223024625E-16,-1.,0.));
#4458 = PCURVE('',#100,#4459);
#4459 = DEFINITIONAL_REPRESENTATION('',(#4460),#4464);
#4460 = LINE('',#4461,#4462);
#4461 = CARTESIAN_POINT('',(125.,79.4));
#4462 = VECTOR('',#4463,1.);
#4463 = DIRECTION('',(-1.110223024625E-16,-1.));
#4464 = ( GEOMETRIC_REPRESENTATION_CONTEXT(2) 
PARAMETRIC_REPRESENTATION_CONTEXT() REPRESENTATION_CONTEXT('2D SPACE',''
  ) );
#4465 = PCURVE('',#3106,#4466);
#4466 = DEFINITIONAL_REPRESENTATION('',(#4467),#4470);
#4467 = B_SPLINE_CURVE_WITH_KNOTS('',1,(#4468,#4469),.UNSPECIFIED.,.F.,
  .F.,(2,2),(-85.6,-79.4),.PIECEWISE_BEZIER_KNOTS.);
#4468 = CARTESIAN_POINT('',(1.,6.2));
#4469 = CARTESIAN_POINT('',(1.,0.));
#4470 = ( GEOMETRIC_REPRESENTATION_CONTEXT(2) 
PARAMETRIC_REPRESENTATION_CONTEXT() REPRESENTATION_CONTEXT('2D SPACE',''
  ) );
#4471 = ORIENTED_EDGE('',*,*,#4472,.T.);
#4472 = EDGE_CURVE('',#4451,#4473,#4475,.T.);
#4473 = VERTEX_POINT('',#4474);
#4474 = CARTESIAN_POINT('',(-3.2,53.8,0.));
#4475 = SURFACE_CURVE('',#4476,(#4480,#4487),.PCURVE_S1.);
#4476 = LINE('',#4477,#4478);
#4477 = CARTESIAN_POINT('',(-42.5,53.8,0.));
#4478 = VECTOR('',#4479,1.);
#4479 = DIRECTION('',(-1.,1.110223024625E-16,0.));
#4480 = PCURVE('',#100,#4481);
#4481 = DEFINITIONAL_REPRESENTATION('',(#4482),#4486);
#4482 = LINE('',#4483,#4484);
#4483 = CARTESIAN_POINT('',(62.5,158.8));
#4484 = VECTOR('',#4485,1.);
#4485 = DIRECTION('',(-1.,1.110223024625E-16));
#4486 = ( GEOMETRIC_REPRESENTATION_CONTEXT(2) 
PARAMETRIC_REPRESENTATION_CONTEXT() REPRESENTATION_CONTEXT('2D SPACE',''
  ) );
#4487 = PCURVE('',#4488,#4493);
#4488 = PLANE('',#4489);
#4489 = AXIS2_PLACEMENT_3D('',#4490,#4491,#4492);
#4490 = CARTESIAN_POINT('',(20.,53.8,-1.));
#4491 = DIRECTION('',(1.110223024625E-16,1.,0.));
#4492 = DIRECTION('',(0.,0.,1.));
#4493 = DEFINITIONAL_REPRESENTATION('',(#4494),#4497);
#4494 = B_SPLINE_CURVE_WITH_KNOTS('',1,(#4495,#4496),.UNSPECIFIED.,.F.,
  .F.,(2,2),(-62.5,-39.3),.PIECEWISE_BEZIER_KNOTS.);
#4495 = CARTESIAN_POINT('',(1.,0.));
#4496 = CARTESIAN_POINT('',(1.,-23.2));
#4497 = ( GEOMETRIC_REPRESENTATION_CONTEXT(2) 
PARAMETRIC_REPRESENTATION_CONTEXT() REPRESENTATION_CONTEXT('2D SPACE',''
  ) );
#4498 = ORIENTED_EDGE('',*,*,#4499,.F.);
#4499 = EDGE_CURVE('',#4093,#4473,#4500,.T.);
#4500 = SURFACE_CURVE('',#4501,(#4505,#4512),.PCURVE_S1.);
#4501 = LINE('',#4502,#4503);
#4502 = CARTESIAN_POINT('',(-3.2,-25.6,0.));
#4503 = VECTOR('',#4504,1.);
#4504 = DIRECTION('',(-1.110223024625E-16,-1.,0.));
#4505 = PCURVE('',#100,#4506);
#4506 = DEFINITIONAL_REPRESENTATION('',(#4507),#4511);
#4507 = LINE('',#4508,#4509);
#4508 = CARTESIAN_POINT('',(101.8,79.4));
#4509 = VECTOR('',#4510,1.);
#4510 = DIRECTION('',(-1.110223024625E-16,-1.));
#4511 = ( GEOMETRIC_REPRESENTATION_CONTEXT(2) 
PARAMETRIC_REPRESENTATION_CONTEXT() REPRESENTATION_CONTEXT('2D SPACE',''
  ) );
#4512 = PCURVE('',#3054,#4513);
#4513 = DEFINITIONAL_REPRESENTATION('',(#4514),#4517);
#4514 = B_SPLINE_CURVE_WITH_KNOTS('',1,(#4515,#4516),.UNSPECIFIED.,.F.,
  .F.,(2,2),(-85.6,-79.4),.PIECEWISE_BEZIER_KNOTS.);
#4515 = CARTESIAN_POINT('',(1.,6.2));
#4516 = CARTESIAN_POINT('',(1.,0.));
#4517 = ( GEOMETRIC_REPRESENTATION_CONTEXT(2) 
PARAMETRIC_REPRESENTATION_CONTEXT() REPRESENTATION_CONTEXT('2D SPACE',''
  ) );
#4518 = FACE_BOUND('',#4519,.F.);
#4519 = EDGE_LOOP('',(#4520,#4544,#4566,#4595,#4623,#4651,#4679,#4707,
    #4735,#4763,#4791,#4819,#4847,#4880,#4902,#4929));
#4520 = ORIENTED_EDGE('',*,*,#4521,.F.);
#4521 = EDGE_CURVE('',#4522,#4524,#4526,.T.);
#4522 = VERTEX_POINT('',#4523);
#4523 = CARTESIAN_POINT('',(80.,9.7,0.));
#4524 = VERTEX_POINT('',#4525);
#4525 = CARTESIAN_POINT('',(80.,32.9,0.));
#4526 = SURFACE_CURVE('',#4527,(#4531,#4538),.PCURVE_S1.);
#4527 = LINE('',#4528,#4529);
#4528 = CARTESIAN_POINT('',(80.,-47.65,0.));
#4529 = VECTOR('',#4530,1.);
#4530 = DIRECTION('',(-0.,1.,0.));
#4531 = PCURVE('',#100,#4532);
#4532 = DEFINITIONAL_REPRESENTATION('',(#4533),#4537);
#4533 = LINE('',#4534,#4535);
#4534 = CARTESIAN_POINT('',(185.,57.35));
#4535 = VECTOR('',#4536,1.);
#4536 = DIRECTION('',(0.,1.));
#4537 = ( GEOMETRIC_REPRESENTATION_CONTEXT(2) 
PARAMETRIC_REPRESENTATION_CONTEXT() REPRESENTATION_CONTEXT('2D SPACE',''
  ) );
#4538 = PCURVE('',#3210,#4539);
#4539 = DEFINITIONAL_REPRESENTATION('',(#4540),#4543);
#4540 = B_SPLINE_CURVE_WITH_KNOTS('',1,(#4541,#4542),.UNSPECIFIED.,.F.,
  .F.,(2,2),(57.35,80.55),.PIECEWISE_BEZIER_KNOTS.);
#4541 = CARTESIAN_POINT('',(1.,0.));
#4542 = CARTESIAN_POINT('',(1.,-23.2));
#4543 = ( GEOMETRIC_REPRESENTATION_CONTEXT(2) 
PARAMETRIC_REPRESENTATION_CONTEXT() REPRESENTATION_CONTEXT('2D SPACE',''
  ) );
#4544 = ORIENTED_EDGE('',*,*,#4545,.T.);
#4545 = EDGE_CURVE('',#4522,#4546,#4548,.T.);
#4546 = VERTEX_POINT('',#4547);
#4547 = CARTESIAN_POINT('',(78.587298334621,9.7,0.));
#4548 = SURFACE_CURVE('',#4549,(#4553,#4560),.PCURVE_S1.);
#4549 = LINE('',#4550,#4551);
#4550 = CARTESIAN_POINT('',(-15.6,9.7,0.));
#4551 = VECTOR('',#4552,1.);
#4552 = DIRECTION('',(-1.,-0.,0.));
#4553 = PCURVE('',#100,#4554);
#4554 = DEFINITIONAL_REPRESENTATION('',(#4555),#4559);
#4555 = LINE('',#4556,#4557);
#4556 = CARTESIAN_POINT('',(89.4,114.7));
#4557 = VECTOR('',#4558,1.);
#4558 = DIRECTION('',(-1.,0.));
#4559 = ( GEOMETRIC_REPRESENTATION_CONTEXT(2) 
PARAMETRIC_REPRESENTATION_CONTEXT() REPRESENTATION_CONTEXT('2D SPACE',''
  ) );
#4560 = PCURVE('',#3236,#4561);
#4561 = DEFINITIONAL_REPRESENTATION('',(#4562),#4565);
#4562 = B_SPLINE_CURVE_WITH_KNOTS('',1,(#4563,#4564),.UNSPECIFIED.,.F.,
  .F.,(2,2),(-95.6,-89.4),.PIECEWISE_BEZIER_KNOTS.);
#4563 = CARTESIAN_POINT('',(1.,6.2));
#4564 = CARTESIAN_POINT('',(1.,0.));
#4565 = ( GEOMETRIC_REPRESENTATION_CONTEXT(2) 
PARAMETRIC_REPRESENTATION_CONTEXT() REPRESENTATION_CONTEXT('2D SPACE',''
  ) );
#4566 = ORIENTED_EDGE('',*,*,#4567,.T.);
#4567 = EDGE_CURVE('',#4546,#4568,#4570,.T.);
#4568 = VERTEX_POINT('',#4569);
#4569 = CARTESIAN_POINT('',(78.2,10.,0.));
#4570 = SURFACE_CURVE('',#4571,(#4576,#4583),.PCURVE_S1.);
#4571 = CIRCLE('',#4572,0.4);
#4572 = AXIS2_PLACEMENT_3D('',#4573,#4574,#4575);
#4573 = CARTESIAN_POINT('',(78.2,9.6,0.));
#4574 = DIRECTION('',(0.,0.,1.));
#4575 = DIRECTION('',(0.,-1.,0.));
#4576 = PCURVE('',#100,#4577);
#4577 = DEFINITIONAL_REPRESENTATION('',(#4578),#4582);
#4578 = CIRCLE('',#4579,0.4);
#4579 = AXIS2_PLACEMENT_2D('',#4580,#4581);
#4580 = CARTESIAN_POINT('',(183.2,114.6));
#4581 = DIRECTION('',(0.,-1.));
#4582 = ( GEOMETRIC_REPRESENTATION_CONTEXT(2) 
PARAMETRIC_REPRESENTATION_CONTEXT() REPRESENTATION_CONTEXT('2D SPACE',''
  ) );
#4583 = PCURVE('',#4584,#4589);
#4584 = CYLINDRICAL_SURFACE('',#4585,0.4);
#4585 = AXIS2_PLACEMENT_3D('',#4586,#4587,#4588);
#4586 = CARTESIAN_POINT('',(78.2,9.6,0.));
#4587 = DIRECTION('',(0.,0.,1.));
#4588 = DIRECTION('',(1.,0.,-0.));
#4589 = DEFINITIONAL_REPRESENTATION('',(#4590),#4594);
#4590 = LINE('',#4591,#4592);
#4591 = CARTESIAN_POINT('',(-1.570796326795,0.));
#4592 = VECTOR('',#4593,1.);
#4593 = DIRECTION('',(1.,0.));
#4594 = ( GEOMETRIC_REPRESENTATION_CONTEXT(2) 
PARAMETRIC_REPRESENTATION_CONTEXT() REPRESENTATION_CONTEXT('2D SPACE',''
  ) );
#4595 = ORIENTED_EDGE('',*,*,#4596,.F.);
#4596 = EDGE_CURVE('',#4597,#4568,#4599,.T.);
#4597 = VERTEX_POINT('',#4598);
#4598 = CARTESIAN_POINT('',(77.8,10.,0.));
#4599 = SURFACE_CURVE('',#4600,(#4604,#4611),.PCURVE_S1.);
#4600 = LINE('',#4601,#4602);
#4601 = CARTESIAN_POINT('',(75.8,10.,0.));
#4602 = VECTOR('',#4603,1.);
#4603 = DIRECTION('',(1.,0.,-0.));
#4604 = PCURVE('',#100,#4605);
#4605 = DEFINITIONAL_REPRESENTATION('',(#4606),#4610);
#4606 = LINE('',#4607,#4608);
#4607 = CARTESIAN_POINT('',(180.8,115.));
#4608 = VECTOR('',#4609,1.);
#4609 = DIRECTION('',(1.,0.));
#4610 = ( GEOMETRIC_REPRESENTATION_CONTEXT(2) 
PARAMETRIC_REPRESENTATION_CONTEXT() REPRESENTATION_CONTEXT('2D SPACE',''
  ) );
#4611 = PCURVE('',#4612,#4617);
#4612 = PLANE('',#4613);
#4613 = AXIS2_PLACEMENT_3D('',#4614,#4615,#4616);
#4614 = CARTESIAN_POINT('',(75.8,10.,0.));
#4615 = DIRECTION('',(-0.,1.,0.));
#4616 = DIRECTION('',(0.,0.,1.));
#4617 = DEFINITIONAL_REPRESENTATION('',(#4618),#4622);
#4618 = LINE('',#4619,#4620);
#4619 = CARTESIAN_POINT('',(0.,0.));
#4620 = VECTOR('',#4621,1.);
#4621 = DIRECTION('',(0.,1.));
#4622 = ( GEOMETRIC_REPRESENTATION_CONTEXT(2) 
PARAMETRIC_REPRESENTATION_CONTEXT() REPRESENTATION_CONTEXT('2D SPACE',''
  ) );
#4623 = ORIENTED_EDGE('',*,*,#4624,.T.);
#4624 = EDGE_CURVE('',#4597,#4625,#4627,.T.);
#4625 = VERTEX_POINT('',#4626);
#4626 = CARTESIAN_POINT('',(77.8,31.7,0.));
#4627 = SURFACE_CURVE('',#4628,(#4632,#4639),.PCURVE_S1.);
#4628 = LINE('',#4629,#4630);
#4629 = CARTESIAN_POINT('',(77.8,10.,0.));
#4630 = VECTOR('',#4631,1.);
#4631 = DIRECTION('',(0.,1.,0.));
#4632 = PCURVE('',#100,#4633);
#4633 = DEFINITIONAL_REPRESENTATION('',(#4634),#4638);
#4634 = LINE('',#4635,#4636);
#4635 = CARTESIAN_POINT('',(182.8,115.));
#4636 = VECTOR('',#4637,1.);
#4637 = DIRECTION('',(0.,1.));
#4638 = ( GEOMETRIC_REPRESENTATION_CONTEXT(2) 
PARAMETRIC_REPRESENTATION_CONTEXT() REPRESENTATION_CONTEXT('2D SPACE',''
  ) );
#4639 = PCURVE('',#4640,#4645);
#4640 = PLANE('',#4641);
#4641 = AXIS2_PLACEMENT_3D('',#4642,#4643,#4644);
#4642 = CARTESIAN_POINT('',(77.8,8.7,0.));
#4643 = DIRECTION('',(1.,0.,-0.));
#4644 = DIRECTION('',(0.,0.,1.));
#4645 = DEFINITIONAL_REPRESENTATION('',(#4646),#4650);
#4646 = LINE('',#4647,#4648);
#4647 = CARTESIAN_POINT('',(0.,-1.3));
#4648 = VECTOR('',#4649,1.);
#4649 = DIRECTION('',(0.,-1.));
#4650 = ( GEOMETRIC_REPRESENTATION_CONTEXT(2) 
PARAMETRIC_REPRESENTATION_CONTEXT() REPRESENTATION_CONTEXT('2D SPACE',''
  ) );
#4651 = ORIENTED_EDGE('',*,*,#4652,.T.);
#4652 = EDGE_CURVE('',#4625,#4653,#4655,.T.);
#4653 = VERTEX_POINT('',#4654);
#4654 = CARTESIAN_POINT('',(75.6,31.7,0.));
#4655 = SURFACE_CURVE('',#4656,(#4660,#4667),.PCURVE_S1.);
#4656 = LINE('',#4657,#4658);
#4657 = CARTESIAN_POINT('',(77.8,31.7,0.));
#4658 = VECTOR('',#4659,1.);
#4659 = DIRECTION('',(-1.,0.,0.));
#4660 = PCURVE('',#100,#4661);
#4661 = DEFINITIONAL_REPRESENTATION('',(#4662),#4666);
#4662 = LINE('',#4663,#4664);
#4663 = CARTESIAN_POINT('',(182.8,136.7));
#4664 = VECTOR('',#4665,1.);
#4665 = DIRECTION('',(-1.,0.));
#4666 = ( GEOMETRIC_REPRESENTATION_CONTEXT(2) 
PARAMETRIC_REPRESENTATION_CONTEXT() REPRESENTATION_CONTEXT('2D SPACE',''
  ) );
#4667 = PCURVE('',#4668,#4673);
#4668 = PLANE('',#4669);
#4669 = AXIS2_PLACEMENT_3D('',#4670,#4671,#4672);
#4670 = CARTESIAN_POINT('',(77.8,31.7,0.));
#4671 = DIRECTION('',(0.,-1.,0.));
#4672 = DIRECTION('',(-1.,0.,0.));
#4673 = DEFINITIONAL_REPRESENTATION('',(#4674),#4678);
#4674 = LINE('',#4675,#4676);
#4675 = CARTESIAN_POINT('',(0.,-0.));
#4676 = VECTOR('',#4677,1.);
#4677 = DIRECTION('',(1.,0.));
#4678 = ( GEOMETRIC_REPRESENTATION_CONTEXT(2) 
PARAMETRIC_REPRESENTATION_CONTEXT() REPRESENTATION_CONTEXT('2D SPACE',''
  ) );
#4679 = ORIENTED_EDGE('',*,*,#4680,.T.);
#4680 = EDGE_CURVE('',#4653,#4681,#4683,.T.);
#4681 = VERTEX_POINT('',#4682);
#4682 = CARTESIAN_POINT('',(74.4,30.5,0.));
#4683 = SURFACE_CURVE('',#4684,(#4688,#4695),.PCURVE_S1.);
#4684 = LINE('',#4685,#4686);
#4685 = CARTESIAN_POINT('',(75.6,31.7,0.));
#4686 = VECTOR('',#4687,1.);
#4687 = DIRECTION('',(-0.707106781187,-0.707106781187,0.));
#4688 = PCURVE('',#100,#4689);
#4689 = DEFINITIONAL_REPRESENTATION('',(#4690),#4694);
#4690 = LINE('',#4691,#4692);
#4691 = CARTESIAN_POINT('',(180.6,136.7));
#4692 = VECTOR('',#4693,1.);
#4693 = DIRECTION('',(-0.707106781187,-0.707106781187));
#4694 = ( GEOMETRIC_REPRESENTATION_CONTEXT(2) 
PARAMETRIC_REPRESENTATION_CONTEXT() REPRESENTATION_CONTEXT('2D SPACE',''
  ) );
#4695 = PCURVE('',#4696,#4701);
#4696 = PLANE('',#4697);
#4697 = AXIS2_PLACEMENT_3D('',#4698,#4699,#4700);
#4698 = CARTESIAN_POINT('',(75.6,31.7,0.));
#4699 = DIRECTION('',(0.707106781187,-0.707106781187,0.));
#4700 = DIRECTION('',(-0.707106781187,-0.707106781187,0.));
#4701 = DEFINITIONAL_REPRESENTATION('',(#4702),#4706);
#4702 = LINE('',#4703,#4704);
#4703 = CARTESIAN_POINT('',(0.,0.));
#4704 = VECTOR('',#4705,1.);
#4705 = DIRECTION('',(1.,0.));
#4706 = ( GEOMETRIC_REPRESENTATION_CONTEXT(2) 
PARAMETRIC_REPRESENTATION_CONTEXT() REPRESENTATION_CONTEXT('2D SPACE',''
  ) );
#4707 = ORIENTED_EDGE('',*,*,#4708,.T.);
#4708 = EDGE_CURVE('',#4681,#4709,#4711,.T.);
#4709 = VERTEX_POINT('',#4710);
#4710 = CARTESIAN_POINT('',(74.4,28.9,0.));
#4711 = SURFACE_CURVE('',#4712,(#4716,#4723),.PCURVE_S1.);
#4712 = LINE('',#4713,#4714);
#4713 = CARTESIAN_POINT('',(74.4,30.5,0.));
#4714 = VECTOR('',#4715,1.);
#4715 = DIRECTION('',(0.,-1.,0.));
#4716 = PCURVE('',#100,#4717);
#4717 = DEFINITIONAL_REPRESENTATION('',(#4718),#4722);
#4718 = LINE('',#4719,#4720);
#4719 = CARTESIAN_POINT('',(179.4,135.5));
#4720 = VECTOR('',#4721,1.);
#4721 = DIRECTION('',(0.,-1.));
#4722 = ( GEOMETRIC_REPRESENTATION_CONTEXT(2) 
PARAMETRIC_REPRESENTATION_CONTEXT() REPRESENTATION_CONTEXT('2D SPACE',''
  ) );
#4723 = PCURVE('',#4724,#4729);
#4724 = PLANE('',#4725);
#4725 = AXIS2_PLACEMENT_3D('',#4726,#4727,#4728);
#4726 = CARTESIAN_POINT('',(74.4,30.5,0.));
#4727 = DIRECTION('',(1.,0.,-0.));
#4728 = DIRECTION('',(0.,-1.,0.));
#4729 = DEFINITIONAL_REPRESENTATION('',(#4730),#4734);
#4730 = LINE('',#4731,#4732);
#4731 = CARTESIAN_POINT('',(0.,0.));
#4732 = VECTOR('',#4733,1.);
#4733 = DIRECTION('',(1.,0.));
#4734 = ( GEOMETRIC_REPRESENTATION_CONTEXT(2) 
PARAMETRIC_REPRESENTATION_CONTEXT() REPRESENTATION_CONTEXT('2D SPACE',''
  ) );
#4735 = ORIENTED_EDGE('',*,*,#4736,.T.);
#4736 = EDGE_CURVE('',#4709,#4737,#4739,.T.);
#4737 = VERTEX_POINT('',#4738);
#4738 = CARTESIAN_POINT('',(75.6,27.7,0.));
#4739 = SURFACE_CURVE('',#4740,(#4744,#4751),.PCURVE_S1.);
#4740 = LINE('',#4741,#4742);
#4741 = CARTESIAN_POINT('',(74.4,28.9,0.));
#4742 = VECTOR('',#4743,1.);
#4743 = DIRECTION('',(0.707106781187,-0.707106781187,0.));
#4744 = PCURVE('',#100,#4745);
#4745 = DEFINITIONAL_REPRESENTATION('',(#4746),#4750);
#4746 = LINE('',#4747,#4748);
#4747 = CARTESIAN_POINT('',(179.4,133.9));
#4748 = VECTOR('',#4749,1.);
#4749 = DIRECTION('',(0.707106781187,-0.707106781187));
#4750 = ( GEOMETRIC_REPRESENTATION_CONTEXT(2) 
PARAMETRIC_REPRESENTATION_CONTEXT() REPRESENTATION_CONTEXT('2D SPACE',''
  ) );
#4751 = PCURVE('',#4752,#4757);
#4752 = PLANE('',#4753);
#4753 = AXIS2_PLACEMENT_3D('',#4754,#4755,#4756);
#4754 = CARTESIAN_POINT('',(74.4,28.9,0.));
#4755 = DIRECTION('',(0.707106781187,0.707106781187,-0.));
#4756 = DIRECTION('',(0.707106781187,-0.707106781187,0.));
#4757 = DEFINITIONAL_REPRESENTATION('',(#4758),#4762);
#4758 = LINE('',#4759,#4760);
#4759 = CARTESIAN_POINT('',(0.,0.));
#4760 = VECTOR('',#4761,1.);
#4761 = DIRECTION('',(1.,0.));
#4762 = ( GEOMETRIC_REPRESENTATION_CONTEXT(2) 
PARAMETRIC_REPRESENTATION_CONTEXT() REPRESENTATION_CONTEXT('2D SPACE',''
  ) );
#4763 = ORIENTED_EDGE('',*,*,#4764,.T.);
#4764 = EDGE_CURVE('',#4737,#4765,#4767,.T.);
#4765 = VERTEX_POINT('',#4766);
#4766 = CARTESIAN_POINT('',(76.6,26.866666666667,0.));
#4767 = SURFACE_CURVE('',#4768,(#4772,#4779),.PCURVE_S1.);
#4768 = LINE('',#4769,#4770);
#4769 = CARTESIAN_POINT('',(75.6,27.7,0.));
#4770 = VECTOR('',#4771,1.);
#4771 = DIRECTION('',(0.768221279597,-0.640184399664,0.));
#4772 = PCURVE('',#100,#4773);
#4773 = DEFINITIONAL_REPRESENTATION('',(#4774),#4778);
#4774 = LINE('',#4775,#4776);
#4775 = CARTESIAN_POINT('',(180.6,132.7));
#4776 = VECTOR('',#4777,1.);
#4777 = DIRECTION('',(0.768221279597,-0.640184399664));
#4778 = ( GEOMETRIC_REPRESENTATION_CONTEXT(2) 
PARAMETRIC_REPRESENTATION_CONTEXT() REPRESENTATION_CONTEXT('2D SPACE',''
  ) );
#4779 = PCURVE('',#4780,#4785);
#4780 = PLANE('',#4781);
#4781 = AXIS2_PLACEMENT_3D('',#4782,#4783,#4784);
#4782 = CARTESIAN_POINT('',(75.6,27.7,0.));
#4783 = DIRECTION('',(0.640184399664,0.768221279597,-0.));
#4784 = DIRECTION('',(0.768221279597,-0.640184399664,0.));
#4785 = DEFINITIONAL_REPRESENTATION('',(#4786),#4790);
#4786 = LINE('',#4787,#4788);
#4787 = CARTESIAN_POINT('',(0.,0.));
#4788 = VECTOR('',#4789,1.);
#4789 = DIRECTION('',(1.,0.));
#4790 = ( GEOMETRIC_REPRESENTATION_CONTEXT(2) 
PARAMETRIC_REPRESENTATION_CONTEXT() REPRESENTATION_CONTEXT('2D SPACE',''
  ) );
#4791 = ORIENTED_EDGE('',*,*,#4792,.F.);
#4792 = EDGE_CURVE('',#4793,#4765,#4795,.T.);
#4793 = VERTEX_POINT('',#4794);
#4794 = CARTESIAN_POINT('',(76.6,10.,0.));
#4795 = SURFACE_CURVE('',#4796,(#4800,#4807),.PCURVE_S1.);
#4796 = LINE('',#4797,#4798);
#4797 = CARTESIAN_POINT('',(76.6,8.7,0.));
#4798 = VECTOR('',#4799,1.);
#4799 = DIRECTION('',(-0.,1.,0.));
#4800 = PCURVE('',#100,#4801);
#4801 = DEFINITIONAL_REPRESENTATION('',(#4802),#4806);
#4802 = LINE('',#4803,#4804);
#4803 = CARTESIAN_POINT('',(181.6,113.7));
#4804 = VECTOR('',#4805,1.);
#4805 = DIRECTION('',(0.,1.));
#4806 = ( GEOMETRIC_REPRESENTATION_CONTEXT(2) 
PARAMETRIC_REPRESENTATION_CONTEXT() REPRESENTATION_CONTEXT('2D SPACE',''
  ) );
#4807 = PCURVE('',#4808,#4813);
#4808 = PLANE('',#4809);
#4809 = AXIS2_PLACEMENT_3D('',#4810,#4811,#4812);
#4810 = CARTESIAN_POINT('',(76.6,8.7,0.));
#4811 = DIRECTION('',(1.,0.,-0.));
#4812 = DIRECTION('',(0.,0.,1.));
#4813 = DEFINITIONAL_REPRESENTATION('',(#4814),#4818);
#4814 = LINE('',#4815,#4816);
#4815 = CARTESIAN_POINT('',(0.,0.));
#4816 = VECTOR('',#4817,1.);
#4817 = DIRECTION('',(0.,-1.));
#4818 = ( GEOMETRIC_REPRESENTATION_CONTEXT(2) 
PARAMETRIC_REPRESENTATION_CONTEXT() REPRESENTATION_CONTEXT('2D SPACE',''
  ) );
#4819 = ORIENTED_EDGE('',*,*,#4820,.F.);
#4820 = EDGE_CURVE('',#4821,#4793,#4823,.T.);
#4821 = VERTEX_POINT('',#4822);
#4822 = CARTESIAN_POINT('',(76.2,10.,0.));
#4823 = SURFACE_CURVE('',#4824,(#4828,#4835),.PCURVE_S1.);
#4824 = LINE('',#4825,#4826);
#4825 = CARTESIAN_POINT('',(75.8,10.,0.));
#4826 = VECTOR('',#4827,1.);
#4827 = DIRECTION('',(1.,0.,-0.));
#4828 = PCURVE('',#100,#4829);
#4829 = DEFINITIONAL_REPRESENTATION('',(#4830),#4834);
#4830 = LINE('',#4831,#4832);
#4831 = CARTESIAN_POINT('',(180.8,115.));
#4832 = VECTOR('',#4833,1.);
#4833 = DIRECTION('',(1.,0.));
#4834 = ( GEOMETRIC_REPRESENTATION_CONTEXT(2) 
PARAMETRIC_REPRESENTATION_CONTEXT() REPRESENTATION_CONTEXT('2D SPACE',''
  ) );
#4835 = PCURVE('',#4836,#4841);
#4836 = PLANE('',#4837);
#4837 = AXIS2_PLACEMENT_3D('',#4838,#4839,#4840);
#4838 = CARTESIAN_POINT('',(75.8,10.,0.));
#4839 = DIRECTION('',(-0.,1.,0.));
#4840 = DIRECTION('',(0.,0.,1.));
#4841 = DEFINITIONAL_REPRESENTATION('',(#4842),#4846);
#4842 = LINE('',#4843,#4844);
#4843 = CARTESIAN_POINT('',(0.,0.));
#4844 = VECTOR('',#4845,1.);
#4845 = DIRECTION('',(0.,1.));
#4846 = ( GEOMETRIC_REPRESENTATION_CONTEXT(2) 
PARAMETRIC_REPRESENTATION_CONTEXT() REPRESENTATION_CONTEXT('2D SPACE',''
  ) );
#4847 = ORIENTED_EDGE('',*,*,#4848,.F.);
#4848 = EDGE_CURVE('',#4849,#4821,#4851,.T.);
#4849 = VERTEX_POINT('',#4850);
#4850 = CARTESIAN_POINT('',(75.812701665379,9.7,0.));
#4851 = SURFACE_CURVE('',#4852,(#4857,#4868),.PCURVE_S1.);
#4852 = CIRCLE('',#4853,0.4);
#4853 = AXIS2_PLACEMENT_3D('',#4854,#4855,#4856);
#4854 = CARTESIAN_POINT('',(76.2,9.6,0.));
#4855 = DIRECTION('',(-0.,-0.,-1.));
#4856 = DIRECTION('',(0.,-1.,0.));
#4857 = PCURVE('',#100,#4858);
#4858 = DEFINITIONAL_REPRESENTATION('',(#4859),#4867);
#4859 = ( BOUNDED_CURVE() B_SPLINE_CURVE(2,(#4860,#4861,#4862,#4863,
#4864,#4865,#4866),.UNSPECIFIED.,.T.,.F.) B_SPLINE_CURVE_WITH_KNOTS((1,2
    ,2,2,2,1),(-2.094395102393,0.,2.094395102393,4.188790204786,
6.28318530718,8.377580409573),.UNSPECIFIED.) CURVE() 
GEOMETRIC_REPRESENTATION_ITEM() RATIONAL_B_SPLINE_CURVE((1.,0.5,1.,0.5,
1.,0.5,1.)) REPRESENTATION_ITEM('') );
#4860 = CARTESIAN_POINT('',(181.2,114.2));
#4861 = CARTESIAN_POINT('',(180.50717967697,114.2));
#4862 = CARTESIAN_POINT('',(180.85358983848,114.8));
#4863 = CARTESIAN_POINT('',(181.2,115.4));
#4864 = CARTESIAN_POINT('',(181.54641016151,114.8));
#4865 = CARTESIAN_POINT('',(181.89282032302,114.2));
#4866 = CARTESIAN_POINT('',(181.2,114.2));
#4867 = ( GEOMETRIC_REPRESENTATION_CONTEXT(2) 
PARAMETRIC_REPRESENTATION_CONTEXT() REPRESENTATION_CONTEXT('2D SPACE',''
  ) );
#4868 = PCURVE('',#4869,#4874);
#4869 = CYLINDRICAL_SURFACE('',#4870,0.4);
#4870 = AXIS2_PLACEMENT_3D('',#4871,#4872,#4873);
#4871 = CARTESIAN_POINT('',(76.2,9.6,0.));
#4872 = DIRECTION('',(0.,0.,1.));
#4873 = DIRECTION('',(-1.,-0.,0.));
#4874 = DEFINITIONAL_REPRESENTATION('',(#4875),#4879);
#4875 = LINE('',#4876,#4877);
#4876 = CARTESIAN_POINT('',(1.570796326795,-0.));
#4877 = VECTOR('',#4878,1.);
#4878 = DIRECTION('',(-1.,0.));
#4879 = ( GEOMETRIC_REPRESENTATION_CONTEXT(2) 
PARAMETRIC_REPRESENTATION_CONTEXT() REPRESENTATION_CONTEXT('2D SPACE',''
  ) );
#4880 = ORIENTED_EDGE('',*,*,#4881,.T.);
#4881 = EDGE_CURVE('',#4849,#4882,#4884,.T.);
#4882 = VERTEX_POINT('',#4883);
#4883 = CARTESIAN_POINT('',(73.8,9.7,0.));
#4884 = SURFACE_CURVE('',#4885,(#4889,#4896),.PCURVE_S1.);
#4885 = LINE('',#4886,#4887);
#4886 = CARTESIAN_POINT('',(-15.6,9.7,0.));
#4887 = VECTOR('',#4888,1.);
#4888 = DIRECTION('',(-1.,-0.,0.));
#4889 = PCURVE('',#100,#4890);
#4890 = DEFINITIONAL_REPRESENTATION('',(#4891),#4895);
#4891 = LINE('',#4892,#4893);
#4892 = CARTESIAN_POINT('',(89.4,114.7));
#4893 = VECTOR('',#4894,1.);
#4894 = DIRECTION('',(-1.,0.));
#4895 = ( GEOMETRIC_REPRESENTATION_CONTEXT(2) 
PARAMETRIC_REPRESENTATION_CONTEXT() REPRESENTATION_CONTEXT('2D SPACE',''
  ) );
#4896 = PCURVE('',#3236,#4897);
#4897 = DEFINITIONAL_REPRESENTATION('',(#4898),#4901);
#4898 = B_SPLINE_CURVE_WITH_KNOTS('',1,(#4899,#4900),.UNSPECIFIED.,.F.,
  .F.,(2,2),(-95.6,-89.4),.PIECEWISE_BEZIER_KNOTS.);
#4899 = CARTESIAN_POINT('',(1.,6.2));
#4900 = CARTESIAN_POINT('',(1.,0.));
#4901 = ( GEOMETRIC_REPRESENTATION_CONTEXT(2) 
PARAMETRIC_REPRESENTATION_CONTEXT() REPRESENTATION_CONTEXT('2D SPACE',''
  ) );
#4902 = ORIENTED_EDGE('',*,*,#4903,.T.);
#4903 = EDGE_CURVE('',#4882,#4904,#4906,.T.);
#4904 = VERTEX_POINT('',#4905);
#4905 = CARTESIAN_POINT('',(73.8,32.9,0.));
#4906 = SURFACE_CURVE('',#4907,(#4911,#4918),.PCURVE_S1.);
#4907 = LINE('',#4908,#4909);
#4908 = CARTESIAN_POINT('',(73.8,-47.65,0.));
#4909 = VECTOR('',#4910,1.);
#4910 = DIRECTION('',(-0.,1.,0.));
#4911 = PCURVE('',#100,#4912);
#4912 = DEFINITIONAL_REPRESENTATION('',(#4913),#4917);
#4913 = LINE('',#4914,#4915);
#4914 = CARTESIAN_POINT('',(178.8,57.35));
#4915 = VECTOR('',#4916,1.);
#4916 = DIRECTION('',(0.,1.));
#4917 = ( GEOMETRIC_REPRESENTATION_CONTEXT(2) 
PARAMETRIC_REPRESENTATION_CONTEXT() REPRESENTATION_CONTEXT('2D SPACE',''
  ) );
#4918 = PCURVE('',#4919,#4924);
#4919 = PLANE('',#4920);
#4920 = AXIS2_PLACEMENT_3D('',#4921,#4922,#4923);
#4921 = CARTESIAN_POINT('',(73.8,9.7,-1.));
#4922 = DIRECTION('',(1.,0.,-0.));
#4923 = DIRECTION('',(0.,0.,1.));
#4924 = DEFINITIONAL_REPRESENTATION('',(#4925),#4928);
#4925 = B_SPLINE_CURVE_WITH_KNOTS('',1,(#4926,#4927),.UNSPECIFIED.,.F.,
  .F.,(2,2),(57.35,80.55),.PIECEWISE_BEZIER_KNOTS.);
#4926 = CARTESIAN_POINT('',(1.,0.));
#4927 = CARTESIAN_POINT('',(1.,-23.2));
#4928 = ( GEOMETRIC_REPRESENTATION_CONTEXT(2) 
PARAMETRIC_REPRESENTATION_CONTEXT() REPRESENTATION_CONTEXT('2D SPACE',''
  ) );
#4929 = ORIENTED_EDGE('',*,*,#4930,.F.);
#4930 = EDGE_CURVE('',#4524,#4904,#4931,.T.);
#4931 = SURFACE_CURVE('',#4932,(#4936,#4943),.PCURVE_S1.);
#4932 = LINE('',#4933,#4934);
#4933 = CARTESIAN_POINT('',(-15.6,32.9,0.));
#4934 = VECTOR('',#4935,1.);
#4935 = DIRECTION('',(-1.,-0.,0.));
#4936 = PCURVE('',#100,#4937);
#4937 = DEFINITIONAL_REPRESENTATION('',(#4938),#4942);
#4938 = LINE('',#4939,#4940);
#4939 = CARTESIAN_POINT('',(89.4,137.9));
#4940 = VECTOR('',#4941,1.);
#4941 = DIRECTION('',(-1.,0.));
#4942 = ( GEOMETRIC_REPRESENTATION_CONTEXT(2) 
PARAMETRIC_REPRESENTATION_CONTEXT() REPRESENTATION_CONTEXT('2D SPACE',''
  ) );
#4943 = PCURVE('',#3184,#4944);
#4944 = DEFINITIONAL_REPRESENTATION('',(#4945),#4948);
#4945 = B_SPLINE_CURVE_WITH_KNOTS('',1,(#4946,#4947),.UNSPECIFIED.,.F.,
  .F.,(2,2),(-95.6,-89.4),.PIECEWISE_BEZIER_KNOTS.);
#4946 = CARTESIAN_POINT('',(1.,6.2));
#4947 = CARTESIAN_POINT('',(1.,0.));
#4948 = ( GEOMETRIC_REPRESENTATION_CONTEXT(2) 
PARAMETRIC_REPRESENTATION_CONTEXT() REPRESENTATION_CONTEXT('2D SPACE',''
  ) );
#4949 = ADVANCED_FACE('',(#4950),#182,.F.);
#4950 = FACE_BOUND('',#4951,.F.);
#4951 = EDGE_LOOP('',(#4952,#4953,#4954,#4955));
#4952 = ORIENTED_EDGE('',*,*,#3537,.F.);
#4953 = ORIENTED_EDGE('',*,*,#3455,.T.);
#4954 = ORIENTED_EDGE('',*,*,#166,.T.);
#4955 = ORIENTED_EDGE('',*,*,#4956,.F.);
#4956 = EDGE_CURVE('',#3538,#167,#4957,.T.);
#4957 = SURFACE_CURVE('',#4958,(#4962,#4969),.PCURVE_S1.);
#4958 = LINE('',#4959,#4960);
#4959 = CARTESIAN_POINT('',(101.,-105.,0.));
#4960 = VECTOR('',#4961,1.);
#4961 = DIRECTION('',(0.,0.,1.));
#4962 = PCURVE('',#182,#4963);
#4963 = DEFINITIONAL_REPRESENTATION('',(#4964),#4968);
#4964 = LINE('',#4965,#4966);
#4965 = CARTESIAN_POINT('',(0.,206.));
#4966 = VECTOR('',#4967,1.);
#4967 = DIRECTION('',(1.,0.));
#4968 = ( GEOMETRIC_REPRESENTATION_CONTEXT(2) 
PARAMETRIC_REPRESENTATION_CONTEXT() REPRESENTATION_CONTEXT('2D SPACE',''
  ) );
#4969 = PCURVE('',#215,#4970);
#4970 = DEFINITIONAL_REPRESENTATION('',(#4971),#4975);
#4971 = LINE('',#4972,#4973);
#4972 = CARTESIAN_POINT('',(-1.570796326795,0.));
#4973 = VECTOR('',#4974,1.);
#4974 = DIRECTION('',(-0.,1.));
#4975 = ( GEOMETRIC_REPRESENTATION_CONTEXT(2) 
PARAMETRIC_REPRESENTATION_CONTEXT() REPRESENTATION_CONTEXT('2D SPACE',''
  ) );
#4976 = ADVANCED_FACE('',(#4977),#300,.T.);
#4977 = FACE_BOUND('',#4978,.T.);
#4978 = EDGE_LOOP('',(#4979,#4980,#4981,#4982));
#4979 = ORIENTED_EDGE('',*,*,#3635,.F.);
#4980 = ORIENTED_EDGE('',*,*,#3509,.T.);
#4981 = ORIENTED_EDGE('',*,*,#284,.T.);
#4982 = ORIENTED_EDGE('',*,*,#4983,.F.);
#4983 = EDGE_CURVE('',#3612,#256,#4984,.T.);
#4984 = SURFACE_CURVE('',#4985,(#4989,#4996),.PCURVE_S1.);
#4985 = LINE('',#4986,#4987);
#4986 = CARTESIAN_POINT('',(101.,105.,0.));
#4987 = VECTOR('',#4988,1.);
#4988 = DIRECTION('',(0.,0.,1.));
#4989 = PCURVE('',#300,#4990);
#4990 = DEFINITIONAL_REPRESENTATION('',(#4991),#4995);
#4991 = LINE('',#4992,#4993);
#4992 = CARTESIAN_POINT('',(0.,206.));
#4993 = VECTOR('',#4994,1.);
#4994 = DIRECTION('',(1.,0.));
#4995 = ( GEOMETRIC_REPRESENTATION_CONTEXT(2) 
PARAMETRIC_REPRESENTATION_CONTEXT() REPRESENTATION_CONTEXT('2D SPACE',''
  ) );
#4996 = PCURVE('',#272,#4997);
#4997 = DEFINITIONAL_REPRESENTATION('',(#4998),#5002);
#4998 = LINE('',#4999,#5000);
#4999 = CARTESIAN_POINT('',(1.570796326795,0.));
#5000 = VECTOR('',#5001,1.);
#5001 = DIRECTION('',(0.,1.));
#5002 = ( GEOMETRIC_REPRESENTATION_CONTEXT(2) 
PARAMETRIC_REPRESENTATION_CONTEXT() REPRESENTATION_CONTEXT('2D SPACE',''
  ) );
#5003 = ADVANCED_FACE('',(#5004),#215,.T.);
#5004 = FACE_BOUND('',#5005,.F.);
#5005 = EDGE_LOOP('',(#5006,#5007,#5008,#5009));
#5006 = ORIENTED_EDGE('',*,*,#3560,.T.);
#5007 = ORIENTED_EDGE('',*,*,#4956,.T.);
#5008 = ORIENTED_EDGE('',*,*,#194,.F.);
#5009 = ORIENTED_EDGE('',*,*,#5010,.F.);
#5010 = EDGE_CURVE('',#3561,#195,#5011,.T.);
#5011 = SURFACE_CURVE('',#5012,(#5016,#5023),.PCURVE_S1.);
#5012 = LINE('',#5013,#5014);
#5013 = CARTESIAN_POINT('',(105.,-101.,0.));
#5014 = VECTOR('',#5015,1.);
#5015 = DIRECTION('',(0.,0.,1.));
#5016 = PCURVE('',#215,#5017);
#5017 = DEFINITIONAL_REPRESENTATION('',(#5018),#5022);
#5018 = LINE('',#5019,#5020);
#5019 = CARTESIAN_POINT('',(-0.,0.));
#5020 = VECTOR('',#5021,1.);
#5021 = DIRECTION('',(-0.,1.));
#5022 = ( GEOMETRIC_REPRESENTATION_CONTEXT(2) 
PARAMETRIC_REPRESENTATION_CONTEXT() REPRESENTATION_CONTEXT('2D SPACE',''
  ) );
#5023 = PCURVE('',#243,#5024);
#5024 = DEFINITIONAL_REPRESENTATION('',(#5025),#5029);
#5025 = LINE('',#5026,#5027);
#5026 = CARTESIAN_POINT('',(0.,-4.));
#5027 = VECTOR('',#5028,1.);
#5028 = DIRECTION('',(1.,0.));
#5029 = ( GEOMETRIC_REPRESENTATION_CONTEXT(2) 
PARAMETRIC_REPRESENTATION_CONTEXT() REPRESENTATION_CONTEXT('2D SPACE',''
  ) );
#5030 = ADVANCED_FACE('',(#5031),#272,.T.);
#5031 = FACE_BOUND('',#5032,.T.);
#5032 = EDGE_LOOP('',(#5033,#5034,#5035,#5036));
#5033 = ORIENTED_EDGE('',*,*,#3611,.T.);
#5034 = ORIENTED_EDGE('',*,*,#4983,.T.);
#5035 = ORIENTED_EDGE('',*,*,#255,.F.);
#5036 = ORIENTED_EDGE('',*,*,#5037,.F.);
#5037 = EDGE_CURVE('',#3589,#228,#5038,.T.);
#5038 = SURFACE_CURVE('',#5039,(#5043,#5050),.PCURVE_S1.);
#5039 = LINE('',#5040,#5041);
#5040 = CARTESIAN_POINT('',(105.,101.,0.));
#5041 = VECTOR('',#5042,1.);
#5042 = DIRECTION('',(0.,0.,1.));
#5043 = PCURVE('',#272,#5044);
#5044 = DEFINITIONAL_REPRESENTATION('',(#5045),#5049);
#5045 = LINE('',#5046,#5047);
#5046 = CARTESIAN_POINT('',(0.,0.));
#5047 = VECTOR('',#5048,1.);
#5048 = DIRECTION('',(0.,1.));
#5049 = ( GEOMETRIC_REPRESENTATION_CONTEXT(2) 
PARAMETRIC_REPRESENTATION_CONTEXT() REPRESENTATION_CONTEXT('2D SPACE',''
  ) );
#5050 = PCURVE('',#243,#5051);
#5051 = DEFINITIONAL_REPRESENTATION('',(#5052),#5056);
#5052 = LINE('',#5053,#5054);
#5053 = CARTESIAN_POINT('',(0.,-206.));
#5054 = VECTOR('',#5055,1.);
#5055 = DIRECTION('',(1.,0.));
#5056 = ( GEOMETRIC_REPRESENTATION_CONTEXT(2) 
PARAMETRIC_REPRESENTATION_CONTEXT() REPRESENTATION_CONTEXT('2D SPACE',''
  ) );
#5057 = ADVANCED_FACE('',(#5058),#243,.T.);
#5058 = FACE_BOUND('',#5059,.T.);
#5059 = EDGE_LOOP('',(#5060,#5061,#5062,#5063));
#5060 = ORIENTED_EDGE('',*,*,#227,.F.);
#5061 = ORIENTED_EDGE('',*,*,#5010,.F.);
#5062 = ORIENTED_EDGE('',*,*,#3588,.T.);
#5063 = ORIENTED_EDGE('',*,*,#5037,.T.);
#5064 = ADVANCED_FACE('',(#5065),#357,.F.);
#5065 = FACE_BOUND('',#5066,.F.);
#5066 = EDGE_LOOP('',(#5067,#5097,#5118,#5119));
#5067 = ORIENTED_EDGE('',*,*,#5068,.F.);
#5068 = EDGE_CURVE('',#5069,#5071,#5073,.T.);
#5069 = VERTEX_POINT('',#5070);
#5070 = CARTESIAN_POINT('',(-5.671875,-100.3212890625,4.4));
#5071 = VERTEX_POINT('',#5072);
#5072 = CARTESIAN_POINT('',(-6.037109375,-100.3212890625,4.4));
#5073 = SURFACE_CURVE('',#5074,(#5078,#5085),.PCURVE_S1.);
#5074 = LINE('',#5075,#5076);
#5075 = CARTESIAN_POINT('',(-5.671875,-100.3212890625,4.4));
#5076 = VECTOR('',#5077,1.);
#5077 = DIRECTION('',(-1.,0.,0.));
#5078 = PCURVE('',#357,#5079);
#5079 = DEFINITIONAL_REPRESENTATION('',(#5080),#5084);
#5080 = LINE('',#5081,#5082);
#5081 = CARTESIAN_POINT('',(0.,-0.));
#5082 = VECTOR('',#5083,1.);
#5083 = DIRECTION('',(1.,0.));
#5084 = ( GEOMETRIC_REPRESENTATION_CONTEXT(2) 
PARAMETRIC_REPRESENTATION_CONTEXT() REPRESENTATION_CONTEXT('2D SPACE',''
  ) );
#5085 = PCURVE('',#5086,#5091);
#5086 = PLANE('',#5087);
#5087 = AXIS2_PLACEMENT_3D('',#5088,#5089,#5090);
#5088 = CARTESIAN_POINT('',(-6.333984375,-100.3212890625,4.4));
#5089 = DIRECTION('',(0.,0.,1.));
#5090 = DIRECTION('',(1.,0.,0.));
#5091 = DEFINITIONAL_REPRESENTATION('',(#5092),#5096);
#5092 = LINE('',#5093,#5094);
#5093 = CARTESIAN_POINT('',(0.662109375,0.));
#5094 = VECTOR('',#5095,1.);
#5095 = DIRECTION('',(-1.,0.));
#5096 = ( GEOMETRIC_REPRESENTATION_CONTEXT(2) 
PARAMETRIC_REPRESENTATION_CONTEXT() REPRESENTATION_CONTEXT('2D SPACE',''
  ) );
#5097 = ORIENTED_EDGE('',*,*,#5098,.T.);
#5098 = EDGE_CURVE('',#5069,#343,#5099,.T.);
#5099 = SURFACE_CURVE('',#5100,(#5104,#5111),.PCURVE_S1.);
#5100 = LINE('',#5101,#5102);
#5101 = CARTESIAN_POINT('',(-5.671875,-100.3212890625,4.4));
#5102 = VECTOR('',#5103,1.);
#5103 = DIRECTION('',(0.,0.,1.));
#5104 = PCURVE('',#357,#5105);
#5105 = DEFINITIONAL_REPRESENTATION('',(#5106),#5110);
#5106 = LINE('',#5107,#5108);
#5107 = CARTESIAN_POINT('',(0.,-0.));
#5108 = VECTOR('',#5109,1.);
#5109 = DIRECTION('',(0.,-1.));
#5110 = ( GEOMETRIC_REPRESENTATION_CONTEXT(2) 
PARAMETRIC_REPRESENTATION_CONTEXT() REPRESENTATION_CONTEXT('2D SPACE',''
  ) );
#5111 = PCURVE('',#751,#5112);
#5112 = DEFINITIONAL_REPRESENTATION('',(#5113),#5117);
#5113 = LINE('',#5114,#5115);
#5114 = CARTESIAN_POINT('',(2.4375,0.));
#5115 = VECTOR('',#5116,1.);
#5116 = DIRECTION('',(0.,-1.));
#5117 = ( GEOMETRIC_REPRESENTATION_CONTEXT(2) 
PARAMETRIC_REPRESENTATION_CONTEXT() REPRESENTATION_CONTEXT('2D SPACE',''
  ) );
#5118 = ORIENTED_EDGE('',*,*,#340,.F.);
#5119 = ORIENTED_EDGE('',*,*,#5120,.F.);
#5120 = EDGE_CURVE('',#5071,#341,#5121,.T.);
#5121 = SURFACE_CURVE('',#5122,(#5126,#5133),.PCURVE_S1.);
#5122 = LINE('',#5123,#5124);
#5123 = CARTESIAN_POINT('',(-6.037109375,-100.3212890625,4.4));
#5124 = VECTOR('',#5125,1.);
#5125 = DIRECTION('',(0.,0.,1.));
#5126 = PCURVE('',#357,#5127);
#5127 = DEFINITIONAL_REPRESENTATION('',(#5128),#5132);
#5128 = LINE('',#5129,#5130);
#5129 = CARTESIAN_POINT('',(0.365234375,0.));
#5130 = VECTOR('',#5131,1.);
#5131 = DIRECTION('',(0.,-1.));
#5132 = ( GEOMETRIC_REPRESENTATION_CONTEXT(2) 
PARAMETRIC_REPRESENTATION_CONTEXT() REPRESENTATION_CONTEXT('2D SPACE',''
  ) );
#5133 = PCURVE('',#383,#5134);
#5134 = DEFINITIONAL_REPRESENTATION('',(#5135),#5139);
#5135 = LINE('',#5136,#5137);
#5136 = CARTESIAN_POINT('',(0.,0.));
#5137 = VECTOR('',#5138,1.);
#5138 = DIRECTION('',(0.,-1.));
#5139 = ( GEOMETRIC_REPRESENTATION_CONTEXT(2) 
PARAMETRIC_REPRESENTATION_CONTEXT() REPRESENTATION_CONTEXT('2D SPACE',''
  ) );
#5140 = ADVANCED_FACE('',(#5141),#751,.F.);
#5141 = FACE_BOUND('',#5142,.F.);
#5142 = EDGE_LOOP('',(#5143,#5166,#5187,#5188));
#5143 = ORIENTED_EDGE('',*,*,#5144,.F.);
#5144 = EDGE_CURVE('',#5145,#5069,#5147,.T.);
#5145 = VERTEX_POINT('',#5146);
#5146 = CARTESIAN_POINT('',(-5.671875,-97.8837890625,4.4));
#5147 = SURFACE_CURVE('',#5148,(#5152,#5159),.PCURVE_S1.);
#5148 = LINE('',#5149,#5150);
#5149 = CARTESIAN_POINT('',(-5.671875,-97.8837890625,4.4));
#5150 = VECTOR('',#5151,1.);
#5151 = DIRECTION('',(0.,-1.,0.));
#5152 = PCURVE('',#751,#5153);
#5153 = DEFINITIONAL_REPRESENTATION('',(#5154),#5158);
#5154 = LINE('',#5155,#5156);
#5155 = CARTESIAN_POINT('',(0.,0.));
#5156 = VECTOR('',#5157,1.);
#5157 = DIRECTION('',(1.,0.));
#5158 = ( GEOMETRIC_REPRESENTATION_CONTEXT(2) 
PARAMETRIC_REPRESENTATION_CONTEXT() REPRESENTATION_CONTEXT('2D SPACE',''
  ) );
#5159 = PCURVE('',#5086,#5160);
#5160 = DEFINITIONAL_REPRESENTATION('',(#5161),#5165);
#5161 = LINE('',#5162,#5163);
#5162 = CARTESIAN_POINT('',(0.662109375,2.4375));
#5163 = VECTOR('',#5164,1.);
#5164 = DIRECTION('',(0.,-1.));
#5165 = ( GEOMETRIC_REPRESENTATION_CONTEXT(2) 
PARAMETRIC_REPRESENTATION_CONTEXT() REPRESENTATION_CONTEXT('2D SPACE',''
  ) );
#5166 = ORIENTED_EDGE('',*,*,#5167,.T.);
#5167 = EDGE_CURVE('',#5145,#713,#5168,.T.);
#5168 = SURFACE_CURVE('',#5169,(#5173,#5180),.PCURVE_S1.);
#5169 = LINE('',#5170,#5171);
#5170 = CARTESIAN_POINT('',(-5.671875,-97.8837890625,4.4));
#5171 = VECTOR('',#5172,1.);
#5172 = DIRECTION('',(0.,0.,1.));
#5173 = PCURVE('',#751,#5174);
#5174 = DEFINITIONAL_REPRESENTATION('',(#5175),#5179);
#5175 = LINE('',#5176,#5177);
#5176 = CARTESIAN_POINT('',(0.,0.));
#5177 = VECTOR('',#5178,1.);
#5178 = DIRECTION('',(0.,-1.));
#5179 = ( GEOMETRIC_REPRESENTATION_CONTEXT(2) 
PARAMETRIC_REPRESENTATION_CONTEXT() REPRESENTATION_CONTEXT('2D SPACE',''
  ) );
#5180 = PCURVE('',#727,#5181);
#5181 = DEFINITIONAL_REPRESENTATION('',(#5182),#5186);
#5182 = LINE('',#5183,#5184);
#5183 = CARTESIAN_POINT('',(2.574334334469,0.));
#5184 = VECTOR('',#5185,1.);
#5185 = DIRECTION('',(0.,-1.));
#5186 = ( GEOMETRIC_REPRESENTATION_CONTEXT(2) 
PARAMETRIC_REPRESENTATION_CONTEXT() REPRESENTATION_CONTEXT('2D SPACE',''
  ) );
#5187 = ORIENTED_EDGE('',*,*,#738,.F.);
#5188 = ORIENTED_EDGE('',*,*,#5098,.F.);
#5189 = ADVANCED_FACE('',(#5190),#727,.F.);
#5190 = FACE_BOUND('',#5191,.F.);
#5191 = EDGE_LOOP('',(#5192,#5215,#5236,#5237));
#5192 = ORIENTED_EDGE('',*,*,#5193,.F.);
#5193 = EDGE_CURVE('',#5194,#5145,#5196,.T.);
#5194 = VERTEX_POINT('',#5195);
#5195 = CARTESIAN_POINT('',(-4.84375,-100.3212890625,4.4));
#5196 = SURFACE_CURVE('',#5197,(#5201,#5208),.PCURVE_S1.);
#5197 = LINE('',#5198,#5199);
#5198 = CARTESIAN_POINT('',(-4.84375,-100.3212890625,4.4));
#5199 = VECTOR('',#5200,1.);
#5200 = DIRECTION('',(-0.321685100848,0.94684671193,0.));
#5201 = PCURVE('',#727,#5202);
#5202 = DEFINITIONAL_REPRESENTATION('',(#5203),#5207);
#5203 = LINE('',#5204,#5205);
#5204 = CARTESIAN_POINT('',(0.,0.));
#5205 = VECTOR('',#5206,1.);
#5206 = DIRECTION('',(1.,0.));
#5207 = ( GEOMETRIC_REPRESENTATION_CONTEXT(2) 
PARAMETRIC_REPRESENTATION_CONTEXT() REPRESENTATION_CONTEXT('2D SPACE',''
  ) );
#5208 = PCURVE('',#5086,#5209);
#5209 = DEFINITIONAL_REPRESENTATION('',(#5210),#5214);
#5210 = LINE('',#5211,#5212);
#5211 = CARTESIAN_POINT('',(1.490234375,0.));
#5212 = VECTOR('',#5213,1.);
#5213 = DIRECTION('',(-0.321685100848,0.94684671193));
#5214 = ( GEOMETRIC_REPRESENTATION_CONTEXT(2) 
PARAMETRIC_REPRESENTATION_CONTEXT() REPRESENTATION_CONTEXT('2D SPACE',''
  ) );
#5215 = ORIENTED_EDGE('',*,*,#5216,.T.);
#5216 = EDGE_CURVE('',#5194,#687,#5217,.T.);
#5217 = SURFACE_CURVE('',#5218,(#5222,#5229),.PCURVE_S1.);
#5218 = LINE('',#5219,#5220);
#5219 = CARTESIAN_POINT('',(-4.84375,-100.3212890625,4.4));
#5220 = VECTOR('',#5221,1.);
#5221 = DIRECTION('',(0.,0.,1.));
#5222 = PCURVE('',#727,#5223);
#5223 = DEFINITIONAL_REPRESENTATION('',(#5224),#5228);
#5224 = LINE('',#5225,#5226);
#5225 = CARTESIAN_POINT('',(0.,0.));
#5226 = VECTOR('',#5227,1.);
#5227 = DIRECTION('',(0.,-1.));
#5228 = ( GEOMETRIC_REPRESENTATION_CONTEXT(2) 
PARAMETRIC_REPRESENTATION_CONTEXT() REPRESENTATION_CONTEXT('2D SPACE',''
  ) );
#5229 = PCURVE('',#701,#5230);
#5230 = DEFINITIONAL_REPRESENTATION('',(#5231),#5235);
#5231 = LINE('',#5232,#5233);
#5232 = CARTESIAN_POINT('',(0.341796875,0.));
#5233 = VECTOR('',#5234,1.);
#5234 = DIRECTION('',(0.,-1.));
#5235 = ( GEOMETRIC_REPRESENTATION_CONTEXT(2) 
PARAMETRIC_REPRESENTATION_CONTEXT() REPRESENTATION_CONTEXT('2D SPACE',''
  ) );
#5236 = ORIENTED_EDGE('',*,*,#712,.F.);
#5237 = ORIENTED_EDGE('',*,*,#5167,.F.);
#5238 = ADVANCED_FACE('',(#5239),#701,.F.);
#5239 = FACE_BOUND('',#5240,.F.);
#5240 = EDGE_LOOP('',(#5241,#5264,#5285,#5286));
#5241 = ORIENTED_EDGE('',*,*,#5242,.F.);
#5242 = EDGE_CURVE('',#5243,#5194,#5245,.T.);
#5243 = VERTEX_POINT('',#5244);
#5244 = CARTESIAN_POINT('',(-4.501953125,-100.3212890625,4.4));
#5245 = SURFACE_CURVE('',#5246,(#5250,#5257),.PCURVE_S1.);
#5246 = LINE('',#5247,#5248);
#5247 = CARTESIAN_POINT('',(-4.501953125,-100.3212890625,4.4));
#5248 = VECTOR('',#5249,1.);
#5249 = DIRECTION('',(-1.,0.,0.));
#5250 = PCURVE('',#701,#5251);
#5251 = DEFINITIONAL_REPRESENTATION('',(#5252),#5256);
#5252 = LINE('',#5253,#5254);
#5253 = CARTESIAN_POINT('',(0.,-0.));
#5254 = VECTOR('',#5255,1.);
#5255 = DIRECTION('',(1.,0.));
#5256 = ( GEOMETRIC_REPRESENTATION_CONTEXT(2) 
PARAMETRIC_REPRESENTATION_CONTEXT() REPRESENTATION_CONTEXT('2D SPACE',''
  ) );
#5257 = PCURVE('',#5086,#5258);
#5258 = DEFINITIONAL_REPRESENTATION('',(#5259),#5263);
#5259 = LINE('',#5260,#5261);
#5260 = CARTESIAN_POINT('',(1.83203125,0.));
#5261 = VECTOR('',#5262,1.);
#5262 = DIRECTION('',(-1.,0.));
#5263 = ( GEOMETRIC_REPRESENTATION_CONTEXT(2) 
PARAMETRIC_REPRESENTATION_CONTEXT() REPRESENTATION_CONTEXT('2D SPACE',''
  ) );
#5264 = ORIENTED_EDGE('',*,*,#5265,.T.);
#5265 = EDGE_CURVE('',#5243,#661,#5266,.T.);
#5266 = SURFACE_CURVE('',#5267,(#5271,#5278),.PCURVE_S1.);
#5267 = LINE('',#5268,#5269);
#5268 = CARTESIAN_POINT('',(-4.501953125,-100.3212890625,4.4));
#5269 = VECTOR('',#5270,1.);
#5270 = DIRECTION('',(0.,0.,1.));
#5271 = PCURVE('',#701,#5272);
#5272 = DEFINITIONAL_REPRESENTATION('',(#5273),#5277);
#5273 = LINE('',#5274,#5275);
#5274 = CARTESIAN_POINT('',(0.,-0.));
#5275 = VECTOR('',#5276,1.);
#5276 = DIRECTION('',(0.,-1.));
#5277 = ( GEOMETRIC_REPRESENTATION_CONTEXT(2) 
PARAMETRIC_REPRESENTATION_CONTEXT() REPRESENTATION_CONTEXT('2D SPACE',''
  ) );
#5278 = PCURVE('',#675,#5279);
#5279 = DEFINITIONAL_REPRESENTATION('',(#5280),#5284);
#5280 = LINE('',#5281,#5282);
#5281 = CARTESIAN_POINT('',(2.536811652566,0.));
#5282 = VECTOR('',#5283,1.);
#5283 = DIRECTION('',(0.,-1.));
#5284 = ( GEOMETRIC_REPRESENTATION_CONTEXT(2) 
PARAMETRIC_REPRESENTATION_CONTEXT() REPRESENTATION_CONTEXT('2D SPACE',''
  ) );
#5285 = ORIENTED_EDGE('',*,*,#686,.F.);
#5286 = ORIENTED_EDGE('',*,*,#5216,.F.);
#5287 = ADVANCED_FACE('',(#5288),#675,.F.);
#5288 = FACE_BOUND('',#5289,.F.);
#5289 = EDGE_LOOP('',(#5290,#5313,#5334,#5335));
#5290 = ORIENTED_EDGE('',*,*,#5291,.F.);
#5291 = EDGE_CURVE('',#5292,#5243,#5294,.T.);
#5292 = VERTEX_POINT('',#5293);
#5293 = CARTESIAN_POINT('',(-3.669921875,-97.9248046875,4.4));
#5294 = SURFACE_CURVE('',#5295,(#5299,#5306),.PCURVE_S1.);
#5295 = LINE('',#5296,#5297);
#5296 = CARTESIAN_POINT('',(-3.669921875,-97.9248046875,4.4));
#5297 = VECTOR('',#5298,1.);
#5298 = DIRECTION('',(-0.32798306061,-0.944683604152,0.));
#5299 = PCURVE('',#675,#5300);
#5300 = DEFINITIONAL_REPRESENTATION('',(#5301),#5305);
#5301 = LINE('',#5302,#5303);
#5302 = CARTESIAN_POINT('',(0.,0.));
#5303 = VECTOR('',#5304,1.);
#5304 = DIRECTION('',(1.,0.));
#5305 = ( GEOMETRIC_REPRESENTATION_CONTEXT(2) 
PARAMETRIC_REPRESENTATION_CONTEXT() REPRESENTATION_CONTEXT('2D SPACE',''
  ) );
#5306 = PCURVE('',#5086,#5307);
#5307 = DEFINITIONAL_REPRESENTATION('',(#5308),#5312);
#5308 = LINE('',#5309,#5310);
#5309 = CARTESIAN_POINT('',(2.6640625,2.396484375));
#5310 = VECTOR('',#5311,1.);
#5311 = DIRECTION('',(-0.32798306061,-0.944683604152));
#5312 = ( GEOMETRIC_REPRESENTATION_CONTEXT(2) 
PARAMETRIC_REPRESENTATION_CONTEXT() REPRESENTATION_CONTEXT('2D SPACE',''
  ) );
#5313 = ORIENTED_EDGE('',*,*,#5314,.T.);
#5314 = EDGE_CURVE('',#5292,#635,#5315,.T.);
#5315 = SURFACE_CURVE('',#5316,(#5320,#5327),.PCURVE_S1.);
#5316 = LINE('',#5317,#5318);
#5317 = CARTESIAN_POINT('',(-3.669921875,-97.9248046875,4.4));
#5318 = VECTOR('',#5319,1.);
#5319 = DIRECTION('',(0.,0.,1.));
#5320 = PCURVE('',#675,#5321);
#5321 = DEFINITIONAL_REPRESENTATION('',(#5322),#5326);
#5322 = LINE('',#5323,#5324);
#5323 = CARTESIAN_POINT('',(0.,0.));
#5324 = VECTOR('',#5325,1.);
#5325 = DIRECTION('',(0.,-1.));
#5326 = ( GEOMETRIC_REPRESENTATION_CONTEXT(2) 
PARAMETRIC_REPRESENTATION_CONTEXT() REPRESENTATION_CONTEXT('2D SPACE',''
  ) );
#5327 = PCURVE('',#649,#5328);
#5328 = DEFINITIONAL_REPRESENTATION('',(#5329),#5333);
#5329 = LINE('',#5330,#5331);
#5330 = CARTESIAN_POINT('',(2.396484375,0.));
#5331 = VECTOR('',#5332,1.);
#5332 = DIRECTION('',(0.,-1.));
#5333 = ( GEOMETRIC_REPRESENTATION_CONTEXT(2) 
PARAMETRIC_REPRESENTATION_CONTEXT() REPRESENTATION_CONTEXT('2D SPACE',''
  ) );
#5334 = ORIENTED_EDGE('',*,*,#660,.F.);
#5335 = ORIENTED_EDGE('',*,*,#5265,.F.);
#5336 = ADVANCED_FACE('',(#5337),#649,.F.);
#5337 = FACE_BOUND('',#5338,.F.);
#5338 = EDGE_LOOP('',(#5339,#5362,#5383,#5384));
#5339 = ORIENTED_EDGE('',*,*,#5340,.F.);
#5340 = EDGE_CURVE('',#5341,#5292,#5343,.T.);
#5341 = VERTEX_POINT('',#5342);
#5342 = CARTESIAN_POINT('',(-3.669921875,-100.3212890625,4.4));
#5343 = SURFACE_CURVE('',#5344,(#5348,#5355),.PCURVE_S1.);
#5344 = LINE('',#5345,#5346);
#5345 = CARTESIAN_POINT('',(-3.669921875,-100.3212890625,4.4));
#5346 = VECTOR('',#5347,1.);
#5347 = DIRECTION('',(0.,1.,0.));
#5348 = PCURVE('',#649,#5349);
#5349 = DEFINITIONAL_REPRESENTATION('',(#5350),#5354);
#5350 = LINE('',#5351,#5352);
#5351 = CARTESIAN_POINT('',(0.,0.));
#5352 = VECTOR('',#5353,1.);
#5353 = DIRECTION('',(1.,0.));
#5354 = ( GEOMETRIC_REPRESENTATION_CONTEXT(2) 
PARAMETRIC_REPRESENTATION_CONTEXT() REPRESENTATION_CONTEXT('2D SPACE',''
  ) );
#5355 = PCURVE('',#5086,#5356);
#5356 = DEFINITIONAL_REPRESENTATION('',(#5357),#5361);
#5357 = LINE('',#5358,#5359);
#5358 = CARTESIAN_POINT('',(2.6640625,0.));
#5359 = VECTOR('',#5360,1.);
#5360 = DIRECTION('',(0.,1.));
#5361 = ( GEOMETRIC_REPRESENTATION_CONTEXT(2) 
PARAMETRIC_REPRESENTATION_CONTEXT() REPRESENTATION_CONTEXT('2D SPACE',''
  ) );
#5362 = ORIENTED_EDGE('',*,*,#5363,.T.);
#5363 = EDGE_CURVE('',#5341,#609,#5364,.T.);
#5364 = SURFACE_CURVE('',#5365,(#5369,#5376),.PCURVE_S1.);
#5365 = LINE('',#5366,#5367);
#5366 = CARTESIAN_POINT('',(-3.669921875,-100.3212890625,4.4));
#5367 = VECTOR('',#5368,1.);
#5368 = DIRECTION('',(0.,0.,1.));
#5369 = PCURVE('',#649,#5370);
#5370 = DEFINITIONAL_REPRESENTATION('',(#5371),#5375);
#5371 = LINE('',#5372,#5373);
#5372 = CARTESIAN_POINT('',(0.,0.));
#5373 = VECTOR('',#5374,1.);
#5374 = DIRECTION('',(0.,-1.));
#5375 = ( GEOMETRIC_REPRESENTATION_CONTEXT(2) 
PARAMETRIC_REPRESENTATION_CONTEXT() REPRESENTATION_CONTEXT('2D SPACE',''
  ) );
#5376 = PCURVE('',#623,#5377);
#5377 = DEFINITIONAL_REPRESENTATION('',(#5378),#5382);
#5378 = LINE('',#5379,#5380);
#5379 = CARTESIAN_POINT('',(0.365234375,0.));
#5380 = VECTOR('',#5381,1.);
#5381 = DIRECTION('',(0.,-1.));
#5382 = ( GEOMETRIC_REPRESENTATION_CONTEXT(2) 
PARAMETRIC_REPRESENTATION_CONTEXT() REPRESENTATION_CONTEXT('2D SPACE',''
  ) );
#5383 = ORIENTED_EDGE('',*,*,#634,.F.);
#5384 = ORIENTED_EDGE('',*,*,#5314,.F.);
#5385 = ADVANCED_FACE('',(#5386),#623,.F.);
#5386 = FACE_BOUND('',#5387,.F.);
#5387 = EDGE_LOOP('',(#5388,#5411,#5432,#5433));
#5388 = ORIENTED_EDGE('',*,*,#5389,.F.);
#5389 = EDGE_CURVE('',#5390,#5341,#5392,.T.);
#5390 = VERTEX_POINT('',#5391);
#5391 = CARTESIAN_POINT('',(-3.3046875,-100.3212890625,4.4));
#5392 = SURFACE_CURVE('',#5393,(#5397,#5404),.PCURVE_S1.);
#5393 = LINE('',#5394,#5395);
#5394 = CARTESIAN_POINT('',(-3.3046875,-100.3212890625,4.4));
#5395 = VECTOR('',#5396,1.);
#5396 = DIRECTION('',(-1.,0.,0.));
#5397 = PCURVE('',#623,#5398);
#5398 = DEFINITIONAL_REPRESENTATION('',(#5399),#5403);
#5399 = LINE('',#5400,#5401);
#5400 = CARTESIAN_POINT('',(0.,-0.));
#5401 = VECTOR('',#5402,1.);
#5402 = DIRECTION('',(1.,0.));
#5403 = ( GEOMETRIC_REPRESENTATION_CONTEXT(2) 
PARAMETRIC_REPRESENTATION_CONTEXT() REPRESENTATION_CONTEXT('2D SPACE',''
  ) );
#5404 = PCURVE('',#5086,#5405);
#5405 = DEFINITIONAL_REPRESENTATION('',(#5406),#5410);
#5406 = LINE('',#5407,#5408);
#5407 = CARTESIAN_POINT('',(3.029296875,0.));
#5408 = VECTOR('',#5409,1.);
#5409 = DIRECTION('',(-1.,0.));
#5410 = ( GEOMETRIC_REPRESENTATION_CONTEXT(2) 
PARAMETRIC_REPRESENTATION_CONTEXT() REPRESENTATION_CONTEXT('2D SPACE',''
  ) );
#5411 = ORIENTED_EDGE('',*,*,#5412,.T.);
#5412 = EDGE_CURVE('',#5390,#583,#5413,.T.);
#5413 = SURFACE_CURVE('',#5414,(#5418,#5425),.PCURVE_S1.);
#5414 = LINE('',#5415,#5416);
#5415 = CARTESIAN_POINT('',(-3.3046875,-100.3212890625,4.4));
#5416 = VECTOR('',#5417,1.);
#5417 = DIRECTION('',(0.,0.,1.));
#5418 = PCURVE('',#623,#5419);
#5419 = DEFINITIONAL_REPRESENTATION('',(#5420),#5424);
#5420 = LINE('',#5421,#5422);
#5421 = CARTESIAN_POINT('',(0.,-0.));
#5422 = VECTOR('',#5423,1.);
#5423 = DIRECTION('',(0.,-1.));
#5424 = ( GEOMETRIC_REPRESENTATION_CONTEXT(2) 
PARAMETRIC_REPRESENTATION_CONTEXT() REPRESENTATION_CONTEXT('2D SPACE',''
  ) );
#5425 = PCURVE('',#597,#5426);
#5426 = DEFINITIONAL_REPRESENTATION('',(#5427),#5431);
#5427 = LINE('',#5428,#5429);
#5428 = CARTESIAN_POINT('',(2.86328125,0.));
#5429 = VECTOR('',#5430,1.);
#5430 = DIRECTION('',(0.,-1.));
#5431 = ( GEOMETRIC_REPRESENTATION_CONTEXT(2) 
PARAMETRIC_REPRESENTATION_CONTEXT() REPRESENTATION_CONTEXT('2D SPACE',''
  ) );
#5432 = ORIENTED_EDGE('',*,*,#608,.F.);
#5433 = ORIENTED_EDGE('',*,*,#5363,.F.);
#5434 = ADVANCED_FACE('',(#5435),#597,.F.);
#5435 = FACE_BOUND('',#5436,.F.);
#5436 = EDGE_LOOP('',(#5437,#5460,#5481,#5482));
#5437 = ORIENTED_EDGE('',*,*,#5438,.F.);
#5438 = EDGE_CURVE('',#5439,#5390,#5441,.T.);
#5439 = VERTEX_POINT('',#5440);
#5440 = CARTESIAN_POINT('',(-3.3046875,-97.4580078125,4.4));
#5441 = SURFACE_CURVE('',#5442,(#5446,#5453),.PCURVE_S1.);
#5442 = LINE('',#5443,#5444);
#5443 = CARTESIAN_POINT('',(-3.3046875,-97.4580078125,4.4));
#5444 = VECTOR('',#5445,1.);
#5445 = DIRECTION('',(0.,-1.,0.));
#5446 = PCURVE('',#597,#5447);
#5447 = DEFINITIONAL_REPRESENTATION('',(#5448),#5452);
#5448 = LINE('',#5449,#5450);
#5449 = CARTESIAN_POINT('',(0.,0.));
#5450 = VECTOR('',#5451,1.);
#5451 = DIRECTION('',(1.,0.));
#5452 = ( GEOMETRIC_REPRESENTATION_CONTEXT(2) 
PARAMETRIC_REPRESENTATION_CONTEXT() REPRESENTATION_CONTEXT('2D SPACE',''
  ) );
#5453 = PCURVE('',#5086,#5454);
#5454 = DEFINITIONAL_REPRESENTATION('',(#5455),#5459);
#5455 = LINE('',#5456,#5457);
#5456 = CARTESIAN_POINT('',(3.029296875,2.86328125));
#5457 = VECTOR('',#5458,1.);
#5458 = DIRECTION('',(0.,-1.));
#5459 = ( GEOMETRIC_REPRESENTATION_CONTEXT(2) 
PARAMETRIC_REPRESENTATION_CONTEXT() REPRESENTATION_CONTEXT('2D SPACE',''
  ) );
#5460 = ORIENTED_EDGE('',*,*,#5461,.T.);
#5461 = EDGE_CURVE('',#5439,#557,#5462,.T.);
#5462 = SURFACE_CURVE('',#5463,(#5467,#5474),.PCURVE_S1.);
#5463 = LINE('',#5464,#5465);
#5464 = CARTESIAN_POINT('',(-3.3046875,-97.4580078125,4.4));
#5465 = VECTOR('',#5466,1.);
#5466 = DIRECTION('',(0.,0.,1.));
#5467 = PCURVE('',#597,#5468);
#5468 = DEFINITIONAL_REPRESENTATION('',(#5469),#5473);
#5469 = LINE('',#5470,#5471);
#5470 = CARTESIAN_POINT('',(0.,0.));
#5471 = VECTOR('',#5472,1.);
#5472 = DIRECTION('',(0.,-1.));
#5473 = ( GEOMETRIC_REPRESENTATION_CONTEXT(2) 
PARAMETRIC_REPRESENTATION_CONTEXT() REPRESENTATION_CONTEXT('2D SPACE',''
  ) );
#5474 = PCURVE('',#571,#5475);
#5475 = DEFINITIONAL_REPRESENTATION('',(#5476),#5480);
#5476 = LINE('',#5477,#5478);
#5477 = CARTESIAN_POINT('',(0.509765625,0.));
#5478 = VECTOR('',#5479,1.);
#5479 = DIRECTION('',(0.,-1.));
#5480 = ( GEOMETRIC_REPRESENTATION_CONTEXT(2) 
PARAMETRIC_REPRESENTATION_CONTEXT() REPRESENTATION_CONTEXT('2D SPACE',''
  ) );
#5481 = ORIENTED_EDGE('',*,*,#582,.F.);
#5482 = ORIENTED_EDGE('',*,*,#5412,.F.);
#5483 = ADVANCED_FACE('',(#5484),#571,.F.);
#5484 = FACE_BOUND('',#5485,.F.);
#5485 = EDGE_LOOP('',(#5486,#5509,#5530,#5531));
#5486 = ORIENTED_EDGE('',*,*,#5487,.F.);
#5487 = EDGE_CURVE('',#5488,#5439,#5490,.T.);
#5488 = VERTEX_POINT('',#5489);
#5489 = CARTESIAN_POINT('',(-3.814453125,-97.4580078125,4.4));
#5490 = SURFACE_CURVE('',#5491,(#5495,#5502),.PCURVE_S1.);
#5491 = LINE('',#5492,#5493);
#5492 = CARTESIAN_POINT('',(-3.814453125,-97.4580078125,4.4));
#5493 = VECTOR('',#5494,1.);
#5494 = DIRECTION('',(1.,0.,0.));
#5495 = PCURVE('',#571,#5496);
#5496 = DEFINITIONAL_REPRESENTATION('',(#5497),#5501);
#5497 = LINE('',#5498,#5499);
#5498 = CARTESIAN_POINT('',(0.,0.));
#5499 = VECTOR('',#5500,1.);
#5500 = DIRECTION('',(1.,0.));
#5501 = ( GEOMETRIC_REPRESENTATION_CONTEXT(2) 
PARAMETRIC_REPRESENTATION_CONTEXT() REPRESENTATION_CONTEXT('2D SPACE',''
  ) );
#5502 = PCURVE('',#5086,#5503);
#5503 = DEFINITIONAL_REPRESENTATION('',(#5504),#5508);
#5504 = LINE('',#5505,#5506);
#5505 = CARTESIAN_POINT('',(2.51953125,2.86328125));
#5506 = VECTOR('',#5507,1.);
#5507 = DIRECTION('',(1.,0.));
#5508 = ( GEOMETRIC_REPRESENTATION_CONTEXT(2) 
PARAMETRIC_REPRESENTATION_CONTEXT() REPRESENTATION_CONTEXT('2D SPACE',''
  ) );
#5509 = ORIENTED_EDGE('',*,*,#5510,.T.);
#5510 = EDGE_CURVE('',#5488,#531,#5511,.T.);
#5511 = SURFACE_CURVE('',#5512,(#5516,#5523),.PCURVE_S1.);
#5512 = LINE('',#5513,#5514);
#5513 = CARTESIAN_POINT('',(-3.814453125,-97.4580078125,4.4));
#5514 = VECTOR('',#5515,1.);
#5515 = DIRECTION('',(0.,0.,1.));
#5516 = PCURVE('',#571,#5517);
#5517 = DEFINITIONAL_REPRESENTATION('',(#5518),#5522);
#5518 = LINE('',#5519,#5520);
#5519 = CARTESIAN_POINT('',(0.,0.));
#5520 = VECTOR('',#5521,1.);
#5521 = DIRECTION('',(0.,-1.));
#5522 = ( GEOMETRIC_REPRESENTATION_CONTEXT(2) 
PARAMETRIC_REPRESENTATION_CONTEXT() REPRESENTATION_CONTEXT('2D SPACE',''
  ) );
#5523 = PCURVE('',#545,#5524);
#5524 = DEFINITIONAL_REPRESENTATION('',(#5525),#5529);
#5525 = LINE('',#5526,#5527);
#5526 = CARTESIAN_POINT('',(2.106842555337,0.));
#5527 = VECTOR('',#5528,1.);
#5528 = DIRECTION('',(0.,-1.));
#5529 = ( GEOMETRIC_REPRESENTATION_CONTEXT(2) 
PARAMETRIC_REPRESENTATION_CONTEXT() REPRESENTATION_CONTEXT('2D SPACE',''
  ) );
#5530 = ORIENTED_EDGE('',*,*,#556,.F.);
#5531 = ORIENTED_EDGE('',*,*,#5461,.F.);
#5532 = ADVANCED_FACE('',(#5533),#545,.F.);
#5533 = FACE_BOUND('',#5534,.F.);
#5534 = EDGE_LOOP('',(#5535,#5558,#5579,#5580));
#5535 = ORIENTED_EDGE('',*,*,#5536,.F.);
#5536 = EDGE_CURVE('',#5537,#5488,#5539,.T.);
#5537 = VERTEX_POINT('',#5538);
#5538 = CARTESIAN_POINT('',(-4.5,-99.4501953125,4.4));
#5539 = SURFACE_CURVE('',#5540,(#5544,#5551),.PCURVE_S1.);
#5540 = LINE('',#5541,#5542);
#5541 = CARTESIAN_POINT('',(-4.5,-99.4501953125,4.4));
#5542 = VECTOR('',#5543,1.);
#5543 = DIRECTION('',(0.325390653072,0.945579675593,0.));
#5544 = PCURVE('',#545,#5545);
#5545 = DEFINITIONAL_REPRESENTATION('',(#5546),#5550);
#5546 = LINE('',#5547,#5548);
#5547 = CARTESIAN_POINT('',(0.,0.));
#5548 = VECTOR('',#5549,1.);
#5549 = DIRECTION('',(1.,0.));
#5550 = ( GEOMETRIC_REPRESENTATION_CONTEXT(2) 
PARAMETRIC_REPRESENTATION_CONTEXT() REPRESENTATION_CONTEXT('2D SPACE',''
  ) );
#5551 = PCURVE('',#5086,#5552);
#5552 = DEFINITIONAL_REPRESENTATION('',(#5553),#5557);
#5553 = LINE('',#5554,#5555);
#5554 = CARTESIAN_POINT('',(1.833984375,0.87109375));
#5555 = VECTOR('',#5556,1.);
#5556 = DIRECTION('',(0.325390653072,0.945579675593));
#5557 = ( GEOMETRIC_REPRESENTATION_CONTEXT(2) 
PARAMETRIC_REPRESENTATION_CONTEXT() REPRESENTATION_CONTEXT('2D SPACE',''
  ) );
#5558 = ORIENTED_EDGE('',*,*,#5559,.T.);
#5559 = EDGE_CURVE('',#5537,#489,#5560,.T.);
#5560 = SURFACE_CURVE('',#5561,(#5565,#5572),.PCURVE_S1.);
#5561 = LINE('',#5562,#5563);
#5562 = CARTESIAN_POINT('',(-4.5,-99.4501953125,4.4));
#5563 = VECTOR('',#5564,1.);
#5564 = DIRECTION('',(0.,0.,1.));
#5565 = PCURVE('',#545,#5566);
#5566 = DEFINITIONAL_REPRESENTATION('',(#5567),#5571);
#5567 = LINE('',#5568,#5569);
#5568 = CARTESIAN_POINT('',(0.,0.));
#5569 = VECTOR('',#5570,1.);
#5570 = DIRECTION('',(0.,-1.));
#5571 = ( GEOMETRIC_REPRESENTATION_CONTEXT(2) 
PARAMETRIC_REPRESENTATION_CONTEXT() REPRESENTATION_CONTEXT('2D SPACE',''
  ) );
#5572 = PCURVE('',#512,#5573);
#5573 = DEFINITIONAL_REPRESENTATION('',(#5574),#5578);
#5574 = LINE('',#5575,#5576);
#5575 = CARTESIAN_POINT('',(1.,0.));
#5576 = VECTOR('',#5577,1.);
#5577 = DIRECTION('',(0.,-1.));
#5578 = ( GEOMETRIC_REPRESENTATION_CONTEXT(2) 
PARAMETRIC_REPRESENTATION_CONTEXT() REPRESENTATION_CONTEXT('2D SPACE',''
  ) );
#5579 = ORIENTED_EDGE('',*,*,#530,.F.);
#5580 = ORIENTED_EDGE('',*,*,#5510,.F.);
#5581 = ADVANCED_FACE('',(#5582),#512,.F.);
#5582 = FACE_BOUND('',#5583,.F.);
#5583 = EDGE_LOOP('',(#5584,#5607,#5628,#5629));
#5584 = ORIENTED_EDGE('',*,*,#5585,.F.);
#5585 = EDGE_CURVE('',#5586,#5537,#5588,.T.);
#5586 = VERTEX_POINT('',#5587);
#5587 = CARTESIAN_POINT('',(-4.65234375,-99.9091796875,4.4));
#5588 = SURFACE_CURVE('',#5589,(#5593,#5600),.PCURVE_S1.);
#5589 = B_SPLINE_CURVE_WITH_KNOTS('',2,(#5590,#5591,#5592),
  .UNSPECIFIED.,.F.,.F.,(3,3),(0.,1.),.PIECEWISE_BEZIER_KNOTS.);
#5590 = CARTESIAN_POINT('',(-4.65234375,-99.9091796875,4.4));
#5591 = CARTESIAN_POINT('',(-4.603515625,-99.7529296875,4.4));
#5592 = CARTESIAN_POINT('',(-4.5,-99.4501953125,4.4));
#5593 = PCURVE('',#512,#5594);
#5594 = DEFINITIONAL_REPRESENTATION('',(#5595),#5599);
#5595 = LINE('',#5596,#5597);
#5596 = CARTESIAN_POINT('',(0.,0.));
#5597 = VECTOR('',#5598,1.);
#5598 = DIRECTION('',(1.,0.));
#5599 = ( GEOMETRIC_REPRESENTATION_CONTEXT(2) 
PARAMETRIC_REPRESENTATION_CONTEXT() REPRESENTATION_CONTEXT('2D SPACE',''
  ) );
#5600 = PCURVE('',#5086,#5601);
#5601 = DEFINITIONAL_REPRESENTATION('',(#5602),#5606);
#5602 = B_SPLINE_CURVE_WITH_KNOTS('',2,(#5603,#5604,#5605),
  .UNSPECIFIED.,.F.,.F.,(3,3),(0.,1.),.PIECEWISE_BEZIER_KNOTS.);
#5603 = CARTESIAN_POINT('',(1.681640625,0.412109375));
#5604 = CARTESIAN_POINT('',(1.73046875,0.568359375));
#5605 = CARTESIAN_POINT('',(1.833984375,0.87109375));
#5606 = ( GEOMETRIC_REPRESENTATION_CONTEXT(2) 
PARAMETRIC_REPRESENTATION_CONTEXT() REPRESENTATION_CONTEXT('2D SPACE',''
  ) );
#5607 = ORIENTED_EDGE('',*,*,#5608,.T.);
#5608 = EDGE_CURVE('',#5586,#447,#5609,.T.);
#5609 = SURFACE_CURVE('',#5610,(#5614,#5621),.PCURVE_S1.);
#5610 = LINE('',#5611,#5612);
#5611 = CARTESIAN_POINT('',(-4.65234375,-99.9091796875,4.4));
#5612 = VECTOR('',#5613,1.);
#5613 = DIRECTION('',(0.,0.,1.));
#5614 = PCURVE('',#512,#5615);
#5615 = DEFINITIONAL_REPRESENTATION('',(#5616),#5620);
#5616 = LINE('',#5617,#5618);
#5617 = CARTESIAN_POINT('',(0.,0.));
#5618 = VECTOR('',#5619,1.);
#5619 = DIRECTION('',(0.,-1.));
#5620 = ( GEOMETRIC_REPRESENTATION_CONTEXT(2) 
PARAMETRIC_REPRESENTATION_CONTEXT() REPRESENTATION_CONTEXT('2D SPACE',''
  ) );
#5621 = PCURVE('',#470,#5622);
#5622 = DEFINITIONAL_REPRESENTATION('',(#5623),#5627);
#5623 = LINE('',#5624,#5625);
#5624 = CARTESIAN_POINT('',(1.,0.));
#5625 = VECTOR('',#5626,1.);
#5626 = DIRECTION('',(0.,-1.));
#5627 = ( GEOMETRIC_REPRESENTATION_CONTEXT(2) 
PARAMETRIC_REPRESENTATION_CONTEXT() REPRESENTATION_CONTEXT('2D SPACE',''
  ) );
#5628 = ORIENTED_EDGE('',*,*,#488,.F.);
#5629 = ORIENTED_EDGE('',*,*,#5559,.F.);
#5630 = ADVANCED_FACE('',(#5631),#470,.F.);
#5631 = FACE_BOUND('',#5632,.F.);
#5632 = EDGE_LOOP('',(#5633,#5656,#5677,#5678));
#5633 = ORIENTED_EDGE('',*,*,#5634,.F.);
#5634 = EDGE_CURVE('',#5635,#5586,#5637,.T.);
#5635 = VERTEX_POINT('',#5636);
#5636 = CARTESIAN_POINT('',(-4.7890625,-99.4853515625,4.4));
#5637 = SURFACE_CURVE('',#5638,(#5642,#5649),.PCURVE_S1.);
#5638 = B_SPLINE_CURVE_WITH_KNOTS('',2,(#5639,#5640,#5641),
  .UNSPECIFIED.,.F.,.F.,(3,3),(0.,1.),.PIECEWISE_BEZIER_KNOTS.);
#5639 = CARTESIAN_POINT('',(-4.7890625,-99.4853515625,4.4));
#5640 = CARTESIAN_POINT('',(-4.6953125,-99.7685546875,4.4));
#5641 = CARTESIAN_POINT('',(-4.65234375,-99.9091796875,4.4));
#5642 = PCURVE('',#470,#5643);
#5643 = DEFINITIONAL_REPRESENTATION('',(#5644),#5648);
#5644 = LINE('',#5645,#5646);
#5645 = CARTESIAN_POINT('',(0.,0.));
#5646 = VECTOR('',#5647,1.);
#5647 = DIRECTION('',(1.,0.));
#5648 = ( GEOMETRIC_REPRESENTATION_CONTEXT(2) 
PARAMETRIC_REPRESENTATION_CONTEXT() REPRESENTATION_CONTEXT('2D SPACE',''
  ) );
#5649 = PCURVE('',#5086,#5650);
#5650 = DEFINITIONAL_REPRESENTATION('',(#5651),#5655);
#5651 = B_SPLINE_CURVE_WITH_KNOTS('',2,(#5652,#5653,#5654),
  .UNSPECIFIED.,.F.,.F.,(3,3),(0.,1.),.PIECEWISE_BEZIER_KNOTS.);
#5652 = CARTESIAN_POINT('',(1.544921875,0.8359375));
#5653 = CARTESIAN_POINT('',(1.638671875,0.552734375));
#5654 = CARTESIAN_POINT('',(1.681640625,0.412109375));
#5655 = ( GEOMETRIC_REPRESENTATION_CONTEXT(2) 
PARAMETRIC_REPRESENTATION_CONTEXT() REPRESENTATION_CONTEXT('2D SPACE',''
  ) );
#5656 = ORIENTED_EDGE('',*,*,#5657,.T.);
#5657 = EDGE_CURVE('',#5635,#421,#5658,.T.);
#5658 = SURFACE_CURVE('',#5659,(#5663,#5670),.PCURVE_S1.);
#5659 = LINE('',#5660,#5661);
#5660 = CARTESIAN_POINT('',(-4.7890625,-99.4853515625,4.4));
#5661 = VECTOR('',#5662,1.);
#5662 = DIRECTION('',(0.,0.,1.));
#5663 = PCURVE('',#470,#5664);
#5664 = DEFINITIONAL_REPRESENTATION('',(#5665),#5669);
#5665 = LINE('',#5666,#5667);
#5666 = CARTESIAN_POINT('',(0.,0.));
#5667 = VECTOR('',#5668,1.);
#5668 = DIRECTION('',(0.,-1.));
#5669 = ( GEOMETRIC_REPRESENTATION_CONTEXT(2) 
PARAMETRIC_REPRESENTATION_CONTEXT() REPRESENTATION_CONTEXT('2D SPACE',''
  ) );
#5670 = PCURVE('',#435,#5671);
#5671 = DEFINITIONAL_REPRESENTATION('',(#5672),#5676);
#5672 = LINE('',#5673,#5674);
#5673 = CARTESIAN_POINT('',(2.137626385438,0.));
#5674 = VECTOR('',#5675,1.);
#5675 = DIRECTION('',(0.,-1.));
#5676 = ( GEOMETRIC_REPRESENTATION_CONTEXT(2) 
PARAMETRIC_REPRESENTATION_CONTEXT() REPRESENTATION_CONTEXT('2D SPACE',''
  ) );
#5677 = ORIENTED_EDGE('',*,*,#446,.F.);
#5678 = ORIENTED_EDGE('',*,*,#5608,.F.);
#5679 = ADVANCED_FACE('',(#5680),#435,.F.);
#5680 = FACE_BOUND('',#5681,.F.);
#5681 = EDGE_LOOP('',(#5682,#5705,#5726,#5727));
#5682 = ORIENTED_EDGE('',*,*,#5683,.F.);
#5683 = EDGE_CURVE('',#5684,#5635,#5686,.T.);
#5684 = VERTEX_POINT('',#5685);
#5685 = CARTESIAN_POINT('',(-5.466796875,-97.4580078125,4.4));
#5686 = SURFACE_CURVE('',#5687,(#5691,#5698),.PCURVE_S1.);
#5687 = LINE('',#5688,#5689);
#5688 = CARTESIAN_POINT('',(-5.466796875,-97.4580078125,4.4));
#5689 = VECTOR('',#5690,1.);
#5690 = DIRECTION('',(0.317049967018,-0.948408835057,0.));
#5691 = PCURVE('',#435,#5692);
#5692 = DEFINITIONAL_REPRESENTATION('',(#5693),#5697);
#5693 = LINE('',#5694,#5695);
#5694 = CARTESIAN_POINT('',(0.,0.));
#5695 = VECTOR('',#5696,1.);
#5696 = DIRECTION('',(1.,0.));
#5697 = ( GEOMETRIC_REPRESENTATION_CONTEXT(2) 
PARAMETRIC_REPRESENTATION_CONTEXT() REPRESENTATION_CONTEXT('2D SPACE',''
  ) );
#5698 = PCURVE('',#5086,#5699);
#5699 = DEFINITIONAL_REPRESENTATION('',(#5700),#5704);
#5700 = LINE('',#5701,#5702);
#5701 = CARTESIAN_POINT('',(0.8671875,2.86328125));
#5702 = VECTOR('',#5703,1.);
#5703 = DIRECTION('',(0.317049967018,-0.948408835057));
#5704 = ( GEOMETRIC_REPRESENTATION_CONTEXT(2) 
PARAMETRIC_REPRESENTATION_CONTEXT() REPRESENTATION_CONTEXT('2D SPACE',''
  ) );
#5705 = ORIENTED_EDGE('',*,*,#5706,.T.);
#5706 = EDGE_CURVE('',#5684,#395,#5707,.T.);
#5707 = SURFACE_CURVE('',#5708,(#5712,#5719),.PCURVE_S1.);
#5708 = LINE('',#5709,#5710);
#5709 = CARTESIAN_POINT('',(-5.466796875,-97.4580078125,4.4));
#5710 = VECTOR('',#5711,1.);
#5711 = DIRECTION('',(0.,0.,1.));
#5712 = PCURVE('',#435,#5713);
#5713 = DEFINITIONAL_REPRESENTATION('',(#5714),#5718);
#5714 = LINE('',#5715,#5716);
#5715 = CARTESIAN_POINT('',(0.,0.));
#5716 = VECTOR('',#5717,1.);
#5717 = DIRECTION('',(0.,-1.));
#5718 = ( GEOMETRIC_REPRESENTATION_CONTEXT(2) 
PARAMETRIC_REPRESENTATION_CONTEXT() REPRESENTATION_CONTEXT('2D SPACE',''
  ) );
#5719 = PCURVE('',#409,#5720);
#5720 = DEFINITIONAL_REPRESENTATION('',(#5721),#5725);
#5721 = LINE('',#5722,#5723);
#5722 = CARTESIAN_POINT('',(0.5703125,0.));
#5723 = VECTOR('',#5724,1.);
#5724 = DIRECTION('',(0.,-1.));
#5725 = ( GEOMETRIC_REPRESENTATION_CONTEXT(2) 
PARAMETRIC_REPRESENTATION_CONTEXT() REPRESENTATION_CONTEXT('2D SPACE',''
  ) );
#5726 = ORIENTED_EDGE('',*,*,#420,.F.);
#5727 = ORIENTED_EDGE('',*,*,#5657,.F.);
#5728 = ADVANCED_FACE('',(#5729),#409,.F.);
#5729 = FACE_BOUND('',#5730,.F.);
#5730 = EDGE_LOOP('',(#5731,#5754,#5775,#5776));
#5731 = ORIENTED_EDGE('',*,*,#5732,.F.);
#5732 = EDGE_CURVE('',#5733,#5684,#5735,.T.);
#5733 = VERTEX_POINT('',#5734);
#5734 = CARTESIAN_POINT('',(-6.037109375,-97.4580078125,4.4));
#5735 = SURFACE_CURVE('',#5736,(#5740,#5747),.PCURVE_S1.);
#5736 = LINE('',#5737,#5738);
#5737 = CARTESIAN_POINT('',(-6.037109375,-97.4580078125,4.4));
#5738 = VECTOR('',#5739,1.);
#5739 = DIRECTION('',(1.,0.,0.));
#5740 = PCURVE('',#409,#5741);
#5741 = DEFINITIONAL_REPRESENTATION('',(#5742),#5746);
#5742 = LINE('',#5743,#5744);
#5743 = CARTESIAN_POINT('',(0.,0.));
#5744 = VECTOR('',#5745,1.);
#5745 = DIRECTION('',(1.,0.));
#5746 = ( GEOMETRIC_REPRESENTATION_CONTEXT(2) 
PARAMETRIC_REPRESENTATION_CONTEXT() REPRESENTATION_CONTEXT('2D SPACE',''
  ) );
#5747 = PCURVE('',#5086,#5748);
#5748 = DEFINITIONAL_REPRESENTATION('',(#5749),#5753);
#5749 = LINE('',#5750,#5751);
#5750 = CARTESIAN_POINT('',(0.296875,2.86328125));
#5751 = VECTOR('',#5752,1.);
#5752 = DIRECTION('',(1.,0.));
#5753 = ( GEOMETRIC_REPRESENTATION_CONTEXT(2) 
PARAMETRIC_REPRESENTATION_CONTEXT() REPRESENTATION_CONTEXT('2D SPACE',''
  ) );
#5754 = ORIENTED_EDGE('',*,*,#5755,.T.);
#5755 = EDGE_CURVE('',#5733,#369,#5756,.T.);
#5756 = SURFACE_CURVE('',#5757,(#5761,#5768),.PCURVE_S1.);
#5757 = LINE('',#5758,#5759);
#5758 = CARTESIAN_POINT('',(-6.037109375,-97.4580078125,4.4));
#5759 = VECTOR('',#5760,1.);
#5760 = DIRECTION('',(0.,0.,1.));
#5761 = PCURVE('',#409,#5762);
#5762 = DEFINITIONAL_REPRESENTATION('',(#5763),#5767);
#5763 = LINE('',#5764,#5765);
#5764 = CARTESIAN_POINT('',(0.,0.));
#5765 = VECTOR('',#5766,1.);
#5766 = DIRECTION('',(0.,-1.));
#5767 = ( GEOMETRIC_REPRESENTATION_CONTEXT(2) 
PARAMETRIC_REPRESENTATION_CONTEXT() REPRESENTATION_CONTEXT('2D SPACE',''
  ) );
#5768 = PCURVE('',#383,#5769);
#5769 = DEFINITIONAL_REPRESENTATION('',(#5770),#5774);
#5770 = LINE('',#5771,#5772);
#5771 = CARTESIAN_POINT('',(2.86328125,0.));
#5772 = VECTOR('',#5773,1.);
#5773 = DIRECTION('',(0.,-1.));
#5774 = ( GEOMETRIC_REPRESENTATION_CONTEXT(2) 
PARAMETRIC_REPRESENTATION_CONTEXT() REPRESENTATION_CONTEXT('2D SPACE',''
  ) );
#5775 = ORIENTED_EDGE('',*,*,#394,.F.);
#5776 = ORIENTED_EDGE('',*,*,#5706,.F.);
#5777 = ADVANCED_FACE('',(#5778),#383,.F.);
#5778 = FACE_BOUND('',#5779,.F.);
#5779 = EDGE_LOOP('',(#5780,#5801,#5802,#5803));
#5780 = ORIENTED_EDGE('',*,*,#5781,.F.);
#5781 = EDGE_CURVE('',#5071,#5733,#5782,.T.);
#5782 = SURFACE_CURVE('',#5783,(#5787,#5794),.PCURVE_S1.);
#5783 = LINE('',#5784,#5785);
#5784 = CARTESIAN_POINT('',(-6.037109375,-100.3212890625,4.4));
#5785 = VECTOR('',#5786,1.);
#5786 = DIRECTION('',(0.,1.,0.));
#5787 = PCURVE('',#383,#5788);
#5788 = DEFINITIONAL_REPRESENTATION('',(#5789),#5793);
#5789 = LINE('',#5790,#5791);
#5790 = CARTESIAN_POINT('',(0.,0.));
#5791 = VECTOR('',#5792,1.);
#5792 = DIRECTION('',(1.,0.));
#5793 = ( GEOMETRIC_REPRESENTATION_CONTEXT(2) 
PARAMETRIC_REPRESENTATION_CONTEXT() REPRESENTATION_CONTEXT('2D SPACE',''
  ) );
#5794 = PCURVE('',#5086,#5795);
#5795 = DEFINITIONAL_REPRESENTATION('',(#5796),#5800);
#5796 = LINE('',#5797,#5798);
#5797 = CARTESIAN_POINT('',(0.296875,0.));
#5798 = VECTOR('',#5799,1.);
#5799 = DIRECTION('',(0.,1.));
#5800 = ( GEOMETRIC_REPRESENTATION_CONTEXT(2) 
PARAMETRIC_REPRESENTATION_CONTEXT() REPRESENTATION_CONTEXT('2D SPACE',''
  ) );
#5801 = ORIENTED_EDGE('',*,*,#5120,.T.);
#5802 = ORIENTED_EDGE('',*,*,#368,.F.);
#5803 = ORIENTED_EDGE('',*,*,#5755,.F.);
#5804 = ADVANCED_FACE('',(#5805),#781,.F.);
#5805 = FACE_BOUND('',#5806,.F.);
#5806 = EDGE_LOOP('',(#5807,#5837,#5858,#5859));
#5807 = ORIENTED_EDGE('',*,*,#5808,.F.);
#5808 = EDGE_CURVE('',#5809,#5811,#5813,.T.);
#5809 = VERTEX_POINT('',#5810);
#5810 = CARTESIAN_POINT('',(-2.60546875,-100.3212890625,4.4));
#5811 = VERTEX_POINT('',#5812);
#5812 = CARTESIAN_POINT('',(-3.0078125,-100.3212890625,4.4));
#5813 = SURFACE_CURVE('',#5814,(#5818,#5825),.PCURVE_S1.);
#5814 = LINE('',#5815,#5816);
#5815 = CARTESIAN_POINT('',(-2.60546875,-100.3212890625,4.4));
#5816 = VECTOR('',#5817,1.);
#5817 = DIRECTION('',(-1.,0.,0.));
#5818 = PCURVE('',#781,#5819);
#5819 = DEFINITIONAL_REPRESENTATION('',(#5820),#5824);
#5820 = LINE('',#5821,#5822);
#5821 = CARTESIAN_POINT('',(0.,-0.));
#5822 = VECTOR('',#5823,1.);
#5823 = DIRECTION('',(1.,0.));
#5824 = ( GEOMETRIC_REPRESENTATION_CONTEXT(2) 
PARAMETRIC_REPRESENTATION_CONTEXT() REPRESENTATION_CONTEXT('2D SPACE',''
  ) );
#5825 = PCURVE('',#5826,#5831);
#5826 = PLANE('',#5827);
#5827 = AXIS2_PLACEMENT_3D('',#5828,#5829,#5830);
#5828 = CARTESIAN_POINT('',(-3.001953125,-100.3212890625,4.4));
#5829 = DIRECTION('',(0.,0.,1.));
#5830 = DIRECTION('',(1.,0.,0.));
#5831 = DEFINITIONAL_REPRESENTATION('',(#5832),#5836);
#5832 = LINE('',#5833,#5834);
#5833 = CARTESIAN_POINT('',(0.396484375,0.));
#5834 = VECTOR('',#5835,1.);
#5835 = DIRECTION('',(-1.,0.));
#5836 = ( GEOMETRIC_REPRESENTATION_CONTEXT(2) 
PARAMETRIC_REPRESENTATION_CONTEXT() REPRESENTATION_CONTEXT('2D SPACE',''
  ) );
#5837 = ORIENTED_EDGE('',*,*,#5838,.T.);
#5838 = EDGE_CURVE('',#5809,#767,#5839,.T.);
#5839 = SURFACE_CURVE('',#5840,(#5844,#5851),.PCURVE_S1.);
#5840 = LINE('',#5841,#5842);
#5841 = CARTESIAN_POINT('',(-2.60546875,-100.3212890625,4.4));
#5842 = VECTOR('',#5843,1.);
#5843 = DIRECTION('',(0.,0.,1.));
#5844 = PCURVE('',#781,#5845);
#5845 = DEFINITIONAL_REPRESENTATION('',(#5846),#5850);
#5846 = LINE('',#5847,#5848);
#5847 = CARTESIAN_POINT('',(0.,-0.));
#5848 = VECTOR('',#5849,1.);
#5849 = DIRECTION('',(0.,-1.));
#5850 = ( GEOMETRIC_REPRESENTATION_CONTEXT(2) 
PARAMETRIC_REPRESENTATION_CONTEXT() REPRESENTATION_CONTEXT('2D SPACE',''
  ) );
#5851 = PCURVE('',#961,#5852);
#5852 = DEFINITIONAL_REPRESENTATION('',(#5853),#5857);
#5853 = LINE('',#5854,#5855);
#5854 = CARTESIAN_POINT('',(0.922439660888,0.));
#5855 = VECTOR('',#5856,1.);
#5856 = DIRECTION('',(0.,-1.));
#5857 = ( GEOMETRIC_REPRESENTATION_CONTEXT(2) 
PARAMETRIC_REPRESENTATION_CONTEXT() REPRESENTATION_CONTEXT('2D SPACE',''
  ) );
#5858 = ORIENTED_EDGE('',*,*,#764,.F.);
#5859 = ORIENTED_EDGE('',*,*,#5860,.F.);
#5860 = EDGE_CURVE('',#5811,#765,#5861,.T.);
#5861 = SURFACE_CURVE('',#5862,(#5866,#5873),.PCURVE_S1.);
#5862 = LINE('',#5863,#5864);
#5863 = CARTESIAN_POINT('',(-3.0078125,-100.3212890625,4.4));
#5864 = VECTOR('',#5865,1.);
#5865 = DIRECTION('',(0.,0.,1.));
#5866 = PCURVE('',#781,#5867);
#5867 = DEFINITIONAL_REPRESENTATION('',(#5868),#5872);
#5868 = LINE('',#5869,#5870);
#5869 = CARTESIAN_POINT('',(0.40234375,0.));
#5870 = VECTOR('',#5871,1.);
#5871 = DIRECTION('',(0.,-1.));
#5872 = ( GEOMETRIC_REPRESENTATION_CONTEXT(2) 
PARAMETRIC_REPRESENTATION_CONTEXT() REPRESENTATION_CONTEXT('2D SPACE',''
  ) );
#5873 = PCURVE('',#807,#5874);
#5874 = DEFINITIONAL_REPRESENTATION('',(#5875),#5879);
#5875 = LINE('',#5876,#5877);
#5876 = CARTESIAN_POINT('',(0.,0.));
#5877 = VECTOR('',#5878,1.);
#5878 = DIRECTION('',(0.,-1.));
#5879 = ( GEOMETRIC_REPRESENTATION_CONTEXT(2) 
PARAMETRIC_REPRESENTATION_CONTEXT() REPRESENTATION_CONTEXT('2D SPACE',''
  ) );
#5880 = ADVANCED_FACE('',(#5881),#961,.F.);
#5881 = FACE_BOUND('',#5882,.F.);
#5882 = EDGE_LOOP('',(#5883,#5906,#5927,#5928));
#5883 = ORIENTED_EDGE('',*,*,#5884,.F.);
#5884 = EDGE_CURVE('',#5885,#5809,#5887,.T.);
#5885 = VERTEX_POINT('',#5886);
#5886 = CARTESIAN_POINT('',(-2.291015625,-99.4541015625,4.4));
#5887 = SURFACE_CURVE('',#5888,(#5892,#5899),.PCURVE_S1.);
#5888 = LINE('',#5889,#5890);
#5889 = CARTESIAN_POINT('',(-2.291015625,-99.4541015625,4.4));
#5890 = VECTOR('',#5891,1.);
#5891 = DIRECTION('',(-0.340892893414,-0.940102140844,0.));
#5892 = PCURVE('',#961,#5893);
#5893 = DEFINITIONAL_REPRESENTATION('',(#5894),#5898);
#5894 = LINE('',#5895,#5896);
#5895 = CARTESIAN_POINT('',(0.,0.));
#5896 = VECTOR('',#5897,1.);
#5897 = DIRECTION('',(1.,0.));
#5898 = ( GEOMETRIC_REPRESENTATION_CONTEXT(2) 
PARAMETRIC_REPRESENTATION_CONTEXT() REPRESENTATION_CONTEXT('2D SPACE',''
  ) );
#5899 = PCURVE('',#5826,#5900);
#5900 = DEFINITIONAL_REPRESENTATION('',(#5901),#5905);
#5901 = LINE('',#5902,#5903);
#5902 = CARTESIAN_POINT('',(0.7109375,0.8671875));
#5903 = VECTOR('',#5904,1.);
#5904 = DIRECTION('',(-0.340892893414,-0.940102140844));
#5905 = ( GEOMETRIC_REPRESENTATION_CONTEXT(2) 
PARAMETRIC_REPRESENTATION_CONTEXT() REPRESENTATION_CONTEXT('2D SPACE',''
  ) );
#5906 = ORIENTED_EDGE('',*,*,#5907,.T.);
#5907 = EDGE_CURVE('',#5885,#923,#5908,.T.);
#5908 = SURFACE_CURVE('',#5909,(#5913,#5920),.PCURVE_S1.);
#5909 = LINE('',#5910,#5911);
#5910 = CARTESIAN_POINT('',(-2.291015625,-99.4541015625,4.4));
#5911 = VECTOR('',#5912,1.);
#5912 = DIRECTION('',(0.,0.,1.));
#5913 = PCURVE('',#961,#5914);
#5914 = DEFINITIONAL_REPRESENTATION('',(#5915),#5919);
#5915 = LINE('',#5916,#5917);
#5916 = CARTESIAN_POINT('',(0.,0.));
#5917 = VECTOR('',#5918,1.);
#5918 = DIRECTION('',(0.,-1.));
#5919 = ( GEOMETRIC_REPRESENTATION_CONTEXT(2) 
PARAMETRIC_REPRESENTATION_CONTEXT() REPRESENTATION_CONTEXT('2D SPACE',''
  ) );
#5920 = PCURVE('',#937,#5921);
#5921 = DEFINITIONAL_REPRESENTATION('',(#5922),#5926);
#5922 = LINE('',#5923,#5924);
#5923 = CARTESIAN_POINT('',(1.197265625,0.));
#5924 = VECTOR('',#5925,1.);
#5925 = DIRECTION('',(0.,-1.));
#5926 = ( GEOMETRIC_REPRESENTATION_CONTEXT(2) 
PARAMETRIC_REPRESENTATION_CONTEXT() REPRESENTATION_CONTEXT('2D SPACE',''
  ) );
#5927 = ORIENTED_EDGE('',*,*,#948,.F.);
#5928 = ORIENTED_EDGE('',*,*,#5838,.F.);
#5929 = ADVANCED_FACE('',(#5930),#937,.F.);
#5930 = FACE_BOUND('',#5931,.F.);
#5931 = EDGE_LOOP('',(#5932,#5955,#5976,#5977));
#5932 = ORIENTED_EDGE('',*,*,#5933,.F.);
#5933 = EDGE_CURVE('',#5934,#5885,#5936,.T.);
#5934 = VERTEX_POINT('',#5935);
#5935 = CARTESIAN_POINT('',(-1.09375,-99.4541015625,4.4));
#5936 = SURFACE_CURVE('',#5937,(#5941,#5948),.PCURVE_S1.);
#5937 = LINE('',#5938,#5939);
#5938 = CARTESIAN_POINT('',(-1.09375,-99.4541015625,4.4));
#5939 = VECTOR('',#5940,1.);
#5940 = DIRECTION('',(-1.,0.,0.));
#5941 = PCURVE('',#937,#5942);
#5942 = DEFINITIONAL_REPRESENTATION('',(#5943),#5947);
#5943 = LINE('',#5944,#5945);
#5944 = CARTESIAN_POINT('',(0.,-0.));
#5945 = VECTOR('',#5946,1.);
#5946 = DIRECTION('',(1.,0.));
#5947 = ( GEOMETRIC_REPRESENTATION_CONTEXT(2) 
PARAMETRIC_REPRESENTATION_CONTEXT() REPRESENTATION_CONTEXT('2D SPACE',''
  ) );
#5948 = PCURVE('',#5826,#5949);
#5949 = DEFINITIONAL_REPRESENTATION('',(#5950),#5954);
#5950 = LINE('',#5951,#5952);
#5951 = CARTESIAN_POINT('',(1.908203125,0.8671875));
#5952 = VECTOR('',#5953,1.);
#5953 = DIRECTION('',(-1.,0.));
#5954 = ( GEOMETRIC_REPRESENTATION_CONTEXT(2) 
PARAMETRIC_REPRESENTATION_CONTEXT() REPRESENTATION_CONTEXT('2D SPACE',''
  ) );
#5955 = ORIENTED_EDGE('',*,*,#5956,.T.);
#5956 = EDGE_CURVE('',#5934,#897,#5957,.T.);
#5957 = SURFACE_CURVE('',#5958,(#5962,#5969),.PCURVE_S1.);
#5958 = LINE('',#5959,#5960);
#5959 = CARTESIAN_POINT('',(-1.09375,-99.4541015625,4.4));
#5960 = VECTOR('',#5961,1.);
#5961 = DIRECTION('',(0.,0.,1.));
#5962 = PCURVE('',#937,#5963);
#5963 = DEFINITIONAL_REPRESENTATION('',(#5964),#5968);
#5964 = LINE('',#5965,#5966);
#5965 = CARTESIAN_POINT('',(0.,-0.));
#5966 = VECTOR('',#5967,1.);
#5967 = DIRECTION('',(0.,-1.));
#5968 = ( GEOMETRIC_REPRESENTATION_CONTEXT(2) 
PARAMETRIC_REPRESENTATION_CONTEXT() REPRESENTATION_CONTEXT('2D SPACE',''
  ) );
#5969 = PCURVE('',#911,#5970);
#5970 = DEFINITIONAL_REPRESENTATION('',(#5971),#5975);
#5971 = LINE('',#5972,#5973);
#5972 = CARTESIAN_POINT('',(0.92927914154,0.));
#5973 = VECTOR('',#5974,1.);
#5974 = DIRECTION('',(0.,-1.));
#5975 = ( GEOMETRIC_REPRESENTATION_CONTEXT(2) 
PARAMETRIC_REPRESENTATION_CONTEXT() REPRESENTATION_CONTEXT('2D SPACE',''
  ) );
#5976 = ORIENTED_EDGE('',*,*,#922,.F.);
#5977 = ORIENTED_EDGE('',*,*,#5907,.F.);
#5978 = ADVANCED_FACE('',(#5979),#911,.F.);
#5979 = FACE_BOUND('',#5980,.F.);
#5980 = EDGE_LOOP('',(#5981,#6004,#6025,#6026));
#5981 = ORIENTED_EDGE('',*,*,#5982,.F.);
#5982 = EDGE_CURVE('',#5983,#5934,#5985,.T.);
#5983 = VERTEX_POINT('',#5984);
#5984 = CARTESIAN_POINT('',(-0.759765625,-100.3212890625,4.4));
#5985 = SURFACE_CURVE('',#5986,(#5990,#5997),.PCURVE_S1.);
#5986 = LINE('',#5987,#5988);
#5987 = CARTESIAN_POINT('',(-0.759765625,-100.3212890625,4.4));
#5988 = VECTOR('',#5989,1.);
#5989 = DIRECTION('',(-0.359401561996,0.933183003078,0.));
#5990 = PCURVE('',#911,#5991);
#5991 = DEFINITIONAL_REPRESENTATION('',(#5992),#5996);
#5992 = LINE('',#5993,#5994);
#5993 = CARTESIAN_POINT('',(0.,0.));
#5994 = VECTOR('',#5995,1.);
#5995 = DIRECTION('',(1.,0.));
#5996 = ( GEOMETRIC_REPRESENTATION_CONTEXT(2) 
PARAMETRIC_REPRESENTATION_CONTEXT() REPRESENTATION_CONTEXT('2D SPACE',''
  ) );
#5997 = PCURVE('',#5826,#5998);
#5998 = DEFINITIONAL_REPRESENTATION('',(#5999),#6003);
#5999 = LINE('',#6000,#6001);
#6000 = CARTESIAN_POINT('',(2.2421875,0.));
#6001 = VECTOR('',#6002,1.);
#6002 = DIRECTION('',(-0.359401561996,0.933183003078));
#6003 = ( GEOMETRIC_REPRESENTATION_CONTEXT(2) 
PARAMETRIC_REPRESENTATION_CONTEXT() REPRESENTATION_CONTEXT('2D SPACE',''
  ) );
#6004 = ORIENTED_EDGE('',*,*,#6005,.T.);
#6005 = EDGE_CURVE('',#5983,#871,#6006,.T.);
#6006 = SURFACE_CURVE('',#6007,(#6011,#6018),.PCURVE_S1.);
#6007 = LINE('',#6008,#6009);
#6008 = CARTESIAN_POINT('',(-0.759765625,-100.3212890625,4.4));
#6009 = VECTOR('',#6010,1.);
#6010 = DIRECTION('',(0.,0.,1.));
#6011 = PCURVE('',#911,#6012);
#6012 = DEFINITIONAL_REPRESENTATION('',(#6013),#6017);
#6013 = LINE('',#6014,#6015);
#6014 = CARTESIAN_POINT('',(0.,0.));
#6015 = VECTOR('',#6016,1.);
#6016 = DIRECTION('',(0.,-1.));
#6017 = ( GEOMETRIC_REPRESENTATION_CONTEXT(2) 
PARAMETRIC_REPRESENTATION_CONTEXT() REPRESENTATION_CONTEXT('2D SPACE',''
  ) );
#6018 = PCURVE('',#885,#6019);
#6019 = DEFINITIONAL_REPRESENTATION('',(#6020),#6024);
#6020 = LINE('',#6021,#6022);
#6021 = CARTESIAN_POINT('',(0.431640625,0.));
#6022 = VECTOR('',#6023,1.);
#6023 = DIRECTION('',(0.,-1.));
#6024 = ( GEOMETRIC_REPRESENTATION_CONTEXT(2) 
PARAMETRIC_REPRESENTATION_CONTEXT() REPRESENTATION_CONTEXT('2D SPACE',''
  ) );
#6025 = ORIENTED_EDGE('',*,*,#896,.F.);
#6026 = ORIENTED_EDGE('',*,*,#5956,.F.);
#6027 = ADVANCED_FACE('',(#6028),#885,.F.);
#6028 = FACE_BOUND('',#6029,.F.);
#6029 = EDGE_LOOP('',(#6030,#6053,#6074,#6075));
#6030 = ORIENTED_EDGE('',*,*,#6031,.F.);
#6031 = EDGE_CURVE('',#6032,#5983,#6034,.T.);
#6032 = VERTEX_POINT('',#6033);
#6033 = CARTESIAN_POINT('',(-0.328125,-100.3212890625,4.4));
#6034 = SURFACE_CURVE('',#6035,(#6039,#6046),.PCURVE_S1.);
#6035 = LINE('',#6036,#6037);
#6036 = CARTESIAN_POINT('',(-0.328125,-100.3212890625,4.4));
#6037 = VECTOR('',#6038,1.);
#6038 = DIRECTION('',(-1.,0.,0.));
#6039 = PCURVE('',#885,#6040);
#6040 = DEFINITIONAL_REPRESENTATION('',(#6041),#6045);
#6041 = LINE('',#6042,#6043);
#6042 = CARTESIAN_POINT('',(0.,-0.));
#6043 = VECTOR('',#6044,1.);
#6044 = DIRECTION('',(1.,0.));
#6045 = ( GEOMETRIC_REPRESENTATION_CONTEXT(2) 
PARAMETRIC_REPRESENTATION_CONTEXT() REPRESENTATION_CONTEXT('2D SPACE',''
  ) );
#6046 = PCURVE('',#5826,#6047);
#6047 = DEFINITIONAL_REPRESENTATION('',(#6048),#6052);
#6048 = LINE('',#6049,#6050);
#6049 = CARTESIAN_POINT('',(2.673828125,0.));
#6050 = VECTOR('',#6051,1.);
#6051 = DIRECTION('',(-1.,0.));
#6052 = ( GEOMETRIC_REPRESENTATION_CONTEXT(2) 
PARAMETRIC_REPRESENTATION_CONTEXT() REPRESENTATION_CONTEXT('2D SPACE',''
  ) );
#6053 = ORIENTED_EDGE('',*,*,#6054,.T.);
#6054 = EDGE_CURVE('',#6032,#845,#6055,.T.);
#6055 = SURFACE_CURVE('',#6056,(#6060,#6067),.PCURVE_S1.);
#6056 = LINE('',#6057,#6058);
#6057 = CARTESIAN_POINT('',(-0.328125,-100.3212890625,4.4));
#6058 = VECTOR('',#6059,1.);
#6059 = DIRECTION('',(0.,0.,1.));
#6060 = PCURVE('',#885,#6061);
#6061 = DEFINITIONAL_REPRESENTATION('',(#6062),#6066);
#6062 = LINE('',#6063,#6064);
#6063 = CARTESIAN_POINT('',(0.,-0.));
#6064 = VECTOR('',#6065,1.);
#6065 = DIRECTION('',(0.,-1.));
#6066 = ( GEOMETRIC_REPRESENTATION_CONTEXT(2) 
PARAMETRIC_REPRESENTATION_CONTEXT() REPRESENTATION_CONTEXT('2D SPACE',''
  ) );
#6067 = PCURVE('',#859,#6068);
#6068 = DEFINITIONAL_REPRESENTATION('',(#6069),#6073);
#6069 = LINE('',#6070,#6071);
#6070 = CARTESIAN_POINT('',(3.093811651059,0.));
#6071 = VECTOR('',#6072,1.);
#6072 = DIRECTION('',(0.,-1.));
#6073 = ( GEOMETRIC_REPRESENTATION_CONTEXT(2) 
PARAMETRIC_REPRESENTATION_CONTEXT() REPRESENTATION_CONTEXT('2D SPACE',''
  ) );
#6074 = ORIENTED_EDGE('',*,*,#870,.F.);
#6075 = ORIENTED_EDGE('',*,*,#6005,.F.);
#6076 = ADVANCED_FACE('',(#6077),#859,.F.);
#6077 = FACE_BOUND('',#6078,.F.);
#6078 = EDGE_LOOP('',(#6079,#6102,#6123,#6124));
#6079 = ORIENTED_EDGE('',*,*,#6080,.F.);
#6080 = EDGE_CURVE('',#6081,#6032,#6083,.T.);
#6081 = VERTEX_POINT('',#6082);
#6082 = CARTESIAN_POINT('',(-1.5,-97.4580078125,4.4));
#6083 = SURFACE_CURVE('',#6084,(#6088,#6095),.PCURVE_S1.);
#6084 = LINE('',#6085,#6086);
#6085 = CARTESIAN_POINT('',(-1.5,-97.4580078125,4.4));
#6086 = VECTOR('',#6087,1.);
#6087 = DIRECTION('',(0.378780330599,-0.925486607764,0.));
#6088 = PCURVE('',#859,#6089);
#6089 = DEFINITIONAL_REPRESENTATION('',(#6090),#6094);
#6090 = LINE('',#6091,#6092);
#6091 = CARTESIAN_POINT('',(0.,0.));
#6092 = VECTOR('',#6093,1.);
#6093 = DIRECTION('',(1.,0.));
#6094 = ( GEOMETRIC_REPRESENTATION_CONTEXT(2) 
PARAMETRIC_REPRESENTATION_CONTEXT() REPRESENTATION_CONTEXT('2D SPACE',''
  ) );
#6095 = PCURVE('',#5826,#6096);
#6096 = DEFINITIONAL_REPRESENTATION('',(#6097),#6101);
#6097 = LINE('',#6098,#6099);
#6098 = CARTESIAN_POINT('',(1.501953125,2.86328125));
#6099 = VECTOR('',#6100,1.);
#6100 = DIRECTION('',(0.378780330599,-0.925486607764));
#6101 = ( GEOMETRIC_REPRESENTATION_CONTEXT(2) 
PARAMETRIC_REPRESENTATION_CONTEXT() REPRESENTATION_CONTEXT('2D SPACE',''
  ) );
#6102 = ORIENTED_EDGE('',*,*,#6103,.T.);
#6103 = EDGE_CURVE('',#6081,#819,#6104,.T.);
#6104 = SURFACE_CURVE('',#6105,(#6109,#6116),.PCURVE_S1.);
#6105 = LINE('',#6106,#6107);
#6106 = CARTESIAN_POINT('',(-1.5,-97.4580078125,4.4));
#6107 = VECTOR('',#6108,1.);
#6108 = DIRECTION('',(0.,0.,1.));
#6109 = PCURVE('',#859,#6110);
#6110 = DEFINITIONAL_REPRESENTATION('',(#6111),#6115);
#6111 = LINE('',#6112,#6113);
#6112 = CARTESIAN_POINT('',(0.,0.));
#6113 = VECTOR('',#6114,1.);
#6114 = DIRECTION('',(0.,-1.));
#6115 = ( GEOMETRIC_REPRESENTATION_CONTEXT(2) 
PARAMETRIC_REPRESENTATION_CONTEXT() REPRESENTATION_CONTEXT('2D SPACE',''
  ) );
#6116 = PCURVE('',#833,#6117);
#6117 = DEFINITIONAL_REPRESENTATION('',(#6118),#6122);
#6118 = LINE('',#6119,#6120);
#6119 = CARTESIAN_POINT('',(0.408203125,0.));
#6120 = VECTOR('',#6121,1.);
#6121 = DIRECTION('',(0.,-1.));
#6122 = ( GEOMETRIC_REPRESENTATION_CONTEXT(2) 
PARAMETRIC_REPRESENTATION_CONTEXT() REPRESENTATION_CONTEXT('2D SPACE',''
  ) );
#6123 = ORIENTED_EDGE('',*,*,#844,.F.);
#6124 = ORIENTED_EDGE('',*,*,#6054,.F.);
#6125 = ADVANCED_FACE('',(#6126),#833,.F.);
#6126 = FACE_BOUND('',#6127,.F.);
#6127 = EDGE_LOOP('',(#6128,#6151,#6172,#6173));
#6128 = ORIENTED_EDGE('',*,*,#6129,.F.);
#6129 = EDGE_CURVE('',#6130,#6081,#6132,.T.);
#6130 = VERTEX_POINT('',#6131);
#6131 = CARTESIAN_POINT('',(-1.908203125,-97.4580078125,4.4));
#6132 = SURFACE_CURVE('',#6133,(#6137,#6144),.PCURVE_S1.);
#6133 = LINE('',#6134,#6135);
#6134 = CARTESIAN_POINT('',(-1.908203125,-97.4580078125,4.4));
#6135 = VECTOR('',#6136,1.);
#6136 = DIRECTION('',(1.,0.,0.));
#6137 = PCURVE('',#833,#6138);
#6138 = DEFINITIONAL_REPRESENTATION('',(#6139),#6143);
#6139 = LINE('',#6140,#6141);
#6140 = CARTESIAN_POINT('',(0.,0.));
#6141 = VECTOR('',#6142,1.);
#6142 = DIRECTION('',(1.,0.));
#6143 = ( GEOMETRIC_REPRESENTATION_CONTEXT(2) 
PARAMETRIC_REPRESENTATION_CONTEXT() REPRESENTATION_CONTEXT('2D SPACE',''
  ) );
#6144 = PCURVE('',#5826,#6145);
#6145 = DEFINITIONAL_REPRESENTATION('',(#6146),#6150);
#6146 = LINE('',#6147,#6148);
#6147 = CARTESIAN_POINT('',(1.09375,2.86328125));
#6148 = VECTOR('',#6149,1.);
#6149 = DIRECTION('',(1.,0.));
#6150 = ( GEOMETRIC_REPRESENTATION_CONTEXT(2) 
PARAMETRIC_REPRESENTATION_CONTEXT() REPRESENTATION_CONTEXT('2D SPACE',''
  ) );
#6151 = ORIENTED_EDGE('',*,*,#6152,.T.);
#6152 = EDGE_CURVE('',#6130,#793,#6153,.T.);
#6153 = SURFACE_CURVE('',#6154,(#6158,#6165),.PCURVE_S1.);
#6154 = LINE('',#6155,#6156);
#6155 = CARTESIAN_POINT('',(-1.908203125,-97.4580078125,4.4));
#6156 = VECTOR('',#6157,1.);
#6157 = DIRECTION('',(0.,0.,1.));
#6158 = PCURVE('',#833,#6159);
#6159 = DEFINITIONAL_REPRESENTATION('',(#6160),#6164);
#6160 = LINE('',#6161,#6162);
#6161 = CARTESIAN_POINT('',(0.,0.));
#6162 = VECTOR('',#6163,1.);
#6163 = DIRECTION('',(0.,-1.));
#6164 = ( GEOMETRIC_REPRESENTATION_CONTEXT(2) 
PARAMETRIC_REPRESENTATION_CONTEXT() REPRESENTATION_CONTEXT('2D SPACE',''
  ) );
#6165 = PCURVE('',#807,#6166);
#6166 = DEFINITIONAL_REPRESENTATION('',(#6167),#6171);
#6167 = LINE('',#6168,#6169);
#6168 = CARTESIAN_POINT('',(3.067168122909,0.));
#6169 = VECTOR('',#6170,1.);
#6170 = DIRECTION('',(0.,-1.));
#6171 = ( GEOMETRIC_REPRESENTATION_CONTEXT(2) 
PARAMETRIC_REPRESENTATION_CONTEXT() REPRESENTATION_CONTEXT('2D SPACE',''
  ) );
#6172 = ORIENTED_EDGE('',*,*,#818,.F.);
#6173 = ORIENTED_EDGE('',*,*,#6103,.F.);
#6174 = ADVANCED_FACE('',(#6175),#807,.F.);
#6175 = FACE_BOUND('',#6176,.F.);
#6176 = EDGE_LOOP('',(#6177,#6198,#6199,#6200));
#6177 = ORIENTED_EDGE('',*,*,#6178,.F.);
#6178 = EDGE_CURVE('',#5811,#6130,#6179,.T.);
#6179 = SURFACE_CURVE('',#6180,(#6184,#6191),.PCURVE_S1.);
#6180 = LINE('',#6181,#6182);
#6181 = CARTESIAN_POINT('',(-3.0078125,-100.3212890625,4.4));
#6182 = VECTOR('',#6183,1.);
#6183 = DIRECTION('',(0.358509651553,0.933526019853,0.));
#6184 = PCURVE('',#807,#6185);
#6185 = DEFINITIONAL_REPRESENTATION('',(#6186),#6190);
#6186 = LINE('',#6187,#6188);
#6187 = CARTESIAN_POINT('',(0.,0.));
#6188 = VECTOR('',#6189,1.);
#6189 = DIRECTION('',(1.,0.));
#6190 = ( GEOMETRIC_REPRESENTATION_CONTEXT(2) 
PARAMETRIC_REPRESENTATION_CONTEXT() REPRESENTATION_CONTEXT('2D SPACE',''
  ) );
#6191 = PCURVE('',#5826,#6192);
#6192 = DEFINITIONAL_REPRESENTATION('',(#6193),#6197);
#6193 = LINE('',#6194,#6195);
#6194 = CARTESIAN_POINT('',(-5.859375E-03,0.));
#6195 = VECTOR('',#6196,1.);
#6196 = DIRECTION('',(0.358509651553,0.933526019853));
#6197 = ( GEOMETRIC_REPRESENTATION_CONTEXT(2) 
PARAMETRIC_REPRESENTATION_CONTEXT() REPRESENTATION_CONTEXT('2D SPACE',''
  ) );
#6198 = ORIENTED_EDGE('',*,*,#5860,.T.);
#6199 = ORIENTED_EDGE('',*,*,#792,.F.);
#6200 = ORIENTED_EDGE('',*,*,#6152,.F.);
#6201 = ADVANCED_FACE('',(#6202),#991,.F.);
#6202 = FACE_BOUND('',#6203,.F.);
#6203 = EDGE_LOOP('',(#6204,#6234,#6255,#6256));
#6204 = ORIENTED_EDGE('',*,*,#6205,.F.);
#6205 = EDGE_CURVE('',#6206,#6208,#6210,.T.);
#6206 = VERTEX_POINT('',#6207);
#6207 = CARTESIAN_POINT('',(0.41796875,-100.3212890625,4.4));
#6208 = VERTEX_POINT('',#6209);
#6209 = CARTESIAN_POINT('',(3.90625E-02,-100.3212890625,4.4));
#6210 = SURFACE_CURVE('',#6211,(#6215,#6222),.PCURVE_S1.);
#6211 = LINE('',#6212,#6213);
#6212 = CARTESIAN_POINT('',(0.41796875,-100.3212890625,4.4));
#6213 = VECTOR('',#6214,1.);
#6214 = DIRECTION('',(-1.,0.,0.));
#6215 = PCURVE('',#991,#6216);
#6216 = DEFINITIONAL_REPRESENTATION('',(#6217),#6221);
#6217 = LINE('',#6218,#6219);
#6218 = CARTESIAN_POINT('',(0.,-0.));
#6219 = VECTOR('',#6220,1.);
#6220 = DIRECTION('',(1.,0.));
#6221 = ( GEOMETRIC_REPRESENTATION_CONTEXT(2) 
PARAMETRIC_REPRESENTATION_CONTEXT() REPRESENTATION_CONTEXT('2D SPACE',''
  ) );
#6222 = PCURVE('',#6223,#6228);
#6223 = PLANE('',#6224);
#6224 = AXIS2_PLACEMENT_3D('',#6225,#6226,#6227);
#6225 = CARTESIAN_POINT('',(-0.333984375,-100.3212890625,4.4));
#6226 = DIRECTION('',(0.,0.,1.));
#6227 = DIRECTION('',(1.,0.,0.));
#6228 = DEFINITIONAL_REPRESENTATION('',(#6229),#6233);
#6229 = LINE('',#6230,#6231);
#6230 = CARTESIAN_POINT('',(0.751953125,0.));
#6231 = VECTOR('',#6232,1.);
#6232 = DIRECTION('',(-1.,0.));
#6233 = ( GEOMETRIC_REPRESENTATION_CONTEXT(2) 
PARAMETRIC_REPRESENTATION_CONTEXT() REPRESENTATION_CONTEXT('2D SPACE',''
  ) );
#6234 = ORIENTED_EDGE('',*,*,#6235,.T.);
#6235 = EDGE_CURVE('',#6206,#977,#6236,.T.);
#6236 = SURFACE_CURVE('',#6237,(#6241,#6248),.PCURVE_S1.);
#6237 = LINE('',#6238,#6239);
#6238 = CARTESIAN_POINT('',(0.41796875,-100.3212890625,4.4));
#6239 = VECTOR('',#6240,1.);
#6240 = DIRECTION('',(0.,0.,1.));
#6241 = PCURVE('',#991,#6242);
#6242 = DEFINITIONAL_REPRESENTATION('',(#6243),#6247);
#6243 = LINE('',#6244,#6245);
#6244 = CARTESIAN_POINT('',(0.,-0.));
#6245 = VECTOR('',#6246,1.);
#6246 = DIRECTION('',(0.,-1.));
#6247 = ( GEOMETRIC_REPRESENTATION_CONTEXT(2) 
PARAMETRIC_REPRESENTATION_CONTEXT() REPRESENTATION_CONTEXT('2D SPACE',''
  ) );
#6248 = PCURVE('',#1067,#6249);
#6249 = DEFINITIONAL_REPRESENTATION('',(#6250),#6254);
#6250 = LINE('',#6251,#6252);
#6251 = CARTESIAN_POINT('',(2.86328125,0.));
#6252 = VECTOR('',#6253,1.);
#6253 = DIRECTION('',(0.,-1.));
#6254 = ( GEOMETRIC_REPRESENTATION_CONTEXT(2) 
PARAMETRIC_REPRESENTATION_CONTEXT() REPRESENTATION_CONTEXT('2D SPACE',''
  ) );
#6255 = ORIENTED_EDGE('',*,*,#974,.F.);
#6256 = ORIENTED_EDGE('',*,*,#6257,.F.);
#6257 = EDGE_CURVE('',#6208,#975,#6258,.T.);
#6258 = SURFACE_CURVE('',#6259,(#6263,#6270),.PCURVE_S1.);
#6259 = LINE('',#6260,#6261);
#6260 = CARTESIAN_POINT('',(3.90625E-02,-100.3212890625,4.4));
#6261 = VECTOR('',#6262,1.);
#6262 = DIRECTION('',(0.,0.,1.));
#6263 = PCURVE('',#991,#6264);
#6264 = DEFINITIONAL_REPRESENTATION('',(#6265),#6269);
#6265 = LINE('',#6266,#6267);
#6266 = CARTESIAN_POINT('',(0.37890625,0.));
#6267 = VECTOR('',#6268,1.);
#6268 = DIRECTION('',(0.,-1.));
#6269 = ( GEOMETRIC_REPRESENTATION_CONTEXT(2) 
PARAMETRIC_REPRESENTATION_CONTEXT() REPRESENTATION_CONTEXT('2D SPACE',''
  ) );
#6270 = PCURVE('',#1017,#6271);
#6271 = DEFINITIONAL_REPRESENTATION('',(#6272),#6276);
#6272 = LINE('',#6273,#6274);
#6273 = CARTESIAN_POINT('',(0.,0.));
#6274 = VECTOR('',#6275,1.);
#6275 = DIRECTION('',(0.,-1.));
#6276 = ( GEOMETRIC_REPRESENTATION_CONTEXT(2) 
PARAMETRIC_REPRESENTATION_CONTEXT() REPRESENTATION_CONTEXT('2D SPACE',''
  ) );
#6277 = ADVANCED_FACE('',(#6278),#1067,.F.);
#6278 = FACE_BOUND('',#6279,.F.);
#6279 = EDGE_LOOP('',(#6280,#6303,#6324,#6325));
#6280 = ORIENTED_EDGE('',*,*,#6281,.F.);
#6281 = EDGE_CURVE('',#6282,#6206,#6284,.T.);
#6282 = VERTEX_POINT('',#6283);
#6283 = CARTESIAN_POINT('',(0.41796875,-97.4580078125,4.4));
#6284 = SURFACE_CURVE('',#6285,(#6289,#6296),.PCURVE_S1.);
#6285 = LINE('',#6286,#6287);
#6286 = CARTESIAN_POINT('',(0.41796875,-97.4580078125,4.4));
#6287 = VECTOR('',#6288,1.);
#6288 = DIRECTION('',(0.,-1.,0.));
#6289 = PCURVE('',#1067,#6290);
#6290 = DEFINITIONAL_REPRESENTATION('',(#6291),#6295);
#6291 = LINE('',#6292,#6293);
#6292 = CARTESIAN_POINT('',(0.,0.));
#6293 = VECTOR('',#6294,1.);
#6294 = DIRECTION('',(1.,0.));
#6295 = ( GEOMETRIC_REPRESENTATION_CONTEXT(2) 
PARAMETRIC_REPRESENTATION_CONTEXT() REPRESENTATION_CONTEXT('2D SPACE',''
  ) );
#6296 = PCURVE('',#6223,#6297);
#6297 = DEFINITIONAL_REPRESENTATION('',(#6298),#6302);
#6298 = LINE('',#6299,#6300);
#6299 = CARTESIAN_POINT('',(0.751953125,2.86328125));
#6300 = VECTOR('',#6301,1.);
#6301 = DIRECTION('',(0.,-1.));
#6302 = ( GEOMETRIC_REPRESENTATION_CONTEXT(2) 
PARAMETRIC_REPRESENTATION_CONTEXT() REPRESENTATION_CONTEXT('2D SPACE',''
  ) );
#6303 = ORIENTED_EDGE('',*,*,#6304,.T.);
#6304 = EDGE_CURVE('',#6282,#1029,#6305,.T.);
#6305 = SURFACE_CURVE('',#6306,(#6310,#6317),.PCURVE_S1.);
#6306 = LINE('',#6307,#6308);
#6307 = CARTESIAN_POINT('',(0.41796875,-97.4580078125,4.4));
#6308 = VECTOR('',#6309,1.);
#6309 = DIRECTION('',(0.,0.,1.));
#6310 = PCURVE('',#1067,#6311);
#6311 = DEFINITIONAL_REPRESENTATION('',(#6312),#6316);
#6312 = LINE('',#6313,#6314);
#6313 = CARTESIAN_POINT('',(0.,0.));
#6314 = VECTOR('',#6315,1.);
#6315 = DIRECTION('',(0.,-1.));
#6316 = ( GEOMETRIC_REPRESENTATION_CONTEXT(2) 
PARAMETRIC_REPRESENTATION_CONTEXT() REPRESENTATION_CONTEXT('2D SPACE',''
  ) );
#6317 = PCURVE('',#1043,#6318);
#6318 = DEFINITIONAL_REPRESENTATION('',(#6319),#6323);
#6319 = LINE('',#6320,#6321);
#6320 = CARTESIAN_POINT('',(0.37890625,0.));
#6321 = VECTOR('',#6322,1.);
#6322 = DIRECTION('',(0.,-1.));
#6323 = ( GEOMETRIC_REPRESENTATION_CONTEXT(2) 
PARAMETRIC_REPRESENTATION_CONTEXT() REPRESENTATION_CONTEXT('2D SPACE',''
  ) );
#6324 = ORIENTED_EDGE('',*,*,#1054,.F.);
#6325 = ORIENTED_EDGE('',*,*,#6235,.F.);
#6326 = ADVANCED_FACE('',(#6327),#1043,.F.);
#6327 = FACE_BOUND('',#6328,.F.);
#6328 = EDGE_LOOP('',(#6329,#6352,#6373,#6374));
#6329 = ORIENTED_EDGE('',*,*,#6330,.F.);
#6330 = EDGE_CURVE('',#6331,#6282,#6333,.T.);
#6331 = VERTEX_POINT('',#6332);
#6332 = CARTESIAN_POINT('',(3.90625E-02,-97.4580078125,4.4));
#6333 = SURFACE_CURVE('',#6334,(#6338,#6345),.PCURVE_S1.);
#6334 = LINE('',#6335,#6336);
#6335 = CARTESIAN_POINT('',(3.90625E-02,-97.4580078125,4.4));
#6336 = VECTOR('',#6337,1.);
#6337 = DIRECTION('',(1.,0.,0.));
#6338 = PCURVE('',#1043,#6339);
#6339 = DEFINITIONAL_REPRESENTATION('',(#6340),#6344);
#6340 = LINE('',#6341,#6342);
#6341 = CARTESIAN_POINT('',(0.,0.));
#6342 = VECTOR('',#6343,1.);
#6343 = DIRECTION('',(1.,0.));
#6344 = ( GEOMETRIC_REPRESENTATION_CONTEXT(2) 
PARAMETRIC_REPRESENTATION_CONTEXT() REPRESENTATION_CONTEXT('2D SPACE',''
  ) );
#6345 = PCURVE('',#6223,#6346);
#6346 = DEFINITIONAL_REPRESENTATION('',(#6347),#6351);
#6347 = LINE('',#6348,#6349);
#6348 = CARTESIAN_POINT('',(0.373046875,2.86328125));
#6349 = VECTOR('',#6350,1.);
#6350 = DIRECTION('',(1.,0.));
#6351 = ( GEOMETRIC_REPRESENTATION_CONTEXT(2) 
PARAMETRIC_REPRESENTATION_CONTEXT() REPRESENTATION_CONTEXT('2D SPACE',''
  ) );
#6352 = ORIENTED_EDGE('',*,*,#6353,.T.);
#6353 = EDGE_CURVE('',#6331,#1003,#6354,.T.);
#6354 = SURFACE_CURVE('',#6355,(#6359,#6366),.PCURVE_S1.);
#6355 = LINE('',#6356,#6357);
#6356 = CARTESIAN_POINT('',(3.90625E-02,-97.4580078125,4.4));
#6357 = VECTOR('',#6358,1.);
#6358 = DIRECTION('',(0.,0.,1.));
#6359 = PCURVE('',#1043,#6360);
#6360 = DEFINITIONAL_REPRESENTATION('',(#6361),#6365);
#6361 = LINE('',#6362,#6363);
#6362 = CARTESIAN_POINT('',(0.,0.));
#6363 = VECTOR('',#6364,1.);
#6364 = DIRECTION('',(0.,-1.));
#6365 = ( GEOMETRIC_REPRESENTATION_CONTEXT(2) 
PARAMETRIC_REPRESENTATION_CONTEXT() REPRESENTATION_CONTEXT('2D SPACE',''
  ) );
#6366 = PCURVE('',#1017,#6367);
#6367 = DEFINITIONAL_REPRESENTATION('',(#6368),#6372);
#6368 = LINE('',#6369,#6370);
#6369 = CARTESIAN_POINT('',(2.86328125,0.));
#6370 = VECTOR('',#6371,1.);
#6371 = DIRECTION('',(0.,-1.));
#6372 = ( GEOMETRIC_REPRESENTATION_CONTEXT(2) 
PARAMETRIC_REPRESENTATION_CONTEXT() REPRESENTATION_CONTEXT('2D SPACE',''
  ) );
#6373 = ORIENTED_EDGE('',*,*,#1028,.F.);
#6374 = ORIENTED_EDGE('',*,*,#6304,.F.);
#6375 = ADVANCED_FACE('',(#6376),#1017,.F.);
#6376 = FACE_BOUND('',#6377,.F.);
#6377 = EDGE_LOOP('',(#6378,#6399,#6400,#6401));
#6378 = ORIENTED_EDGE('',*,*,#6379,.F.);
#6379 = EDGE_CURVE('',#6208,#6331,#6380,.T.);
#6380 = SURFACE_CURVE('',#6381,(#6385,#6392),.PCURVE_S1.);
#6381 = LINE('',#6382,#6383);
#6382 = CARTESIAN_POINT('',(3.90625E-02,-100.3212890625,4.4));
#6383 = VECTOR('',#6384,1.);
#6384 = DIRECTION('',(0.,1.,0.));
#6385 = PCURVE('',#1017,#6386);
#6386 = DEFINITIONAL_REPRESENTATION('',(#6387),#6391);
#6387 = LINE('',#6388,#6389);
#6388 = CARTESIAN_POINT('',(0.,0.));
#6389 = VECTOR('',#6390,1.);
#6390 = DIRECTION('',(1.,0.));
#6391 = ( GEOMETRIC_REPRESENTATION_CONTEXT(2) 
PARAMETRIC_REPRESENTATION_CONTEXT() REPRESENTATION_CONTEXT('2D SPACE',''
  ) );
#6392 = PCURVE('',#6223,#6393);
#6393 = DEFINITIONAL_REPRESENTATION('',(#6394),#6398);
#6394 = LINE('',#6395,#6396);
#6395 = CARTESIAN_POINT('',(0.373046875,0.));
#6396 = VECTOR('',#6397,1.);
#6397 = DIRECTION('',(0.,1.));
#6398 = ( GEOMETRIC_REPRESENTATION_CONTEXT(2) 
PARAMETRIC_REPRESENTATION_CONTEXT() REPRESENTATION_CONTEXT('2D SPACE',''
  ) );
#6399 = ORIENTED_EDGE('',*,*,#6257,.T.);
#6400 = ORIENTED_EDGE('',*,*,#1002,.F.);
#6401 = ORIENTED_EDGE('',*,*,#6353,.F.);
#6402 = ADVANCED_FACE('',(#6403),#1097,.F.);
#6403 = FACE_BOUND('',#6404,.F.);
#6404 = EDGE_LOOP('',(#6405,#6435,#6456,#6457));
#6405 = ORIENTED_EDGE('',*,*,#6406,.F.);
#6406 = EDGE_CURVE('',#6407,#6409,#6411,.T.);
#6407 = VERTEX_POINT('',#6408);
#6408 = CARTESIAN_POINT('',(1.4453125,-100.3212890625,4.4));
#6409 = VERTEX_POINT('',#6410);
#6410 = CARTESIAN_POINT('',(1.08203125,-100.3212890625,4.4));
#6411 = SURFACE_CURVE('',#6412,(#6416,#6423),.PCURVE_S1.);
#6412 = LINE('',#6413,#6414);
#6413 = CARTESIAN_POINT('',(1.4453125,-100.3212890625,4.4));
#6414 = VECTOR('',#6415,1.);
#6415 = DIRECTION('',(-1.,0.,0.));
#6416 = PCURVE('',#1097,#6417);
#6417 = DEFINITIONAL_REPRESENTATION('',(#6418),#6422);
#6418 = LINE('',#6419,#6420);
#6419 = CARTESIAN_POINT('',(0.,-0.));
#6420 = VECTOR('',#6421,1.);
#6421 = DIRECTION('',(1.,0.));
#6422 = ( GEOMETRIC_REPRESENTATION_CONTEXT(2) 
PARAMETRIC_REPRESENTATION_CONTEXT() REPRESENTATION_CONTEXT('2D SPACE',''
  ) );
#6423 = PCURVE('',#6424,#6429);
#6424 = PLANE('',#6425);
#6425 = AXIS2_PLACEMENT_3D('',#6426,#6427,#6428);
#6426 = CARTESIAN_POINT('',(0.77734375,-100.3212890625,4.4));
#6427 = DIRECTION('',(0.,0.,1.));
#6428 = DIRECTION('',(1.,0.,0.));
#6429 = DEFINITIONAL_REPRESENTATION('',(#6430),#6434);
#6430 = LINE('',#6431,#6432);
#6431 = CARTESIAN_POINT('',(0.66796875,0.));
#6432 = VECTOR('',#6433,1.);
#6433 = DIRECTION('',(-1.,0.));
#6434 = ( GEOMETRIC_REPRESENTATION_CONTEXT(2) 
PARAMETRIC_REPRESENTATION_CONTEXT() REPRESENTATION_CONTEXT('2D SPACE',''
  ) );
#6435 = ORIENTED_EDGE('',*,*,#6436,.T.);
#6436 = EDGE_CURVE('',#6407,#1083,#6437,.T.);
#6437 = SURFACE_CURVE('',#6438,(#6442,#6449),.PCURVE_S1.);
#6438 = LINE('',#6439,#6440);
#6439 = CARTESIAN_POINT('',(1.4453125,-100.3212890625,4.4));
#6440 = VECTOR('',#6441,1.);
#6441 = DIRECTION('',(0.,0.,1.));
#6442 = PCURVE('',#1097,#6443);
#6443 = DEFINITIONAL_REPRESENTATION('',(#6444),#6448);
#6444 = LINE('',#6445,#6446);
#6445 = CARTESIAN_POINT('',(0.,-0.));
#6446 = VECTOR('',#6447,1.);
#6447 = DIRECTION('',(0.,-1.));
#6448 = ( GEOMETRIC_REPRESENTATION_CONTEXT(2) 
PARAMETRIC_REPRESENTATION_CONTEXT() REPRESENTATION_CONTEXT('2D SPACE',''
  ) );
#6449 = PCURVE('',#1329,#6450);
#6450 = DEFINITIONAL_REPRESENTATION('',(#6451),#6455);
#6451 = LINE('',#6452,#6453);
#6452 = CARTESIAN_POINT('',(2.25,0.));
#6453 = VECTOR('',#6454,1.);
#6454 = DIRECTION('',(0.,-1.));
#6455 = ( GEOMETRIC_REPRESENTATION_CONTEXT(2) 
PARAMETRIC_REPRESENTATION_CONTEXT() REPRESENTATION_CONTEXT('2D SPACE',''
  ) );
#6456 = ORIENTED_EDGE('',*,*,#1080,.F.);
#6457 = ORIENTED_EDGE('',*,*,#6458,.F.);
#6458 = EDGE_CURVE('',#6409,#1081,#6459,.T.);
#6459 = SURFACE_CURVE('',#6460,(#6464,#6471),.PCURVE_S1.);
#6460 = LINE('',#6461,#6462);
#6461 = CARTESIAN_POINT('',(1.08203125,-100.3212890625,4.4));
#6462 = VECTOR('',#6463,1.);
#6463 = DIRECTION('',(0.,0.,1.));
#6464 = PCURVE('',#1097,#6465);
#6465 = DEFINITIONAL_REPRESENTATION('',(#6466),#6470);
#6466 = LINE('',#6467,#6468);
#6467 = CARTESIAN_POINT('',(0.36328125,0.));
#6468 = VECTOR('',#6469,1.);
#6469 = DIRECTION('',(0.,-1.));
#6470 = ( GEOMETRIC_REPRESENTATION_CONTEXT(2) 
PARAMETRIC_REPRESENTATION_CONTEXT() REPRESENTATION_CONTEXT('2D SPACE',''
  ) );
#6471 = PCURVE('',#1123,#6472);
#6472 = DEFINITIONAL_REPRESENTATION('',(#6473),#6477);
#6473 = LINE('',#6474,#6475);
#6474 = CARTESIAN_POINT('',(0.,0.));
#6475 = VECTOR('',#6476,1.);
#6476 = DIRECTION('',(0.,-1.));
#6477 = ( GEOMETRIC_REPRESENTATION_CONTEXT(2) 
PARAMETRIC_REPRESENTATION_CONTEXT() REPRESENTATION_CONTEXT('2D SPACE',''
  ) );
#6478 = ADVANCED_FACE('',(#6479),#1329,.F.);
#6479 = FACE_BOUND('',#6480,.F.);
#6480 = EDGE_LOOP('',(#6481,#6504,#6525,#6526));
#6481 = ORIENTED_EDGE('',*,*,#6482,.F.);
#6482 = EDGE_CURVE('',#6483,#6407,#6485,.T.);
#6483 = VERTEX_POINT('',#6484);
#6484 = CARTESIAN_POINT('',(1.4453125,-98.0712890625,4.4));
#6485 = SURFACE_CURVE('',#6486,(#6490,#6497),.PCURVE_S1.);
#6486 = LINE('',#6487,#6488);
#6487 = CARTESIAN_POINT('',(1.4453125,-98.0712890625,4.4));
#6488 = VECTOR('',#6489,1.);
#6489 = DIRECTION('',(0.,-1.,0.));
#6490 = PCURVE('',#1329,#6491);
#6491 = DEFINITIONAL_REPRESENTATION('',(#6492),#6496);
#6492 = LINE('',#6493,#6494);
#6493 = CARTESIAN_POINT('',(0.,0.));
#6494 = VECTOR('',#6495,1.);
#6495 = DIRECTION('',(1.,0.));
#6496 = ( GEOMETRIC_REPRESENTATION_CONTEXT(2) 
PARAMETRIC_REPRESENTATION_CONTEXT() REPRESENTATION_CONTEXT('2D SPACE',''
  ) );
#6497 = PCURVE('',#6424,#6498);
#6498 = DEFINITIONAL_REPRESENTATION('',(#6499),#6503);
#6499 = LINE('',#6500,#6501);
#6500 = CARTESIAN_POINT('',(0.66796875,2.25));
#6501 = VECTOR('',#6502,1.);
#6502 = DIRECTION('',(0.,-1.));
#6503 = ( GEOMETRIC_REPRESENTATION_CONTEXT(2) 
PARAMETRIC_REPRESENTATION_CONTEXT() REPRESENTATION_CONTEXT('2D SPACE',''
  ) );
#6504 = ORIENTED_EDGE('',*,*,#6505,.T.);
#6505 = EDGE_CURVE('',#6483,#1291,#6506,.T.);
#6506 = SURFACE_CURVE('',#6507,(#6511,#6518),.PCURVE_S1.);
#6507 = LINE('',#6508,#6509);
#6508 = CARTESIAN_POINT('',(1.4453125,-98.0712890625,4.4));
#6509 = VECTOR('',#6510,1.);
#6510 = DIRECTION('',(0.,0.,1.));
#6511 = PCURVE('',#1329,#6512);
#6512 = DEFINITIONAL_REPRESENTATION('',(#6513),#6517);
#6513 = LINE('',#6514,#6515);
#6514 = CARTESIAN_POINT('',(0.,0.));
#6515 = VECTOR('',#6516,1.);
#6516 = DIRECTION('',(0.,-1.));
#6517 = ( GEOMETRIC_REPRESENTATION_CONTEXT(2) 
PARAMETRIC_REPRESENTATION_CONTEXT() REPRESENTATION_CONTEXT('2D SPACE',''
  ) );
#6518 = PCURVE('',#1305,#6519);
#6519 = DEFINITIONAL_REPRESENTATION('',(#6520),#6524);
#6520 = LINE('',#6521,#6522);
#6521 = CARTESIAN_POINT('',(2.706332205918,0.));
#6522 = VECTOR('',#6523,1.);
#6523 = DIRECTION('',(0.,-1.));
#6524 = ( GEOMETRIC_REPRESENTATION_CONTEXT(2) 
PARAMETRIC_REPRESENTATION_CONTEXT() REPRESENTATION_CONTEXT('2D SPACE',''
  ) );
#6525 = ORIENTED_EDGE('',*,*,#1316,.F.);
#6526 = ORIENTED_EDGE('',*,*,#6436,.F.);
#6527 = ADVANCED_FACE('',(#6528),#1305,.F.);
#6528 = FACE_BOUND('',#6529,.F.);
#6529 = EDGE_LOOP('',(#6530,#6553,#6574,#6575));
#6530 = ORIENTED_EDGE('',*,*,#6531,.F.);
#6531 = EDGE_CURVE('',#6532,#6483,#6534,.T.);
#6532 = VERTEX_POINT('',#6533);
#6533 = CARTESIAN_POINT('',(2.94921875,-100.3212890625,4.4));
#6534 = SURFACE_CURVE('',#6535,(#6539,#6546),.PCURVE_S1.);
#6535 = LINE('',#6536,#6537);
#6536 = CARTESIAN_POINT('',(2.94921875,-100.3212890625,4.4));
#6537 = VECTOR('',#6538,1.);
#6538 = DIRECTION('',(-0.555699055242,0.831383521609,0.));
#6539 = PCURVE('',#1305,#6540);
#6540 = DEFINITIONAL_REPRESENTATION('',(#6541),#6545);
#6541 = LINE('',#6542,#6543);
#6542 = CARTESIAN_POINT('',(0.,0.));
#6543 = VECTOR('',#6544,1.);
#6544 = DIRECTION('',(1.,0.));
#6545 = ( GEOMETRIC_REPRESENTATION_CONTEXT(2) 
PARAMETRIC_REPRESENTATION_CONTEXT() REPRESENTATION_CONTEXT('2D SPACE',''
  ) );
#6546 = PCURVE('',#6424,#6547);
#6547 = DEFINITIONAL_REPRESENTATION('',(#6548),#6552);
#6548 = LINE('',#6549,#6550);
#6549 = CARTESIAN_POINT('',(2.171875,0.));
#6550 = VECTOR('',#6551,1.);
#6551 = DIRECTION('',(-0.555699055242,0.831383521609));
#6552 = ( GEOMETRIC_REPRESENTATION_CONTEXT(2) 
PARAMETRIC_REPRESENTATION_CONTEXT() REPRESENTATION_CONTEXT('2D SPACE',''
  ) );
#6553 = ORIENTED_EDGE('',*,*,#6554,.T.);
#6554 = EDGE_CURVE('',#6532,#1265,#6555,.T.);
#6555 = SURFACE_CURVE('',#6556,(#6560,#6567),.PCURVE_S1.);
#6556 = LINE('',#6557,#6558);
#6557 = CARTESIAN_POINT('',(2.94921875,-100.3212890625,4.4));
#6558 = VECTOR('',#6559,1.);
#6559 = DIRECTION('',(0.,0.,1.));
#6560 = PCURVE('',#1305,#6561);
#6561 = DEFINITIONAL_REPRESENTATION('',(#6562),#6566);
#6562 = LINE('',#6563,#6564);
#6563 = CARTESIAN_POINT('',(0.,0.));
#6564 = VECTOR('',#6565,1.);
#6565 = DIRECTION('',(0.,-1.));
#6566 = ( GEOMETRIC_REPRESENTATION_CONTEXT(2) 
PARAMETRIC_REPRESENTATION_CONTEXT() REPRESENTATION_CONTEXT('2D SPACE',''
  ) );
#6567 = PCURVE('',#1279,#6568);
#6568 = DEFINITIONAL_REPRESENTATION('',(#6569),#6573);
#6569 = LINE('',#6570,#6571);
#6570 = CARTESIAN_POINT('',(0.388671875,0.));
#6571 = VECTOR('',#6572,1.);
#6572 = DIRECTION('',(0.,-1.));
#6573 = ( GEOMETRIC_REPRESENTATION_CONTEXT(2) 
PARAMETRIC_REPRESENTATION_CONTEXT() REPRESENTATION_CONTEXT('2D SPACE',''
  ) );
#6574 = ORIENTED_EDGE('',*,*,#1290,.F.);
#6575 = ORIENTED_EDGE('',*,*,#6505,.F.);
#6576 = ADVANCED_FACE('',(#6577),#1279,.F.);
#6577 = FACE_BOUND('',#6578,.F.);
#6578 = EDGE_LOOP('',(#6579,#6602,#6623,#6624));
#6579 = ORIENTED_EDGE('',*,*,#6580,.F.);
#6580 = EDGE_CURVE('',#6581,#6532,#6583,.T.);
#6581 = VERTEX_POINT('',#6582);
#6582 = CARTESIAN_POINT('',(3.337890625,-100.3212890625,4.4));
#6583 = SURFACE_CURVE('',#6584,(#6588,#6595),.PCURVE_S1.);
#6584 = LINE('',#6585,#6586);
#6585 = CARTESIAN_POINT('',(3.337890625,-100.3212890625,4.4));
#6586 = VECTOR('',#6587,1.);
#6587 = DIRECTION('',(-1.,0.,0.));
#6588 = PCURVE('',#1279,#6589);
#6589 = DEFINITIONAL_REPRESENTATION('',(#6590),#6594);
#6590 = LINE('',#6591,#6592);
#6591 = CARTESIAN_POINT('',(0.,-0.));
#6592 = VECTOR('',#6593,1.);
#6593 = DIRECTION('',(1.,0.));
#6594 = ( GEOMETRIC_REPRESENTATION_CONTEXT(2) 
PARAMETRIC_REPRESENTATION_CONTEXT() REPRESENTATION_CONTEXT('2D SPACE',''
  ) );
#6595 = PCURVE('',#6424,#6596);
#6596 = DEFINITIONAL_REPRESENTATION('',(#6597),#6601);
#6597 = LINE('',#6598,#6599);
#6598 = CARTESIAN_POINT('',(2.560546875,0.));
#6599 = VECTOR('',#6600,1.);
#6600 = DIRECTION('',(-1.,0.));
#6601 = ( GEOMETRIC_REPRESENTATION_CONTEXT(2) 
PARAMETRIC_REPRESENTATION_CONTEXT() REPRESENTATION_CONTEXT('2D SPACE',''
  ) );
#6602 = ORIENTED_EDGE('',*,*,#6603,.T.);
#6603 = EDGE_CURVE('',#6581,#1239,#6604,.T.);
#6604 = SURFACE_CURVE('',#6605,(#6609,#6616),.PCURVE_S1.);
#6605 = LINE('',#6606,#6607);
#6606 = CARTESIAN_POINT('',(3.337890625,-100.3212890625,4.4));
#6607 = VECTOR('',#6608,1.);
#6608 = DIRECTION('',(0.,0.,1.));
#6609 = PCURVE('',#1279,#6610);
#6610 = DEFINITIONAL_REPRESENTATION('',(#6611),#6615);
#6611 = LINE('',#6612,#6613);
#6612 = CARTESIAN_POINT('',(0.,-0.));
#6613 = VECTOR('',#6614,1.);
#6614 = DIRECTION('',(0.,-1.));
#6615 = ( GEOMETRIC_REPRESENTATION_CONTEXT(2) 
PARAMETRIC_REPRESENTATION_CONTEXT() REPRESENTATION_CONTEXT('2D SPACE',''
  ) );
#6616 = PCURVE('',#1253,#6617);
#6617 = DEFINITIONAL_REPRESENTATION('',(#6618),#6622);
#6618 = LINE('',#6619,#6620);
#6619 = CARTESIAN_POINT('',(2.86328125,0.));
#6620 = VECTOR('',#6621,1.);
#6621 = DIRECTION('',(0.,-1.));
#6622 = ( GEOMETRIC_REPRESENTATION_CONTEXT(2) 
PARAMETRIC_REPRESENTATION_CONTEXT() REPRESENTATION_CONTEXT('2D SPACE',''
  ) );
#6623 = ORIENTED_EDGE('',*,*,#1264,.F.);
#6624 = ORIENTED_EDGE('',*,*,#6554,.F.);
#6625 = ADVANCED_FACE('',(#6626),#1253,.F.);
#6626 = FACE_BOUND('',#6627,.F.);
#6627 = EDGE_LOOP('',(#6628,#6651,#6672,#6673));
#6628 = ORIENTED_EDGE('',*,*,#6629,.F.);
#6629 = EDGE_CURVE('',#6630,#6581,#6632,.T.);
#6630 = VERTEX_POINT('',#6631);
#6631 = CARTESIAN_POINT('',(3.337890625,-97.4580078125,4.4));
#6632 = SURFACE_CURVE('',#6633,(#6637,#6644),.PCURVE_S1.);
#6633 = LINE('',#6634,#6635);
#6634 = CARTESIAN_POINT('',(3.337890625,-97.4580078125,4.4));
#6635 = VECTOR('',#6636,1.);
#6636 = DIRECTION('',(0.,-1.,0.));
#6637 = PCURVE('',#1253,#6638);
#6638 = DEFINITIONAL_REPRESENTATION('',(#6639),#6643);
#6639 = LINE('',#6640,#6641);
#6640 = CARTESIAN_POINT('',(0.,0.));
#6641 = VECTOR('',#6642,1.);
#6642 = DIRECTION('',(1.,0.));
#6643 = ( GEOMETRIC_REPRESENTATION_CONTEXT(2) 
PARAMETRIC_REPRESENTATION_CONTEXT() REPRESENTATION_CONTEXT('2D SPACE',''
  ) );
#6644 = PCURVE('',#6424,#6645);
#6645 = DEFINITIONAL_REPRESENTATION('',(#6646),#6650);
#6646 = LINE('',#6647,#6648);
#6647 = CARTESIAN_POINT('',(2.560546875,2.86328125));
#6648 = VECTOR('',#6649,1.);
#6649 = DIRECTION('',(0.,-1.));
#6650 = ( GEOMETRIC_REPRESENTATION_CONTEXT(2) 
PARAMETRIC_REPRESENTATION_CONTEXT() REPRESENTATION_CONTEXT('2D SPACE',''
  ) );
#6651 = ORIENTED_EDGE('',*,*,#6652,.T.);
#6652 = EDGE_CURVE('',#6630,#1213,#6653,.T.);
#6653 = SURFACE_CURVE('',#6654,(#6658,#6665),.PCURVE_S1.);
#6654 = LINE('',#6655,#6656);
#6655 = CARTESIAN_POINT('',(3.337890625,-97.4580078125,4.4));
#6656 = VECTOR('',#6657,1.);
#6657 = DIRECTION('',(0.,0.,1.));
#6658 = PCURVE('',#1253,#6659);
#6659 = DEFINITIONAL_REPRESENTATION('',(#6660),#6664);
#6660 = LINE('',#6661,#6662);
#6661 = CARTESIAN_POINT('',(0.,0.));
#6662 = VECTOR('',#6663,1.);
#6663 = DIRECTION('',(0.,-1.));
#6664 = ( GEOMETRIC_REPRESENTATION_CONTEXT(2) 
PARAMETRIC_REPRESENTATION_CONTEXT() REPRESENTATION_CONTEXT('2D SPACE',''
  ) );
#6665 = PCURVE('',#1227,#6666);
#6666 = DEFINITIONAL_REPRESENTATION('',(#6667),#6671);
#6667 = LINE('',#6668,#6669);
#6668 = CARTESIAN_POINT('',(0.36328125,0.));
#6669 = VECTOR('',#6670,1.);
#6670 = DIRECTION('',(0.,-1.));
#6671 = ( GEOMETRIC_REPRESENTATION_CONTEXT(2) 
PARAMETRIC_REPRESENTATION_CONTEXT() REPRESENTATION_CONTEXT('2D SPACE',''
  ) );
#6672 = ORIENTED_EDGE('',*,*,#1238,.F.);
#6673 = ORIENTED_EDGE('',*,*,#6603,.F.);
#6674 = ADVANCED_FACE('',(#6675),#1227,.F.);
#6675 = FACE_BOUND('',#6676,.F.);
#6676 = EDGE_LOOP('',(#6677,#6700,#6721,#6722));
#6677 = ORIENTED_EDGE('',*,*,#6678,.F.);
#6678 = EDGE_CURVE('',#6679,#6630,#6681,.T.);
#6679 = VERTEX_POINT('',#6680);
#6680 = CARTESIAN_POINT('',(2.974609375,-97.4580078125,4.4));
#6681 = SURFACE_CURVE('',#6682,(#6686,#6693),.PCURVE_S1.);
#6682 = LINE('',#6683,#6684);
#6683 = CARTESIAN_POINT('',(2.974609375,-97.4580078125,4.4));
#6684 = VECTOR('',#6685,1.);
#6685 = DIRECTION('',(1.,0.,0.));
#6686 = PCURVE('',#1227,#6687);
#6687 = DEFINITIONAL_REPRESENTATION('',(#6688),#6692);
#6688 = LINE('',#6689,#6690);
#6689 = CARTESIAN_POINT('',(0.,0.));
#6690 = VECTOR('',#6691,1.);
#6691 = DIRECTION('',(1.,0.));
#6692 = ( GEOMETRIC_REPRESENTATION_CONTEXT(2) 
PARAMETRIC_REPRESENTATION_CONTEXT() REPRESENTATION_CONTEXT('2D SPACE',''
  ) );
#6693 = PCURVE('',#6424,#6694);
#6694 = DEFINITIONAL_REPRESENTATION('',(#6695),#6699);
#6695 = LINE('',#6696,#6697);
#6696 = CARTESIAN_POINT('',(2.197265625,2.86328125));
#6697 = VECTOR('',#6698,1.);
#6698 = DIRECTION('',(1.,0.));
#6699 = ( GEOMETRIC_REPRESENTATION_CONTEXT(2) 
PARAMETRIC_REPRESENTATION_CONTEXT() REPRESENTATION_CONTEXT('2D SPACE',''
  ) );
#6700 = ORIENTED_EDGE('',*,*,#6701,.T.);
#6701 = EDGE_CURVE('',#6679,#1187,#6702,.T.);
#6702 = SURFACE_CURVE('',#6703,(#6707,#6714),.PCURVE_S1.);
#6703 = LINE('',#6704,#6705);
#6704 = CARTESIAN_POINT('',(2.974609375,-97.4580078125,4.4));
#6705 = VECTOR('',#6706,1.);
#6706 = DIRECTION('',(0.,0.,1.));
#6707 = PCURVE('',#1227,#6708);
#6708 = DEFINITIONAL_REPRESENTATION('',(#6709),#6713);
#6709 = LINE('',#6710,#6711);
#6710 = CARTESIAN_POINT('',(0.,0.));
#6711 = VECTOR('',#6712,1.);
#6712 = DIRECTION('',(0.,-1.));
#6713 = ( GEOMETRIC_REPRESENTATION_CONTEXT(2) 
PARAMETRIC_REPRESENTATION_CONTEXT() REPRESENTATION_CONTEXT('2D SPACE',''
  ) );
#6714 = PCURVE('',#1201,#6715);
#6715 = DEFINITIONAL_REPRESENTATION('',(#6716),#6720);
#6716 = LINE('',#6717,#6718);
#6717 = CARTESIAN_POINT('',(2.248046875,0.));
#6718 = VECTOR('',#6719,1.);
#6719 = DIRECTION('',(0.,-1.));
#6720 = ( GEOMETRIC_REPRESENTATION_CONTEXT(2) 
PARAMETRIC_REPRESENTATION_CONTEXT() REPRESENTATION_CONTEXT('2D SPACE',''
  ) );
#6721 = ORIENTED_EDGE('',*,*,#1212,.F.);
#6722 = ORIENTED_EDGE('',*,*,#6652,.F.);
#6723 = ADVANCED_FACE('',(#6724),#1201,.F.);
#6724 = FACE_BOUND('',#6725,.F.);
#6725 = EDGE_LOOP('',(#6726,#6749,#6770,#6771));
#6726 = ORIENTED_EDGE('',*,*,#6727,.F.);
#6727 = EDGE_CURVE('',#6728,#6679,#6730,.T.);
#6728 = VERTEX_POINT('',#6729);
#6729 = CARTESIAN_POINT('',(2.974609375,-99.7060546875,4.4));
#6730 = SURFACE_CURVE('',#6731,(#6735,#6742),.PCURVE_S1.);
#6731 = LINE('',#6732,#6733);
#6732 = CARTESIAN_POINT('',(2.974609375,-99.7060546875,4.4));
#6733 = VECTOR('',#6734,1.);
#6734 = DIRECTION('',(0.,1.,0.));
#6735 = PCURVE('',#1201,#6736);
#6736 = DEFINITIONAL_REPRESENTATION('',(#6737),#6741);
#6737 = LINE('',#6738,#6739);
#6738 = CARTESIAN_POINT('',(0.,0.));
#6739 = VECTOR('',#6740,1.);
#6740 = DIRECTION('',(1.,0.));
#6741 = ( GEOMETRIC_REPRESENTATION_CONTEXT(2) 
PARAMETRIC_REPRESENTATION_CONTEXT() REPRESENTATION_CONTEXT('2D SPACE',''
  ) );
#6742 = PCURVE('',#6424,#6743);
#6743 = DEFINITIONAL_REPRESENTATION('',(#6744),#6748);
#6744 = LINE('',#6745,#6746);
#6745 = CARTESIAN_POINT('',(2.197265625,0.615234375));
#6746 = VECTOR('',#6747,1.);
#6747 = DIRECTION('',(0.,1.));
#6748 = ( GEOMETRIC_REPRESENTATION_CONTEXT(2) 
PARAMETRIC_REPRESENTATION_CONTEXT() REPRESENTATION_CONTEXT('2D SPACE',''
  ) );
#6749 = ORIENTED_EDGE('',*,*,#6750,.T.);
#6750 = EDGE_CURVE('',#6728,#1161,#6751,.T.);
#6751 = SURFACE_CURVE('',#6752,(#6756,#6763),.PCURVE_S1.);
#6752 = LINE('',#6753,#6754);
#6753 = CARTESIAN_POINT('',(2.974609375,-99.7060546875,4.4));
#6754 = VECTOR('',#6755,1.);
#6755 = DIRECTION('',(0.,0.,1.));
#6756 = PCURVE('',#1201,#6757);
#6757 = DEFINITIONAL_REPRESENTATION('',(#6758),#6762);
#6758 = LINE('',#6759,#6760);
#6759 = CARTESIAN_POINT('',(-1.110223024625E-16,0.));
#6760 = VECTOR('',#6761,1.);
#6761 = DIRECTION('',(0.,-1.));
#6762 = ( GEOMETRIC_REPRESENTATION_CONTEXT(2) 
PARAMETRIC_REPRESENTATION_CONTEXT() REPRESENTATION_CONTEXT('2D SPACE',''
  ) );
#6763 = PCURVE('',#1175,#6764);
#6764 = DEFINITIONAL_REPRESENTATION('',(#6765),#6769);
#6765 = LINE('',#6766,#6767);
#6766 = CARTESIAN_POINT('',(2.704708627743,0.));
#6767 = VECTOR('',#6768,1.);
#6768 = DIRECTION('',(0.,-1.));
#6769 = ( GEOMETRIC_REPRESENTATION_CONTEXT(2) 
PARAMETRIC_REPRESENTATION_CONTEXT() REPRESENTATION_CONTEXT('2D SPACE',''
  ) );
#6770 = ORIENTED_EDGE('',*,*,#1186,.F.);
#6771 = ORIENTED_EDGE('',*,*,#6701,.F.);
#6772 = ADVANCED_FACE('',(#6773),#1175,.F.);
#6773 = FACE_BOUND('',#6774,.F.);
#6774 = EDGE_LOOP('',(#6775,#6798,#6819,#6820));
#6775 = ORIENTED_EDGE('',*,*,#6776,.F.);
#6776 = EDGE_CURVE('',#6777,#6728,#6779,.T.);
#6777 = VERTEX_POINT('',#6778);
#6778 = CARTESIAN_POINT('',(1.470703125,-97.4580078125,4.4));
#6779 = SURFACE_CURVE('',#6780,(#6784,#6791),.PCURVE_S1.);
#6780 = LINE('',#6781,#6782);
#6781 = CARTESIAN_POINT('',(1.470703125,-97.4580078125,4.4));
#6782 = VECTOR('',#6783,1.);
#6783 = DIRECTION('',(0.556032629383,-0.831160462884,0.));
#6784 = PCURVE('',#1175,#6785);
#6785 = DEFINITIONAL_REPRESENTATION('',(#6786),#6790);
#6786 = LINE('',#6787,#6788);
#6787 = CARTESIAN_POINT('',(0.,0.));
#6788 = VECTOR('',#6789,1.);
#6789 = DIRECTION('',(1.,0.));
#6790 = ( GEOMETRIC_REPRESENTATION_CONTEXT(2) 
PARAMETRIC_REPRESENTATION_CONTEXT() REPRESENTATION_CONTEXT('2D SPACE',''
  ) );
#6791 = PCURVE('',#6424,#6792);
#6792 = DEFINITIONAL_REPRESENTATION('',(#6793),#6797);
#6793 = LINE('',#6794,#6795);
#6794 = CARTESIAN_POINT('',(0.693359375,2.86328125));
#6795 = VECTOR('',#6796,1.);
#6796 = DIRECTION('',(0.556032629383,-0.831160462884));
#6797 = ( GEOMETRIC_REPRESENTATION_CONTEXT(2) 
PARAMETRIC_REPRESENTATION_CONTEXT() REPRESENTATION_CONTEXT('2D SPACE',''
  ) );
#6798 = ORIENTED_EDGE('',*,*,#6799,.T.);
#6799 = EDGE_CURVE('',#6777,#1135,#6800,.T.);
#6800 = SURFACE_CURVE('',#6801,(#6805,#6812),.PCURVE_S1.);
#6801 = LINE('',#6802,#6803);
#6802 = CARTESIAN_POINT('',(1.470703125,-97.4580078125,4.4));
#6803 = VECTOR('',#6804,1.);
#6804 = DIRECTION('',(0.,0.,1.));
#6805 = PCURVE('',#1175,#6806);
#6806 = DEFINITIONAL_REPRESENTATION('',(#6807),#6811);
#6807 = LINE('',#6808,#6809);
#6808 = CARTESIAN_POINT('',(0.,0.));
#6809 = VECTOR('',#6810,1.);
#6810 = DIRECTION('',(0.,-1.));
#6811 = ( GEOMETRIC_REPRESENTATION_CONTEXT(2) 
PARAMETRIC_REPRESENTATION_CONTEXT() REPRESENTATION_CONTEXT('2D SPACE',''
  ) );
#6812 = PCURVE('',#1149,#6813);
#6813 = DEFINITIONAL_REPRESENTATION('',(#6814),#6818);
#6814 = LINE('',#6815,#6816);
#6815 = CARTESIAN_POINT('',(0.388671875,0.));
#6816 = VECTOR('',#6817,1.);
#6817 = DIRECTION('',(0.,-1.));
#6818 = ( GEOMETRIC_REPRESENTATION_CONTEXT(2) 
PARAMETRIC_REPRESENTATION_CONTEXT() REPRESENTATION_CONTEXT('2D SPACE',''
  ) );
#6819 = ORIENTED_EDGE('',*,*,#1160,.F.);
#6820 = ORIENTED_EDGE('',*,*,#6750,.F.);
#6821 = ADVANCED_FACE('',(#6822),#1149,.F.);
#6822 = FACE_BOUND('',#6823,.F.);
#6823 = EDGE_LOOP('',(#6824,#6847,#6868,#6869));
#6824 = ORIENTED_EDGE('',*,*,#6825,.F.);
#6825 = EDGE_CURVE('',#6826,#6777,#6828,.T.);
#6826 = VERTEX_POINT('',#6827);
#6827 = CARTESIAN_POINT('',(1.08203125,-97.4580078125,4.4));
#6828 = SURFACE_CURVE('',#6829,(#6833,#6840),.PCURVE_S1.);
#6829 = LINE('',#6830,#6831);
#6830 = CARTESIAN_POINT('',(1.08203125,-97.4580078125,4.4));
#6831 = VECTOR('',#6832,1.);
#6832 = DIRECTION('',(1.,0.,0.));
#6833 = PCURVE('',#1149,#6834);
#6834 = DEFINITIONAL_REPRESENTATION('',(#6835),#6839);
#6835 = LINE('',#6836,#6837);
#6836 = CARTESIAN_POINT('',(0.,0.));
#6837 = VECTOR('',#6838,1.);
#6838 = DIRECTION('',(1.,0.));
#6839 = ( GEOMETRIC_REPRESENTATION_CONTEXT(2) 
PARAMETRIC_REPRESENTATION_CONTEXT() REPRESENTATION_CONTEXT('2D SPACE',''
  ) );
#6840 = PCURVE('',#6424,#6841);
#6841 = DEFINITIONAL_REPRESENTATION('',(#6842),#6846);
#6842 = LINE('',#6843,#6844);
#6843 = CARTESIAN_POINT('',(0.3046875,2.86328125));
#6844 = VECTOR('',#6845,1.);
#6845 = DIRECTION('',(1.,0.));
#6846 = ( GEOMETRIC_REPRESENTATION_CONTEXT(2) 
PARAMETRIC_REPRESENTATION_CONTEXT() REPRESENTATION_CONTEXT('2D SPACE',''
  ) );
#6847 = ORIENTED_EDGE('',*,*,#6848,.T.);
#6848 = EDGE_CURVE('',#6826,#1109,#6849,.T.);
#6849 = SURFACE_CURVE('',#6850,(#6854,#6861),.PCURVE_S1.);
#6850 = LINE('',#6851,#6852);
#6851 = CARTESIAN_POINT('',(1.08203125,-97.4580078125,4.4));
#6852 = VECTOR('',#6853,1.);
#6853 = DIRECTION('',(0.,0.,1.));
#6854 = PCURVE('',#1149,#6855);
#6855 = DEFINITIONAL_REPRESENTATION('',(#6856),#6860);
#6856 = LINE('',#6857,#6858);
#6857 = CARTESIAN_POINT('',(0.,0.));
#6858 = VECTOR('',#6859,1.);
#6859 = DIRECTION('',(0.,-1.));
#6860 = ( GEOMETRIC_REPRESENTATION_CONTEXT(2) 
PARAMETRIC_REPRESENTATION_CONTEXT() REPRESENTATION_CONTEXT('2D SPACE',''
  ) );
#6861 = PCURVE('',#1123,#6862);
#6862 = DEFINITIONAL_REPRESENTATION('',(#6863),#6867);
#6863 = LINE('',#6864,#6865);
#6864 = CARTESIAN_POINT('',(2.86328125,0.));
#6865 = VECTOR('',#6866,1.);
#6866 = DIRECTION('',(0.,-1.));
#6867 = ( GEOMETRIC_REPRESENTATION_CONTEXT(2) 
PARAMETRIC_REPRESENTATION_CONTEXT() REPRESENTATION_CONTEXT('2D SPACE',''
  ) );
#6868 = ORIENTED_EDGE('',*,*,#1134,.F.);
#6869 = ORIENTED_EDGE('',*,*,#6799,.F.);
#6870 = ADVANCED_FACE('',(#6871),#1123,.F.);
#6871 = FACE_BOUND('',#6872,.F.);
#6872 = EDGE_LOOP('',(#6873,#6894,#6895,#6896));
#6873 = ORIENTED_EDGE('',*,*,#6874,.F.);
#6874 = EDGE_CURVE('',#6409,#6826,#6875,.T.);
#6875 = SURFACE_CURVE('',#6876,(#6880,#6887),.PCURVE_S1.);
#6876 = LINE('',#6877,#6878);
#6877 = CARTESIAN_POINT('',(1.08203125,-100.3212890625,4.4));
#6878 = VECTOR('',#6879,1.);
#6879 = DIRECTION('',(0.,1.,0.));
#6880 = PCURVE('',#1123,#6881);
#6881 = DEFINITIONAL_REPRESENTATION('',(#6882),#6886);
#6882 = LINE('',#6883,#6884);
#6883 = CARTESIAN_POINT('',(0.,0.));
#6884 = VECTOR('',#6885,1.);
#6885 = DIRECTION('',(1.,0.));
#6886 = ( GEOMETRIC_REPRESENTATION_CONTEXT(2) 
PARAMETRIC_REPRESENTATION_CONTEXT() REPRESENTATION_CONTEXT('2D SPACE',''
  ) );
#6887 = PCURVE('',#6424,#6888);
#6888 = DEFINITIONAL_REPRESENTATION('',(#6889),#6893);
#6889 = LINE('',#6890,#6891);
#6890 = CARTESIAN_POINT('',(0.3046875,0.));
#6891 = VECTOR('',#6892,1.);
#6892 = DIRECTION('',(0.,1.));
#6893 = ( GEOMETRIC_REPRESENTATION_CONTEXT(2) 
PARAMETRIC_REPRESENTATION_CONTEXT() REPRESENTATION_CONTEXT('2D SPACE',''
  ) );
#6894 = ORIENTED_EDGE('',*,*,#6458,.T.);
#6895 = ORIENTED_EDGE('',*,*,#1108,.F.);
#6896 = ORIENTED_EDGE('',*,*,#6848,.F.);
#6897 = ADVANCED_FACE('',(#6898),#1359,.F.);
#6898 = FACE_BOUND('',#6899,.F.);
#6899 = EDGE_LOOP('',(#6900,#6930,#6951,#6952));
#6900 = ORIENTED_EDGE('',*,*,#6901,.F.);
#6901 = EDGE_CURVE('',#6902,#6904,#6906,.T.);
#6902 = VERTEX_POINT('',#6903);
#6903 = CARTESIAN_POINT('',(3.845703125,-99.4013671875,4.4));
#6904 = VERTEX_POINT('',#6905);
#6905 = CARTESIAN_POINT('',(4.203125,-99.3701171875,4.4));
#6906 = SURFACE_CURVE('',#6907,(#6911,#6918),.PCURVE_S1.);
#6907 = LINE('',#6908,#6909);
#6908 = CARTESIAN_POINT('',(3.845703125,-99.4013671875,4.4));
#6909 = VECTOR('',#6910,1.);
#6910 = DIRECTION('',(0.99619962403,8.70994206802E-02,0.));
#6911 = PCURVE('',#1359,#6912);
#6912 = DEFINITIONAL_REPRESENTATION('',(#6913),#6917);
#6913 = LINE('',#6914,#6915);
#6914 = CARTESIAN_POINT('',(0.,0.));
#6915 = VECTOR('',#6916,1.);
#6916 = DIRECTION('',(1.,0.));
#6917 = ( GEOMETRIC_REPRESENTATION_CONTEXT(2) 
PARAMETRIC_REPRESENTATION_CONTEXT() REPRESENTATION_CONTEXT('2D SPACE',''
  ) );
#6918 = PCURVE('',#6919,#6924);
#6919 = PLANE('',#6920);
#6920 = AXIS2_PLACEMENT_3D('',#6921,#6922,#6923);
#6921 = CARTESIAN_POINT('',(3.666015625,-100.3212890625,4.4));
#6922 = DIRECTION('',(0.,0.,1.));
#6923 = DIRECTION('',(1.,0.,0.));
#6924 = DEFINITIONAL_REPRESENTATION('',(#6925),#6929);
#6925 = LINE('',#6926,#6927);
#6926 = CARTESIAN_POINT('',(0.1796875,0.919921875));
#6927 = VECTOR('',#6928,1.);
#6928 = DIRECTION('',(0.99619962403,8.70994206802E-02));
#6929 = ( GEOMETRIC_REPRESENTATION_CONTEXT(2) 
PARAMETRIC_REPRESENTATION_CONTEXT() REPRESENTATION_CONTEXT('2D SPACE',''
  ) );
#6930 = ORIENTED_EDGE('',*,*,#6931,.T.);
#6931 = EDGE_CURVE('',#6902,#1345,#6932,.T.);
#6932 = SURFACE_CURVE('',#6933,(#6937,#6944),.PCURVE_S1.);
#6933 = LINE('',#6934,#6935);
#6934 = CARTESIAN_POINT('',(3.845703125,-99.4013671875,4.4));
#6935 = VECTOR('',#6936,1.);
#6936 = DIRECTION('',(0.,0.,1.));
#6937 = PCURVE('',#1359,#6938);
#6938 = DEFINITIONAL_REPRESENTATION('',(#6939),#6943);
#6939 = LINE('',#6940,#6941);
#6940 = CARTESIAN_POINT('',(0.,0.));
#6941 = VECTOR('',#6942,1.);
#6942 = DIRECTION('',(0.,-1.));
#6943 = ( GEOMETRIC_REPRESENTATION_CONTEXT(2) 
PARAMETRIC_REPRESENTATION_CONTEXT() REPRESENTATION_CONTEXT('2D SPACE',''
  ) );
#6944 = PCURVE('',#2855,#6945);
#6945 = DEFINITIONAL_REPRESENTATION('',(#6946),#6950);
#6946 = LINE('',#6947,#6948);
#6947 = CARTESIAN_POINT('',(1.,0.));
#6948 = VECTOR('',#6949,1.);
#6949 = DIRECTION('',(0.,-1.));
#6950 = ( GEOMETRIC_REPRESENTATION_CONTEXT(2) 
PARAMETRIC_REPRESENTATION_CONTEXT() REPRESENTATION_CONTEXT('2D SPACE',''
  ) );
#6951 = ORIENTED_EDGE('',*,*,#1342,.F.);
#6952 = ORIENTED_EDGE('',*,*,#6953,.F.);
#6953 = EDGE_CURVE('',#6904,#1343,#6954,.T.);
#6954 = SURFACE_CURVE('',#6955,(#6959,#6966),.PCURVE_S1.);
#6955 = LINE('',#6956,#6957);
#6956 = CARTESIAN_POINT('',(4.203125,-99.3701171875,4.4));
#6957 = VECTOR('',#6958,1.);
#6958 = DIRECTION('',(0.,0.,1.));
#6959 = PCURVE('',#1359,#6960);
#6960 = DEFINITIONAL_REPRESENTATION('',(#6961),#6965);
#6961 = LINE('',#6962,#6963);
#6962 = CARTESIAN_POINT('',(0.358785394391,0.));
#6963 = VECTOR('',#6964,1.);
#6964 = DIRECTION('',(0.,-1.));
#6965 = ( GEOMETRIC_REPRESENTATION_CONTEXT(2) 
PARAMETRIC_REPRESENTATION_CONTEXT() REPRESENTATION_CONTEXT('2D SPACE',''
  ) );
#6966 = PCURVE('',#1392,#6967);
#6967 = DEFINITIONAL_REPRESENTATION('',(#6968),#6972);
#6968 = LINE('',#6969,#6970);
#6969 = CARTESIAN_POINT('',(0.,0.));
#6970 = VECTOR('',#6971,1.);
#6971 = DIRECTION('',(0.,-1.));
#6972 = ( GEOMETRIC_REPRESENTATION_CONTEXT(2) 
PARAMETRIC_REPRESENTATION_CONTEXT() REPRESENTATION_CONTEXT('2D SPACE',''
  ) );
#6973 = ADVANCED_FACE('',(#6974),#2855,.F.);
#6974 = FACE_BOUND('',#6975,.F.);
#6975 = EDGE_LOOP('',(#6976,#6999,#7020,#7021));
#6976 = ORIENTED_EDGE('',*,*,#6977,.F.);
#6977 = EDGE_CURVE('',#6978,#6902,#6980,.T.);
#6978 = VERTEX_POINT('',#6979);
#6979 = CARTESIAN_POINT('',(4.0029296875,-99.916015625,4.4));
#6980 = SURFACE_CURVE('',#6981,(#6985,#6992),.PCURVE_S1.);
#6981 = B_SPLINE_CURVE_WITH_KNOTS('',2,(#6982,#6983,#6984),
  .UNSPECIFIED.,.F.,.F.,(3,3),(0.,1.),.PIECEWISE_BEZIER_KNOTS.);
#6982 = CARTESIAN_POINT('',(4.0029296875,-99.916015625,4.4));
#6983 = CARTESIAN_POINT('',(3.853515625,-99.6884765625,4.4));
#6984 = CARTESIAN_POINT('',(3.845703125,-99.4013671875,4.4));
#6985 = PCURVE('',#2855,#6986);
#6986 = DEFINITIONAL_REPRESENTATION('',(#6987),#6991);
#6987 = LINE('',#6988,#6989);
#6988 = CARTESIAN_POINT('',(0.,0.));
#6989 = VECTOR('',#6990,1.);
#6990 = DIRECTION('',(1.,0.));
#6991 = ( GEOMETRIC_REPRESENTATION_CONTEXT(2) 
PARAMETRIC_REPRESENTATION_CONTEXT() REPRESENTATION_CONTEXT('2D SPACE',''
  ) );
#6992 = PCURVE('',#6919,#6993);
#6993 = DEFINITIONAL_REPRESENTATION('',(#6994),#6998);
#6994 = B_SPLINE_CURVE_WITH_KNOTS('',2,(#6995,#6996,#6997),
  .UNSPECIFIED.,.F.,.F.,(3,3),(0.,1.),.PIECEWISE_BEZIER_KNOTS.);
#6995 = CARTESIAN_POINT('',(0.3369140625,0.4052734375));
#6996 = CARTESIAN_POINT('',(0.1875,0.6328125));
#6997 = CARTESIAN_POINT('',(0.1796875,0.919921875));
#6998 = ( GEOMETRIC_REPRESENTATION_CONTEXT(2) 
PARAMETRIC_REPRESENTATION_CONTEXT() REPRESENTATION_CONTEXT('2D SPACE',''
  ) );
#6999 = ORIENTED_EDGE('',*,*,#7000,.T.);
#7000 = EDGE_CURVE('',#6978,#2777,#7001,.T.);
#7001 = SURFACE_CURVE('',#7002,(#7006,#7013),.PCURVE_S1.);
#7002 = LINE('',#7003,#7004);
#7003 = CARTESIAN_POINT('',(4.0029296875,-99.916015625,4.4));
#7004 = VECTOR('',#7005,1.);
#7005 = DIRECTION('',(0.,0.,1.));
#7006 = PCURVE('',#2855,#7007);
#7007 = DEFINITIONAL_REPRESENTATION('',(#7008),#7012);
#7008 = LINE('',#7009,#7010);
#7009 = CARTESIAN_POINT('',(0.,0.));
#7010 = VECTOR('',#7011,1.);
#7011 = DIRECTION('',(0.,-1.));
#7012 = ( GEOMETRIC_REPRESENTATION_CONTEXT(2) 
PARAMETRIC_REPRESENTATION_CONTEXT() REPRESENTATION_CONTEXT('2D SPACE',''
  ) );
#7013 = PCURVE('',#2806,#7014);
#7014 = DEFINITIONAL_REPRESENTATION('',(#7015),#7019);
#7015 = LINE('',#7016,#7017);
#7016 = CARTESIAN_POINT('',(1.,0.));
#7017 = VECTOR('',#7018,1.);
#7018 = DIRECTION('',(0.,-1.));
#7019 = ( GEOMETRIC_REPRESENTATION_CONTEXT(2) 
PARAMETRIC_REPRESENTATION_CONTEXT() REPRESENTATION_CONTEXT('2D SPACE',''
  ) );
#7020 = ORIENTED_EDGE('',*,*,#2827,.F.);
#7021 = ORIENTED_EDGE('',*,*,#6931,.F.);
#7022 = ADVANCED_FACE('',(#7023),#2806,.F.);
#7023 = FACE_BOUND('',#7024,.F.);
#7024 = EDGE_LOOP('',(#7025,#7048,#7069,#7070));
#7025 = ORIENTED_EDGE('',*,*,#7026,.F.);
#7026 = EDGE_CURVE('',#7027,#6978,#7029,.T.);
#7027 = VERTEX_POINT('',#7028);
#7028 = CARTESIAN_POINT('',(4.4150390625,-100.2568359375,4.4));
#7029 = SURFACE_CURVE('',#7030,(#7034,#7041),.PCURVE_S1.);
#7030 = B_SPLINE_CURVE_WITH_KNOTS('',2,(#7031,#7032,#7033),
  .UNSPECIFIED.,.F.,.F.,(3,3),(0.,1.),.PIECEWISE_BEZIER_KNOTS.);
#7031 = CARTESIAN_POINT('',(4.4150390625,-100.2568359375,4.4));
#7032 = CARTESIAN_POINT('',(4.15234375,-100.1435546875,4.4));
#7033 = CARTESIAN_POINT('',(4.0029296875,-99.916015625,4.4));
#7034 = PCURVE('',#2806,#7035);
#7035 = DEFINITIONAL_REPRESENTATION('',(#7036),#7040);
#7036 = LINE('',#7037,#7038);
#7037 = CARTESIAN_POINT('',(0.,0.));
#7038 = VECTOR('',#7039,1.);
#7039 = DIRECTION('',(1.,0.));
#7040 = ( GEOMETRIC_REPRESENTATION_CONTEXT(2) 
PARAMETRIC_REPRESENTATION_CONTEXT() REPRESENTATION_CONTEXT('2D SPACE',''
  ) );
#7041 = PCURVE('',#6919,#7042);
#7042 = DEFINITIONAL_REPRESENTATION('',(#7043),#7047);
#7043 = B_SPLINE_CURVE_WITH_KNOTS('',2,(#7044,#7045,#7046),
  .UNSPECIFIED.,.F.,.F.,(3,3),(0.,1.),.PIECEWISE_BEZIER_KNOTS.);
#7044 = CARTESIAN_POINT('',(0.7490234375,6.4453125E-02));
#7045 = CARTESIAN_POINT('',(0.486328125,0.177734375));
#7046 = CARTESIAN_POINT('',(0.3369140625,0.4052734375));
#7047 = ( GEOMETRIC_REPRESENTATION_CONTEXT(2) 
PARAMETRIC_REPRESENTATION_CONTEXT() REPRESENTATION_CONTEXT('2D SPACE',''
  ) );
#7048 = ORIENTED_EDGE('',*,*,#7049,.T.);
#7049 = EDGE_CURVE('',#7027,#2735,#7050,.T.);
#7050 = SURFACE_CURVE('',#7051,(#7055,#7062),.PCURVE_S1.);
#7051 = LINE('',#7052,#7053);
#7052 = CARTESIAN_POINT('',(4.4150390625,-100.2568359375,4.4));
#7053 = VECTOR('',#7054,1.);
#7054 = DIRECTION('',(0.,0.,1.));
#7055 = PCURVE('',#2806,#7056);
#7056 = DEFINITIONAL_REPRESENTATION('',(#7057),#7061);
#7057 = LINE('',#7058,#7059);
#7058 = CARTESIAN_POINT('',(0.,0.));
#7059 = VECTOR('',#7060,1.);
#7060 = DIRECTION('',(0.,-1.));
#7061 = ( GEOMETRIC_REPRESENTATION_CONTEXT(2) 
PARAMETRIC_REPRESENTATION_CONTEXT() REPRESENTATION_CONTEXT('2D SPACE',''
  ) );
#7062 = PCURVE('',#2758,#7063);
#7063 = DEFINITIONAL_REPRESENTATION('',(#7064),#7068);
#7064 = LINE('',#7065,#7066);
#7065 = CARTESIAN_POINT('',(1.,0.));
#7066 = VECTOR('',#7067,1.);
#7067 = DIRECTION('',(0.,-1.));
#7068 = ( GEOMETRIC_REPRESENTATION_CONTEXT(2) 
PARAMETRIC_REPRESENTATION_CONTEXT() REPRESENTATION_CONTEXT('2D SPACE',''
  ) );
#7069 = ORIENTED_EDGE('',*,*,#2776,.F.);
#7070 = ORIENTED_EDGE('',*,*,#7000,.F.);
#7071 = ADVANCED_FACE('',(#7072),#2758,.F.);
#7072 = FACE_BOUND('',#7073,.F.);
#7073 = EDGE_LOOP('',(#7074,#7097,#7118,#7119));
#7074 = ORIENTED_EDGE('',*,*,#7075,.F.);
#7075 = EDGE_CURVE('',#7076,#7027,#7078,.T.);
#7076 = VERTEX_POINT('',#7077);
#7077 = CARTESIAN_POINT('',(5.06640625,-100.3701171875,4.4));
#7078 = SURFACE_CURVE('',#7079,(#7083,#7090),.PCURVE_S1.);
#7079 = B_SPLINE_CURVE_WITH_KNOTS('',2,(#7080,#7081,#7082),
  .UNSPECIFIED.,.F.,.F.,(3,3),(0.,1.),.PIECEWISE_BEZIER_KNOTS.);
#7080 = CARTESIAN_POINT('',(5.06640625,-100.3701171875,4.4));
#7081 = CARTESIAN_POINT('',(4.677734375,-100.3701171875,4.4));
#7082 = CARTESIAN_POINT('',(4.4150390625,-100.2568359375,4.4));
#7083 = PCURVE('',#2758,#7084);
#7084 = DEFINITIONAL_REPRESENTATION('',(#7085),#7089);
#7085 = LINE('',#7086,#7087);
#7086 = CARTESIAN_POINT('',(0.,0.));
#7087 = VECTOR('',#7088,1.);
#7088 = DIRECTION('',(1.,0.));
#7089 = ( GEOMETRIC_REPRESENTATION_CONTEXT(2) 
PARAMETRIC_REPRESENTATION_CONTEXT() REPRESENTATION_CONTEXT('2D SPACE',''
  ) );
#7090 = PCURVE('',#6919,#7091);
#7091 = DEFINITIONAL_REPRESENTATION('',(#7092),#7096);
#7092 = B_SPLINE_CURVE_WITH_KNOTS('',2,(#7093,#7094,#7095),
  .UNSPECIFIED.,.F.,.F.,(3,3),(0.,1.),.PIECEWISE_BEZIER_KNOTS.);
#7093 = CARTESIAN_POINT('',(1.400390625,-4.8828125E-02));
#7094 = CARTESIAN_POINT('',(1.01171875,-4.8828125E-02));
#7095 = CARTESIAN_POINT('',(0.7490234375,6.4453125E-02));
#7096 = ( GEOMETRIC_REPRESENTATION_CONTEXT(2) 
PARAMETRIC_REPRESENTATION_CONTEXT() REPRESENTATION_CONTEXT('2D SPACE',''
  ) );
#7097 = ORIENTED_EDGE('',*,*,#7098,.T.);
#7098 = EDGE_CURVE('',#7076,#2696,#7099,.T.);
#7099 = SURFACE_CURVE('',#7100,(#7104,#7111),.PCURVE_S1.);
#7100 = LINE('',#7101,#7102);
#7101 = CARTESIAN_POINT('',(5.06640625,-100.3701171875,4.4));
#7102 = VECTOR('',#7103,1.);
#7103 = DIRECTION('',(0.,0.,1.));
#7104 = PCURVE('',#2758,#7105);
#7105 = DEFINITIONAL_REPRESENTATION('',(#7106),#7110);
#7106 = LINE('',#7107,#7108);
#7107 = CARTESIAN_POINT('',(0.,0.));
#7108 = VECTOR('',#7109,1.);
#7109 = DIRECTION('',(0.,-1.));
#7110 = ( GEOMETRIC_REPRESENTATION_CONTEXT(2) 
PARAMETRIC_REPRESENTATION_CONTEXT() REPRESENTATION_CONTEXT('2D SPACE',''
  ) );
#7111 = PCURVE('',#2717,#7112);
#7112 = DEFINITIONAL_REPRESENTATION('',(#7113),#7117);
#7113 = LINE('',#7114,#7115);
#7114 = CARTESIAN_POINT('',(1.,0.));
#7115 = VECTOR('',#7116,1.);
#7116 = DIRECTION('',(0.,-1.));
#7117 = ( GEOMETRIC_REPRESENTATION_CONTEXT(2) 
PARAMETRIC_REPRESENTATION_CONTEXT() REPRESENTATION_CONTEXT('2D SPACE',''
  ) );
#7118 = ORIENTED_EDGE('',*,*,#2734,.F.);
#7119 = ORIENTED_EDGE('',*,*,#7049,.F.);
#7120 = ADVANCED_FACE('',(#7121),#2717,.F.);
#7121 = FACE_BOUND('',#7122,.F.);
#7122 = EDGE_LOOP('',(#7123,#7146,#7167,#7168));
#7123 = ORIENTED_EDGE('',*,*,#7124,.F.);
#7124 = EDGE_CURVE('',#7125,#7076,#7127,.T.);
#7125 = VERTEX_POINT('',#7126);
#7126 = CARTESIAN_POINT('',(5.6181640625,-100.2578125,4.4));
#7127 = SURFACE_CURVE('',#7128,(#7132,#7139),.PCURVE_S1.);
#7128 = B_SPLINE_CURVE_WITH_KNOTS('',2,(#7129,#7130,#7131),
  .UNSPECIFIED.,.F.,.F.,(3,3),(0.,1.),.PIECEWISE_BEZIER_KNOTS.);
#7129 = CARTESIAN_POINT('',(5.6181640625,-100.2578125,4.4));
#7130 = CARTESIAN_POINT('',(5.373046875,-100.3701171875,4.4));
#7131 = CARTESIAN_POINT('',(5.06640625,-100.3701171875,4.4));
#7132 = PCURVE('',#2717,#7133);
#7133 = DEFINITIONAL_REPRESENTATION('',(#7134),#7138);
#7134 = LINE('',#7135,#7136);
#7135 = CARTESIAN_POINT('',(0.,0.));
#7136 = VECTOR('',#7137,1.);
#7137 = DIRECTION('',(1.,0.));
#7138 = ( GEOMETRIC_REPRESENTATION_CONTEXT(2) 
PARAMETRIC_REPRESENTATION_CONTEXT() REPRESENTATION_CONTEXT('2D SPACE',''
  ) );
#7139 = PCURVE('',#6919,#7140);
#7140 = DEFINITIONAL_REPRESENTATION('',(#7141),#7145);
#7141 = B_SPLINE_CURVE_WITH_KNOTS('',2,(#7142,#7143,#7144),
  .UNSPECIFIED.,.F.,.F.,(3,3),(0.,1.),.PIECEWISE_BEZIER_KNOTS.);
#7142 = CARTESIAN_POINT('',(1.9521484375,6.34765625E-02));
#7143 = CARTESIAN_POINT('',(1.70703125,-4.8828125E-02));
#7144 = CARTESIAN_POINT('',(1.400390625,-4.8828125E-02));
#7145 = ( GEOMETRIC_REPRESENTATION_CONTEXT(2) 
PARAMETRIC_REPRESENTATION_CONTEXT() REPRESENTATION_CONTEXT('2D SPACE',''
  ) );
#7146 = ORIENTED_EDGE('',*,*,#7147,.T.);
#7147 = EDGE_CURVE('',#7125,#2645,#7148,.T.);
#7148 = SURFACE_CURVE('',#7149,(#7153,#7160),.PCURVE_S1.);
#7149 = LINE('',#7150,#7151);
#7150 = CARTESIAN_POINT('',(5.6181640625,-100.2578125,4.4));
#7151 = VECTOR('',#7152,1.);
#7152 = DIRECTION('',(0.,0.,1.));
#7153 = PCURVE('',#2717,#7154);
#7154 = DEFINITIONAL_REPRESENTATION('',(#7155),#7159);
#7155 = LINE('',#7156,#7157);
#7156 = CARTESIAN_POINT('',(0.,0.));
#7157 = VECTOR('',#7158,1.);
#7158 = DIRECTION('',(0.,-1.));
#7159 = ( GEOMETRIC_REPRESENTATION_CONTEXT(2) 
PARAMETRIC_REPRESENTATION_CONTEXT() REPRESENTATION_CONTEXT('2D SPACE',''
  ) );
#7160 = PCURVE('',#2674,#7161);
#7161 = DEFINITIONAL_REPRESENTATION('',(#7162),#7166);
#7162 = LINE('',#7163,#7164);
#7163 = CARTESIAN_POINT('',(1.,0.));
#7164 = VECTOR('',#7165,1.);
#7165 = DIRECTION('',(0.,-1.));
#7166 = ( GEOMETRIC_REPRESENTATION_CONTEXT(2) 
PARAMETRIC_REPRESENTATION_CONTEXT() REPRESENTATION_CONTEXT('2D SPACE',''
  ) );
#7167 = ORIENTED_EDGE('',*,*,#2695,.F.);
#7168 = ORIENTED_EDGE('',*,*,#7098,.F.);
#7169 = ADVANCED_FACE('',(#7170),#2674,.F.);
#7170 = FACE_BOUND('',#7171,.F.);
#7171 = EDGE_LOOP('',(#7172,#7195,#7216,#7217));
#7172 = ORIENTED_EDGE('',*,*,#7173,.F.);
#7173 = EDGE_CURVE('',#7174,#7125,#7176,.T.);
#7174 = VERTEX_POINT('',#7175);
#7175 = CARTESIAN_POINT('',(5.994140625,-99.943359375,4.4));
#7176 = SURFACE_CURVE('',#7177,(#7181,#7188),.PCURVE_S1.);
#7177 = B_SPLINE_CURVE_WITH_KNOTS('',2,(#7178,#7179,#7180),
  .UNSPECIFIED.,.F.,.F.,(3,3),(0.,1.),.PIECEWISE_BEZIER_KNOTS.);
#7178 = CARTESIAN_POINT('',(5.994140625,-99.943359375,4.4));
#7179 = CARTESIAN_POINT('',(5.86328125,-100.1455078125,4.4));
#7180 = CARTESIAN_POINT('',(5.6181640625,-100.2578125,4.4));
#7181 = PCURVE('',#2674,#7182);
#7182 = DEFINITIONAL_REPRESENTATION('',(#7183),#7187);
#7183 = LINE('',#7184,#7185);
#7184 = CARTESIAN_POINT('',(0.,0.));
#7185 = VECTOR('',#7186,1.);
#7186 = DIRECTION('',(1.,0.));
#7187 = ( GEOMETRIC_REPRESENTATION_CONTEXT(2) 
PARAMETRIC_REPRESENTATION_CONTEXT() REPRESENTATION_CONTEXT('2D SPACE',''
  ) );
#7188 = PCURVE('',#6919,#7189);
#7189 = DEFINITIONAL_REPRESENTATION('',(#7190),#7194);
#7190 = B_SPLINE_CURVE_WITH_KNOTS('',2,(#7191,#7192,#7193),
  .UNSPECIFIED.,.F.,.F.,(3,3),(0.,1.),.PIECEWISE_BEZIER_KNOTS.);
#7191 = CARTESIAN_POINT('',(2.328125,0.3779296875));
#7192 = CARTESIAN_POINT('',(2.197265625,0.17578125));
#7193 = CARTESIAN_POINT('',(1.9521484375,6.34765625E-02));
#7194 = ( GEOMETRIC_REPRESENTATION_CONTEXT(2) 
PARAMETRIC_REPRESENTATION_CONTEXT() REPRESENTATION_CONTEXT('2D SPACE',''
  ) );
#7195 = ORIENTED_EDGE('',*,*,#7196,.T.);
#7196 = EDGE_CURVE('',#7174,#2594,#7197,.T.);
#7197 = SURFACE_CURVE('',#7198,(#7202,#7209),.PCURVE_S1.);
#7198 = LINE('',#7199,#7200);
#7199 = CARTESIAN_POINT('',(5.994140625,-99.943359375,4.4));
#7200 = VECTOR('',#7201,1.);
#7201 = DIRECTION('',(0.,0.,1.));
#7202 = PCURVE('',#2674,#7203);
#7203 = DEFINITIONAL_REPRESENTATION('',(#7204),#7208);
#7204 = LINE('',#7205,#7206);
#7205 = CARTESIAN_POINT('',(0.,0.));
#7206 = VECTOR('',#7207,1.);
#7207 = DIRECTION('',(0.,-1.));
#7208 = ( GEOMETRIC_REPRESENTATION_CONTEXT(2) 
PARAMETRIC_REPRESENTATION_CONTEXT() REPRESENTATION_CONTEXT('2D SPACE',''
  ) );
#7209 = PCURVE('',#2623,#7210);
#7210 = DEFINITIONAL_REPRESENTATION('',(#7211),#7215);
#7211 = LINE('',#7212,#7213);
#7212 = CARTESIAN_POINT('',(1.,0.));
#7213 = VECTOR('',#7214,1.);
#7214 = DIRECTION('',(0.,-1.));
#7215 = ( GEOMETRIC_REPRESENTATION_CONTEXT(2) 
PARAMETRIC_REPRESENTATION_CONTEXT() REPRESENTATION_CONTEXT('2D SPACE',''
  ) );
#7216 = ORIENTED_EDGE('',*,*,#2644,.F.);
#7217 = ORIENTED_EDGE('',*,*,#7147,.F.);
#7218 = ADVANCED_FACE('',(#7219),#2623,.F.);
#7219 = FACE_BOUND('',#7220,.F.);
#7220 = EDGE_LOOP('',(#7221,#7244,#7265,#7266));
#7221 = ORIENTED_EDGE('',*,*,#7222,.F.);
#7222 = EDGE_CURVE('',#7223,#7174,#7225,.T.);
#7223 = VERTEX_POINT('',#7224);
#7224 = CARTESIAN_POINT('',(6.125,-99.5126953125,4.4));
#7225 = SURFACE_CURVE('',#7226,(#7230,#7237),.PCURVE_S1.);
#7226 = B_SPLINE_CURVE_WITH_KNOTS('',2,(#7227,#7228,#7229),
  .UNSPECIFIED.,.F.,.F.,(3,3),(0.,1.),.PIECEWISE_BEZIER_KNOTS.);
#7227 = CARTESIAN_POINT('',(6.125,-99.5126953125,4.4));
#7228 = CARTESIAN_POINT('',(6.125,-99.7412109375,4.4));
#7229 = CARTESIAN_POINT('',(5.994140625,-99.943359375,4.4));
#7230 = PCURVE('',#2623,#7231);
#7231 = DEFINITIONAL_REPRESENTATION('',(#7232),#7236);
#7232 = LINE('',#7233,#7234);
#7233 = CARTESIAN_POINT('',(0.,0.));
#7234 = VECTOR('',#7235,1.);
#7235 = DIRECTION('',(1.,0.));
#7236 = ( GEOMETRIC_REPRESENTATION_CONTEXT(2) 
PARAMETRIC_REPRESENTATION_CONTEXT() REPRESENTATION_CONTEXT('2D SPACE',''
  ) );
#7237 = PCURVE('',#6919,#7238);
#7238 = DEFINITIONAL_REPRESENTATION('',(#7239),#7243);
#7239 = B_SPLINE_CURVE_WITH_KNOTS('',2,(#7240,#7241,#7242),
  .UNSPECIFIED.,.F.,.F.,(3,3),(0.,1.),.PIECEWISE_BEZIER_KNOTS.);
#7240 = CARTESIAN_POINT('',(2.458984375,0.80859375));
#7241 = CARTESIAN_POINT('',(2.458984375,0.580078125));
#7242 = CARTESIAN_POINT('',(2.328125,0.3779296875));
#7243 = ( GEOMETRIC_REPRESENTATION_CONTEXT(2) 
PARAMETRIC_REPRESENTATION_CONTEXT() REPRESENTATION_CONTEXT('2D SPACE',''
  ) );
#7244 = ORIENTED_EDGE('',*,*,#7245,.T.);
#7245 = EDGE_CURVE('',#7223,#2543,#7246,.T.);
#7246 = SURFACE_CURVE('',#7247,(#7251,#7258),.PCURVE_S1.);
#7247 = LINE('',#7248,#7249);
#7248 = CARTESIAN_POINT('',(6.125,-99.5126953125,4.4));
#7249 = VECTOR('',#7250,1.);
#7250 = DIRECTION('',(0.,0.,1.));
#7251 = PCURVE('',#2623,#7252);
#7252 = DEFINITIONAL_REPRESENTATION('',(#7253),#7257);
#7253 = LINE('',#7254,#7255);
#7254 = CARTESIAN_POINT('',(0.,0.));
#7255 = VECTOR('',#7256,1.);
#7256 = DIRECTION('',(0.,-1.));
#7257 = ( GEOMETRIC_REPRESENTATION_CONTEXT(2) 
PARAMETRIC_REPRESENTATION_CONTEXT() REPRESENTATION_CONTEXT('2D SPACE',''
  ) );
#7258 = PCURVE('',#2572,#7259);
#7259 = DEFINITIONAL_REPRESENTATION('',(#7260),#7264);
#7260 = LINE('',#7261,#7262);
#7261 = CARTESIAN_POINT('',(1.,0.));
#7262 = VECTOR('',#7263,1.);
#7263 = DIRECTION('',(0.,-1.));
#7264 = ( GEOMETRIC_REPRESENTATION_CONTEXT(2) 
PARAMETRIC_REPRESENTATION_CONTEXT() REPRESENTATION_CONTEXT('2D SPACE',''
  ) );
#7265 = ORIENTED_EDGE('',*,*,#2593,.F.);
#7266 = ORIENTED_EDGE('',*,*,#7196,.F.);
#7267 = ADVANCED_FACE('',(#7268),#2572,.F.);
#7268 = FACE_BOUND('',#7269,.F.);
#7269 = EDGE_LOOP('',(#7270,#7293,#7314,#7315));
#7270 = ORIENTED_EDGE('',*,*,#7271,.F.);
#7271 = EDGE_CURVE('',#7272,#7223,#7274,.T.);
#7272 = VERTEX_POINT('',#7273);
#7273 = CARTESIAN_POINT('',(6.005859375,-99.10546875,4.4));
#7274 = SURFACE_CURVE('',#7275,(#7279,#7286),.PCURVE_S1.);
#7275 = B_SPLINE_CURVE_WITH_KNOTS('',2,(#7276,#7277,#7278),
  .UNSPECIFIED.,.F.,.F.,(3,3),(0.,1.),.PIECEWISE_BEZIER_KNOTS.);
#7276 = CARTESIAN_POINT('',(6.005859375,-99.10546875,4.4));
#7277 = CARTESIAN_POINT('',(6.125,-99.2822265625,4.4));
#7278 = CARTESIAN_POINT('',(6.125,-99.5126953125,4.4));
#7279 = PCURVE('',#2572,#7280);
#7280 = DEFINITIONAL_REPRESENTATION('',(#7281),#7285);
#7281 = LINE('',#7282,#7283);
#7282 = CARTESIAN_POINT('',(0.,0.));
#7283 = VECTOR('',#7284,1.);
#7284 = DIRECTION('',(1.,0.));
#7285 = ( GEOMETRIC_REPRESENTATION_CONTEXT(2) 
PARAMETRIC_REPRESENTATION_CONTEXT() REPRESENTATION_CONTEXT('2D SPACE',''
  ) );
#7286 = PCURVE('',#6919,#7287);
#7287 = DEFINITIONAL_REPRESENTATION('',(#7288),#7292);
#7288 = B_SPLINE_CURVE_WITH_KNOTS('',2,(#7289,#7290,#7291),
  .UNSPECIFIED.,.F.,.F.,(3,3),(0.,1.),.PIECEWISE_BEZIER_KNOTS.);
#7289 = CARTESIAN_POINT('',(2.33984375,1.2158203125));
#7290 = CARTESIAN_POINT('',(2.458984375,1.0390625));
#7291 = CARTESIAN_POINT('',(2.458984375,0.80859375));
#7292 = ( GEOMETRIC_REPRESENTATION_CONTEXT(2) 
PARAMETRIC_REPRESENTATION_CONTEXT() REPRESENTATION_CONTEXT('2D SPACE',''
  ) );
#7293 = ORIENTED_EDGE('',*,*,#7294,.T.);
#7294 = EDGE_CURVE('',#7272,#2504,#7295,.T.);
#7295 = SURFACE_CURVE('',#7296,(#7300,#7307),.PCURVE_S1.);
#7296 = LINE('',#7297,#7298);
#7297 = CARTESIAN_POINT('',(6.005859375,-99.10546875,4.4));
#7298 = VECTOR('',#7299,1.);
#7299 = DIRECTION('',(0.,0.,1.));
#7300 = PCURVE('',#2572,#7301);
#7301 = DEFINITIONAL_REPRESENTATION('',(#7302),#7306);
#7302 = LINE('',#7303,#7304);
#7303 = CARTESIAN_POINT('',(0.,0.));
#7304 = VECTOR('',#7305,1.);
#7305 = DIRECTION('',(0.,-1.));
#7306 = ( GEOMETRIC_REPRESENTATION_CONTEXT(2) 
PARAMETRIC_REPRESENTATION_CONTEXT() REPRESENTATION_CONTEXT('2D SPACE',''
  ) );
#7307 = PCURVE('',#2525,#7308);
#7308 = DEFINITIONAL_REPRESENTATION('',(#7309),#7313);
#7309 = LINE('',#7310,#7311);
#7310 = CARTESIAN_POINT('',(1.,0.));
#7311 = VECTOR('',#7312,1.);
#7312 = DIRECTION('',(0.,-1.));
#7313 = ( GEOMETRIC_REPRESENTATION_CONTEXT(2) 
PARAMETRIC_REPRESENTATION_CONTEXT() REPRESENTATION_CONTEXT('2D SPACE',''
  ) );
#7314 = ORIENTED_EDGE('',*,*,#2542,.F.);
#7315 = ORIENTED_EDGE('',*,*,#7245,.F.);
#7316 = ADVANCED_FACE('',(#7317),#2525,.F.);
#7317 = FACE_BOUND('',#7318,.F.);
#7318 = EDGE_LOOP('',(#7319,#7342,#7363,#7364));
#7319 = ORIENTED_EDGE('',*,*,#7320,.F.);
#7320 = EDGE_CURVE('',#7321,#7272,#7323,.T.);
#7321 = VERTEX_POINT('',#7322);
#7322 = CARTESIAN_POINT('',(5.63671875,-98.8134765625,4.4));
#7323 = SURFACE_CURVE('',#7324,(#7328,#7335),.PCURVE_S1.);
#7324 = B_SPLINE_CURVE_WITH_KNOTS('',2,(#7325,#7326,#7327),
  .UNSPECIFIED.,.F.,.F.,(3,3),(0.,1.),.PIECEWISE_BEZIER_KNOTS.);
#7325 = CARTESIAN_POINT('',(5.63671875,-98.8134765625,4.4));
#7326 = CARTESIAN_POINT('',(5.88671875,-98.9287109375,4.4));
#7327 = CARTESIAN_POINT('',(6.005859375,-99.10546875,4.4));
#7328 = PCURVE('',#2525,#7329);
#7329 = DEFINITIONAL_REPRESENTATION('',(#7330),#7334);
#7330 = LINE('',#7331,#7332);
#7331 = CARTESIAN_POINT('',(0.,0.));
#7332 = VECTOR('',#7333,1.);
#7333 = DIRECTION('',(1.,0.));
#7334 = ( GEOMETRIC_REPRESENTATION_CONTEXT(2) 
PARAMETRIC_REPRESENTATION_CONTEXT() REPRESENTATION_CONTEXT('2D SPACE',''
  ) );
#7335 = PCURVE('',#6919,#7336);
#7336 = DEFINITIONAL_REPRESENTATION('',(#7337),#7341);
#7337 = B_SPLINE_CURVE_WITH_KNOTS('',2,(#7338,#7339,#7340),
  .UNSPECIFIED.,.F.,.F.,(3,3),(0.,1.),.PIECEWISE_BEZIER_KNOTS.);
#7338 = CARTESIAN_POINT('',(1.970703125,1.5078125));
#7339 = CARTESIAN_POINT('',(2.220703125,1.392578125));
#7340 = CARTESIAN_POINT('',(2.33984375,1.2158203125));
#7341 = ( GEOMETRIC_REPRESENTATION_CONTEXT(2) 
PARAMETRIC_REPRESENTATION_CONTEXT() REPRESENTATION_CONTEXT('2D SPACE',''
  ) );
#7342 = ORIENTED_EDGE('',*,*,#7343,.T.);
#7343 = EDGE_CURVE('',#7321,#2459,#7344,.T.);
#7344 = SURFACE_CURVE('',#7345,(#7349,#7356),.PCURVE_S1.);
#7345 = LINE('',#7346,#7347);
#7346 = CARTESIAN_POINT('',(5.63671875,-98.8134765625,4.4));
#7347 = VECTOR('',#7348,1.);
#7348 = DIRECTION('',(0.,0.,1.));
#7349 = PCURVE('',#2525,#7350);
#7350 = DEFINITIONAL_REPRESENTATION('',(#7351),#7355);
#7351 = LINE('',#7352,#7353);
#7352 = CARTESIAN_POINT('',(0.,0.));
#7353 = VECTOR('',#7354,1.);
#7354 = DIRECTION('',(0.,-1.));
#7355 = ( GEOMETRIC_REPRESENTATION_CONTEXT(2) 
PARAMETRIC_REPRESENTATION_CONTEXT() REPRESENTATION_CONTEXT('2D SPACE',''
  ) );
#7356 = PCURVE('',#2484,#7357);
#7357 = DEFINITIONAL_REPRESENTATION('',(#7358),#7362);
#7358 = LINE('',#7359,#7360);
#7359 = CARTESIAN_POINT('',(1.,0.));
#7360 = VECTOR('',#7361,1.);
#7361 = DIRECTION('',(0.,-1.));
#7362 = ( GEOMETRIC_REPRESENTATION_CONTEXT(2) 
PARAMETRIC_REPRESENTATION_CONTEXT() REPRESENTATION_CONTEXT('2D SPACE',''
  ) );
#7363 = ORIENTED_EDGE('',*,*,#2503,.F.);
#7364 = ORIENTED_EDGE('',*,*,#7294,.F.);
#7365 = ADVANCED_FACE('',(#7366),#2484,.F.);
#7366 = FACE_BOUND('',#7367,.F.);
#7367 = EDGE_LOOP('',(#7368,#7391,#7412,#7413));
#7368 = ORIENTED_EDGE('',*,*,#7369,.F.);
#7369 = EDGE_CURVE('',#7370,#7321,#7372,.T.);
#7370 = VERTEX_POINT('',#7371);
#7371 = CARTESIAN_POINT('',(5.0029296875,-98.630859375,4.4));
#7372 = SURFACE_CURVE('',#7373,(#7377,#7384),.PCURVE_S1.);
#7373 = B_SPLINE_CURVE_WITH_KNOTS('',2,(#7374,#7375,#7376),
  .UNSPECIFIED.,.F.,.F.,(3,3),(0.,1.),.PIECEWISE_BEZIER_KNOTS.);
#7374 = CARTESIAN_POINT('',(5.0029296875,-98.630859375,4.4));
#7375 = CARTESIAN_POINT('',(5.46484375,-98.7353515625,4.4));
#7376 = CARTESIAN_POINT('',(5.63671875,-98.8134765625,4.4));
#7377 = PCURVE('',#2484,#7378);
#7378 = DEFINITIONAL_REPRESENTATION('',(#7379),#7383);
#7379 = LINE('',#7380,#7381);
#7380 = CARTESIAN_POINT('',(0.,0.));
#7381 = VECTOR('',#7382,1.);
#7382 = DIRECTION('',(1.,0.));
#7383 = ( GEOMETRIC_REPRESENTATION_CONTEXT(2) 
PARAMETRIC_REPRESENTATION_CONTEXT() REPRESENTATION_CONTEXT('2D SPACE',''
  ) );
#7384 = PCURVE('',#6919,#7385);
#7385 = DEFINITIONAL_REPRESENTATION('',(#7386),#7390);
#7386 = B_SPLINE_CURVE_WITH_KNOTS('',2,(#7387,#7388,#7389),
  .UNSPECIFIED.,.F.,.F.,(3,3),(0.,1.),.PIECEWISE_BEZIER_KNOTS.);
#7387 = CARTESIAN_POINT('',(1.3369140625,1.6904296875));
#7388 = CARTESIAN_POINT('',(1.798828125,1.5859375));
#7389 = CARTESIAN_POINT('',(1.970703125,1.5078125));
#7390 = ( GEOMETRIC_REPRESENTATION_CONTEXT(2) 
PARAMETRIC_REPRESENTATION_CONTEXT() REPRESENTATION_CONTEXT('2D SPACE',''
  ) );
#7391 = ORIENTED_EDGE('',*,*,#7392,.T.);
#7392 = EDGE_CURVE('',#7370,#2414,#7393,.T.);
#7393 = SURFACE_CURVE('',#7394,(#7398,#7405),.PCURVE_S1.);
#7394 = LINE('',#7395,#7396);
#7395 = CARTESIAN_POINT('',(5.0029296875,-98.630859375,4.4));
#7396 = VECTOR('',#7397,1.);
#7397 = DIRECTION('',(0.,0.,1.));
#7398 = PCURVE('',#2484,#7399);
#7399 = DEFINITIONAL_REPRESENTATION('',(#7400),#7404);
#7400 = LINE('',#7401,#7402);
#7401 = CARTESIAN_POINT('',(0.,0.));
#7402 = VECTOR('',#7403,1.);
#7403 = DIRECTION('',(0.,-1.));
#7404 = ( GEOMETRIC_REPRESENTATION_CONTEXT(2) 
PARAMETRIC_REPRESENTATION_CONTEXT() REPRESENTATION_CONTEXT('2D SPACE',''
  ) );
#7405 = PCURVE('',#2439,#7406);
#7406 = DEFINITIONAL_REPRESENTATION('',(#7407),#7411);
#7407 = LINE('',#7408,#7409);
#7408 = CARTESIAN_POINT('',(1.,0.));
#7409 = VECTOR('',#7410,1.);
#7410 = DIRECTION('',(0.,-1.));
#7411 = ( GEOMETRIC_REPRESENTATION_CONTEXT(2) 
PARAMETRIC_REPRESENTATION_CONTEXT() REPRESENTATION_CONTEXT('2D SPACE',''
  ) );
#7412 = ORIENTED_EDGE('',*,*,#2458,.F.);
#7413 = ORIENTED_EDGE('',*,*,#7343,.F.);
#7414 = ADVANCED_FACE('',(#7415),#2439,.F.);
#7415 = FACE_BOUND('',#7416,.F.);
#7416 = EDGE_LOOP('',(#7417,#7440,#7461,#7462));
#7417 = ORIENTED_EDGE('',*,*,#7418,.F.);
#7418 = EDGE_CURVE('',#7419,#7370,#7421,.T.);
#7419 = VERTEX_POINT('',#7420);
#7420 = CARTESIAN_POINT('',(4.431640625,-98.4267578125,4.4));
#7421 = SURFACE_CURVE('',#7422,(#7426,#7433),.PCURVE_S1.);
#7422 = B_SPLINE_CURVE_WITH_KNOTS('',2,(#7423,#7424,#7425),
  .UNSPECIFIED.,.F.,.F.,(3,3),(0.,1.),.PIECEWISE_BEZIER_KNOTS.);
#7423 = CARTESIAN_POINT('',(4.431640625,-98.4267578125,4.4));
#7424 = CARTESIAN_POINT('',(4.541015625,-98.5263671875,4.4));
#7425 = CARTESIAN_POINT('',(5.0029296875,-98.630859375,4.4));
#7426 = PCURVE('',#2439,#7427);
#7427 = DEFINITIONAL_REPRESENTATION('',(#7428),#7432);
#7428 = LINE('',#7429,#7430);
#7429 = CARTESIAN_POINT('',(0.,0.));
#7430 = VECTOR('',#7431,1.);
#7431 = DIRECTION('',(1.,0.));
#7432 = ( GEOMETRIC_REPRESENTATION_CONTEXT(2) 
PARAMETRIC_REPRESENTATION_CONTEXT() REPRESENTATION_CONTEXT('2D SPACE',''
  ) );
#7433 = PCURVE('',#6919,#7434);
#7434 = DEFINITIONAL_REPRESENTATION('',(#7435),#7439);
#7435 = B_SPLINE_CURVE_WITH_KNOTS('',2,(#7436,#7437,#7438),
  .UNSPECIFIED.,.F.,.F.,(3,3),(0.,1.),.PIECEWISE_BEZIER_KNOTS.);
#7436 = CARTESIAN_POINT('',(0.765625,1.89453125));
#7437 = CARTESIAN_POINT('',(0.875,1.794921875));
#7438 = CARTESIAN_POINT('',(1.3369140625,1.6904296875));
#7439 = ( GEOMETRIC_REPRESENTATION_CONTEXT(2) 
PARAMETRIC_REPRESENTATION_CONTEXT() REPRESENTATION_CONTEXT('2D SPACE',''
  ) );
#7440 = ORIENTED_EDGE('',*,*,#7441,.T.);
#7441 = EDGE_CURVE('',#7419,#2369,#7442,.T.);
#7442 = SURFACE_CURVE('',#7443,(#7447,#7454),.PCURVE_S1.);
#7443 = LINE('',#7444,#7445);
#7444 = CARTESIAN_POINT('',(4.431640625,-98.4267578125,4.4));
#7445 = VECTOR('',#7446,1.);
#7446 = DIRECTION('',(0.,0.,1.));
#7447 = PCURVE('',#2439,#7448);
#7448 = DEFINITIONAL_REPRESENTATION('',(#7449),#7453);
#7449 = LINE('',#7450,#7451);
#7450 = CARTESIAN_POINT('',(0.,0.));
#7451 = VECTOR('',#7452,1.);
#7452 = DIRECTION('',(0.,-1.));
#7453 = ( GEOMETRIC_REPRESENTATION_CONTEXT(2) 
PARAMETRIC_REPRESENTATION_CONTEXT() REPRESENTATION_CONTEXT('2D SPACE',''
  ) );
#7454 = PCURVE('',#2394,#7455);
#7455 = DEFINITIONAL_REPRESENTATION('',(#7456),#7460);
#7456 = LINE('',#7457,#7458);
#7457 = CARTESIAN_POINT('',(1.,0.));
#7458 = VECTOR('',#7459,1.);
#7459 = DIRECTION('',(0.,-1.));
#7460 = ( GEOMETRIC_REPRESENTATION_CONTEXT(2) 
PARAMETRIC_REPRESENTATION_CONTEXT() REPRESENTATION_CONTEXT('2D SPACE',''
  ) );
#7461 = ORIENTED_EDGE('',*,*,#2413,.F.);
#7462 = ORIENTED_EDGE('',*,*,#7392,.F.);
#7463 = ADVANCED_FACE('',(#7464),#2394,.F.);
#7464 = FACE_BOUND('',#7465,.F.);
#7465 = EDGE_LOOP('',(#7466,#7489,#7510,#7511));
#7466 = ORIENTED_EDGE('',*,*,#7467,.F.);
#7467 = EDGE_CURVE('',#7468,#7419,#7470,.T.);
#7468 = VERTEX_POINT('',#7469);
#7469 = CARTESIAN_POINT('',(4.3203125,-98.1728515625,4.4));
#7470 = SURFACE_CURVE('',#7471,(#7475,#7482),.PCURVE_S1.);
#7471 = B_SPLINE_CURVE_WITH_KNOTS('',2,(#7472,#7473,#7474),
  .UNSPECIFIED.,.F.,.F.,(3,3),(0.,1.),.PIECEWISE_BEZIER_KNOTS.);
#7472 = CARTESIAN_POINT('',(4.3203125,-98.1728515625,4.4));
#7473 = CARTESIAN_POINT('',(4.3203125,-98.3271484375,4.4));
#7474 = CARTESIAN_POINT('',(4.431640625,-98.4267578125,4.4));
#7475 = PCURVE('',#2394,#7476);
#7476 = DEFINITIONAL_REPRESENTATION('',(#7477),#7481);
#7477 = LINE('',#7478,#7479);
#7478 = CARTESIAN_POINT('',(0.,0.));
#7479 = VECTOR('',#7480,1.);
#7480 = DIRECTION('',(1.,0.));
#7481 = ( GEOMETRIC_REPRESENTATION_CONTEXT(2) 
PARAMETRIC_REPRESENTATION_CONTEXT() REPRESENTATION_CONTEXT('2D SPACE',''
  ) );
#7482 = PCURVE('',#6919,#7483);
#7483 = DEFINITIONAL_REPRESENTATION('',(#7484),#7488);
#7484 = B_SPLINE_CURVE_WITH_KNOTS('',2,(#7485,#7486,#7487),
  .UNSPECIFIED.,.F.,.F.,(3,3),(0.,1.),.PIECEWISE_BEZIER_KNOTS.);
#7485 = CARTESIAN_POINT('',(0.654296875,2.1484375));
#7486 = CARTESIAN_POINT('',(0.654296875,1.994140625));
#7487 = CARTESIAN_POINT('',(0.765625,1.89453125));
#7488 = ( GEOMETRIC_REPRESENTATION_CONTEXT(2) 
PARAMETRIC_REPRESENTATION_CONTEXT() REPRESENTATION_CONTEXT('2D SPACE',''
  ) );
#7489 = ORIENTED_EDGE('',*,*,#7490,.T.);
#7490 = EDGE_CURVE('',#7468,#2318,#7491,.T.);
#7491 = SURFACE_CURVE('',#7492,(#7496,#7503),.PCURVE_S1.);
#7492 = LINE('',#7493,#7494);
#7493 = CARTESIAN_POINT('',(4.3203125,-98.1728515625,4.4));
#7494 = VECTOR('',#7495,1.);
#7495 = DIRECTION('',(0.,0.,1.));
#7496 = PCURVE('',#2394,#7497);
#7497 = DEFINITIONAL_REPRESENTATION('',(#7498),#7502);
#7498 = LINE('',#7499,#7500);
#7499 = CARTESIAN_POINT('',(0.,0.));
#7500 = VECTOR('',#7501,1.);
#7501 = DIRECTION('',(0.,-1.));
#7502 = ( GEOMETRIC_REPRESENTATION_CONTEXT(2) 
PARAMETRIC_REPRESENTATION_CONTEXT() REPRESENTATION_CONTEXT('2D SPACE',''
  ) );
#7503 = PCURVE('',#2347,#7504);
#7504 = DEFINITIONAL_REPRESENTATION('',(#7505),#7509);
#7505 = LINE('',#7506,#7507);
#7506 = CARTESIAN_POINT('',(1.,0.));
#7507 = VECTOR('',#7508,1.);
#7508 = DIRECTION('',(0.,-1.));
#7509 = ( GEOMETRIC_REPRESENTATION_CONTEXT(2) 
PARAMETRIC_REPRESENTATION_CONTEXT() REPRESENTATION_CONTEXT('2D SPACE',''
  ) );
#7510 = ORIENTED_EDGE('',*,*,#2368,.F.);
#7511 = ORIENTED_EDGE('',*,*,#7441,.F.);
#7512 = ADVANCED_FACE('',(#7513),#2347,.F.);
#7513 = FACE_BOUND('',#7514,.F.);
#7514 = EDGE_LOOP('',(#7515,#7538,#7559,#7560));
#7515 = ORIENTED_EDGE('',*,*,#7516,.F.);
#7516 = EDGE_CURVE('',#7517,#7468,#7519,.T.);
#7517 = VERTEX_POINT('',#7518);
#7518 = CARTESIAN_POINT('',(4.4775390625,-97.869140625,4.4));
#7519 = SURFACE_CURVE('',#7520,(#7524,#7531),.PCURVE_S1.);
#7520 = B_SPLINE_CURVE_WITH_KNOTS('',2,(#7521,#7522,#7523),
  .UNSPECIFIED.,.F.,.F.,(3,3),(0.,1.),.PIECEWISE_BEZIER_KNOTS.);
#7521 = CARTESIAN_POINT('',(4.4775390625,-97.869140625,4.4));
#7522 = CARTESIAN_POINT('',(4.3203125,-97.9951171875,4.4));
#7523 = CARTESIAN_POINT('',(4.3203125,-98.1728515625,4.4));
#7524 = PCURVE('',#2347,#7525);
#7525 = DEFINITIONAL_REPRESENTATION('',(#7526),#7530);
#7526 = LINE('',#7527,#7528);
#7527 = CARTESIAN_POINT('',(0.,0.));
#7528 = VECTOR('',#7529,1.);
#7529 = DIRECTION('',(1.,0.));
#7530 = ( GEOMETRIC_REPRESENTATION_CONTEXT(2) 
PARAMETRIC_REPRESENTATION_CONTEXT() REPRESENTATION_CONTEXT('2D SPACE',''
  ) );
#7531 = PCURVE('',#6919,#7532);
#7532 = DEFINITIONAL_REPRESENTATION('',(#7533),#7537);
#7533 = B_SPLINE_CURVE_WITH_KNOTS('',2,(#7534,#7535,#7536),
  .UNSPECIFIED.,.F.,.F.,(3,3),(0.,1.),.PIECEWISE_BEZIER_KNOTS.);
#7534 = CARTESIAN_POINT('',(0.8115234375,2.4521484375));
#7535 = CARTESIAN_POINT('',(0.654296875,2.326171875));
#7536 = CARTESIAN_POINT('',(0.654296875,2.1484375));
#7537 = ( GEOMETRIC_REPRESENTATION_CONTEXT(2) 
PARAMETRIC_REPRESENTATION_CONTEXT() REPRESENTATION_CONTEXT('2D SPACE',''
  ) );
#7538 = ORIENTED_EDGE('',*,*,#7539,.T.);
#7539 = EDGE_CURVE('',#7517,#2276,#7540,.T.);
#7540 = SURFACE_CURVE('',#7541,(#7545,#7552),.PCURVE_S1.);
#7541 = LINE('',#7542,#7543);
#7542 = CARTESIAN_POINT('',(4.4775390625,-97.869140625,4.4));
#7543 = VECTOR('',#7544,1.);
#7544 = DIRECTION('',(0.,0.,1.));
#7545 = PCURVE('',#2347,#7546);
#7546 = DEFINITIONAL_REPRESENTATION('',(#7547),#7551);
#7547 = LINE('',#7548,#7549);
#7548 = CARTESIAN_POINT('',(0.,0.));
#7549 = VECTOR('',#7550,1.);
#7550 = DIRECTION('',(0.,-1.));
#7551 = ( GEOMETRIC_REPRESENTATION_CONTEXT(2) 
PARAMETRIC_REPRESENTATION_CONTEXT() REPRESENTATION_CONTEXT('2D SPACE',''
  ) );
#7552 = PCURVE('',#2299,#7553);
#7553 = DEFINITIONAL_REPRESENTATION('',(#7554),#7558);
#7554 = LINE('',#7555,#7556);
#7555 = CARTESIAN_POINT('',(1.,0.));
#7556 = VECTOR('',#7557,1.);
#7557 = DIRECTION('',(0.,-1.));
#7558 = ( GEOMETRIC_REPRESENTATION_CONTEXT(2) 
PARAMETRIC_REPRESENTATION_CONTEXT() REPRESENTATION_CONTEXT('2D SPACE',''
  ) );
#7559 = ORIENTED_EDGE('',*,*,#2317,.F.);
#7560 = ORIENTED_EDGE('',*,*,#7490,.F.);
#7561 = ADVANCED_FACE('',(#7562),#2299,.F.);
#7562 = FACE_BOUND('',#7563,.F.);
#7563 = EDGE_LOOP('',(#7564,#7587,#7608,#7609));
#7564 = ORIENTED_EDGE('',*,*,#7565,.F.);
#7565 = EDGE_CURVE('',#7566,#7517,#7568,.T.);
#7566 = VERTEX_POINT('',#7567);
#7567 = CARTESIAN_POINT('',(4.978515625,-97.7431640625,4.4));
#7568 = SURFACE_CURVE('',#7569,(#7573,#7580),.PCURVE_S1.);
#7569 = B_SPLINE_CURVE_WITH_KNOTS('',2,(#7570,#7571,#7572),
  .UNSPECIFIED.,.F.,.F.,(3,3),(0.,1.),.PIECEWISE_BEZIER_KNOTS.);
#7570 = CARTESIAN_POINT('',(4.978515625,-97.7431640625,4.4));
#7571 = CARTESIAN_POINT('',(4.634765625,-97.7431640625,4.4));
#7572 = CARTESIAN_POINT('',(4.4775390625,-97.869140625,4.4));
#7573 = PCURVE('',#2299,#7574);
#7574 = DEFINITIONAL_REPRESENTATION('',(#7575),#7579);
#7575 = LINE('',#7576,#7577);
#7576 = CARTESIAN_POINT('',(0.,0.));
#7577 = VECTOR('',#7578,1.);
#7578 = DIRECTION('',(1.,0.));
#7579 = ( GEOMETRIC_REPRESENTATION_CONTEXT(2) 
PARAMETRIC_REPRESENTATION_CONTEXT() REPRESENTATION_CONTEXT('2D SPACE',''
  ) );
#7580 = PCURVE('',#6919,#7581);
#7581 = DEFINITIONAL_REPRESENTATION('',(#7582),#7586);
#7582 = B_SPLINE_CURVE_WITH_KNOTS('',2,(#7583,#7584,#7585),
  .UNSPECIFIED.,.F.,.F.,(3,3),(0.,1.),.PIECEWISE_BEZIER_KNOTS.);
#7583 = CARTESIAN_POINT('',(1.3125,2.578125));
#7584 = CARTESIAN_POINT('',(0.96875,2.578125));
#7585 = CARTESIAN_POINT('',(0.8115234375,2.4521484375));
#7586 = ( GEOMETRIC_REPRESENTATION_CONTEXT(2) 
PARAMETRIC_REPRESENTATION_CONTEXT() REPRESENTATION_CONTEXT('2D SPACE',''
  ) );
#7587 = ORIENTED_EDGE('',*,*,#7588,.T.);
#7588 = EDGE_CURVE('',#7566,#2234,#7589,.T.);
#7589 = SURFACE_CURVE('',#7590,(#7594,#7601),.PCURVE_S1.);
#7590 = LINE('',#7591,#7592);
#7591 = CARTESIAN_POINT('',(4.978515625,-97.7431640625,4.4));
#7592 = VECTOR('',#7593,1.);
#7593 = DIRECTION('',(0.,0.,1.));
#7594 = PCURVE('',#2299,#7595);
#7595 = DEFINITIONAL_REPRESENTATION('',(#7596),#7600);
#7596 = LINE('',#7597,#7598);
#7597 = CARTESIAN_POINT('',(0.,0.));
#7598 = VECTOR('',#7599,1.);
#7599 = DIRECTION('',(0.,-1.));
#7600 = ( GEOMETRIC_REPRESENTATION_CONTEXT(2) 
PARAMETRIC_REPRESENTATION_CONTEXT() REPRESENTATION_CONTEXT('2D SPACE',''
  ) );
#7601 = PCURVE('',#2257,#7602);
#7602 = DEFINITIONAL_REPRESENTATION('',(#7603),#7607);
#7603 = LINE('',#7604,#7605);
#7604 = CARTESIAN_POINT('',(1.,0.));
#7605 = VECTOR('',#7606,1.);
#7606 = DIRECTION('',(0.,-1.));
#7607 = ( GEOMETRIC_REPRESENTATION_CONTEXT(2) 
PARAMETRIC_REPRESENTATION_CONTEXT() REPRESENTATION_CONTEXT('2D SPACE',''
  ) );
#7608 = ORIENTED_EDGE('',*,*,#2275,.F.);
#7609 = ORIENTED_EDGE('',*,*,#7539,.F.);
#7610 = ADVANCED_FACE('',(#7611),#2257,.F.);
#7611 = FACE_BOUND('',#7612,.F.);
#7612 = EDGE_LOOP('',(#7613,#7636,#7657,#7658));
#7613 = ORIENTED_EDGE('',*,*,#7614,.F.);
#7614 = EDGE_CURVE('',#7615,#7566,#7617,.T.);
#7615 = VERTEX_POINT('',#7616);
#7616 = CARTESIAN_POINT('',(5.4775390625,-97.8818359375,4.4));
#7617 = SURFACE_CURVE('',#7618,(#7622,#7629),.PCURVE_S1.);
#7618 = B_SPLINE_CURVE_WITH_KNOTS('',2,(#7619,#7620,#7621),
  .UNSPECIFIED.,.F.,.F.,(3,3),(0.,1.),.PIECEWISE_BEZIER_KNOTS.);
#7619 = CARTESIAN_POINT('',(5.4775390625,-97.8818359375,4.4));
#7620 = CARTESIAN_POINT('',(5.30859375,-97.7431640625,4.4));
#7621 = CARTESIAN_POINT('',(4.978515625,-97.7431640625,4.4));
#7622 = PCURVE('',#2257,#7623);
#7623 = DEFINITIONAL_REPRESENTATION('',(#7624),#7628);
#7624 = LINE('',#7625,#7626);
#7625 = CARTESIAN_POINT('',(0.,0.));
#7626 = VECTOR('',#7627,1.);
#7627 = DIRECTION('',(1.,0.));
#7628 = ( GEOMETRIC_REPRESENTATION_CONTEXT(2) 
PARAMETRIC_REPRESENTATION_CONTEXT() REPRESENTATION_CONTEXT('2D SPACE',''
  ) );
#7629 = PCURVE('',#6919,#7630);
#7630 = DEFINITIONAL_REPRESENTATION('',(#7631),#7635);
#7631 = B_SPLINE_CURVE_WITH_KNOTS('',2,(#7632,#7633,#7634),
  .UNSPECIFIED.,.F.,.F.,(3,3),(0.,1.),.PIECEWISE_BEZIER_KNOTS.);
#7632 = CARTESIAN_POINT('',(1.8115234375,2.439453125));
#7633 = CARTESIAN_POINT('',(1.642578125,2.578125));
#7634 = CARTESIAN_POINT('',(1.3125,2.578125));
#7635 = ( GEOMETRIC_REPRESENTATION_CONTEXT(2) 
PARAMETRIC_REPRESENTATION_CONTEXT() REPRESENTATION_CONTEXT('2D SPACE',''
  ) );
#7636 = ORIENTED_EDGE('',*,*,#7637,.T.);
#7637 = EDGE_CURVE('',#7615,#2183,#7638,.T.);
#7638 = SURFACE_CURVE('',#7639,(#7643,#7650),.PCURVE_S1.);
#7639 = LINE('',#7640,#7641);
#7640 = CARTESIAN_POINT('',(5.4775390625,-97.8818359375,4.4));
#7641 = VECTOR('',#7642,1.);
#7642 = DIRECTION('',(0.,0.,1.));
#7643 = PCURVE('',#2257,#7644);
#7644 = DEFINITIONAL_REPRESENTATION('',(#7645),#7649);
#7645 = LINE('',#7646,#7647);
#7646 = CARTESIAN_POINT('',(0.,0.));
#7647 = VECTOR('',#7648,1.);
#7648 = DIRECTION('',(0.,-1.));
#7649 = ( GEOMETRIC_REPRESENTATION_CONTEXT(2) 
PARAMETRIC_REPRESENTATION_CONTEXT() REPRESENTATION_CONTEXT('2D SPACE',''
  ) );
#7650 = PCURVE('',#2212,#7651);
#7651 = DEFINITIONAL_REPRESENTATION('',(#7652),#7656);
#7652 = LINE('',#7653,#7654);
#7653 = CARTESIAN_POINT('',(1.,0.));
#7654 = VECTOR('',#7655,1.);
#7655 = DIRECTION('',(0.,-1.));
#7656 = ( GEOMETRIC_REPRESENTATION_CONTEXT(2) 
PARAMETRIC_REPRESENTATION_CONTEXT() REPRESENTATION_CONTEXT('2D SPACE',''
  ) );
#7657 = ORIENTED_EDGE('',*,*,#2233,.F.);
#7658 = ORIENTED_EDGE('',*,*,#7588,.F.);
#7659 = ADVANCED_FACE('',(#7660),#2212,.F.);
#7660 = FACE_BOUND('',#7661,.F.);
#7661 = EDGE_LOOP('',(#7662,#7685,#7706,#7707));
#7662 = ORIENTED_EDGE('',*,*,#7663,.F.);
#7663 = EDGE_CURVE('',#7664,#7615,#7666,.T.);
#7664 = VERTEX_POINT('',#7665);
#7665 = CARTESIAN_POINT('',(5.67578125,-98.2919921875,4.4));
#7666 = SURFACE_CURVE('',#7667,(#7671,#7678),.PCURVE_S1.);
#7667 = B_SPLINE_CURVE_WITH_KNOTS('',2,(#7668,#7669,#7670),
  .UNSPECIFIED.,.F.,.F.,(3,3),(0.,1.),.PIECEWISE_BEZIER_KNOTS.);
#7668 = CARTESIAN_POINT('',(5.67578125,-98.2919921875,4.4));
#7669 = CARTESIAN_POINT('',(5.646484375,-98.0205078125,4.4));
#7670 = CARTESIAN_POINT('',(5.4775390625,-97.8818359375,4.4));
#7671 = PCURVE('',#2212,#7672);
#7672 = DEFINITIONAL_REPRESENTATION('',(#7673),#7677);
#7673 = LINE('',#7674,#7675);
#7674 = CARTESIAN_POINT('',(0.,0.));
#7675 = VECTOR('',#7676,1.);
#7676 = DIRECTION('',(1.,0.));
#7677 = ( GEOMETRIC_REPRESENTATION_CONTEXT(2) 
PARAMETRIC_REPRESENTATION_CONTEXT() REPRESENTATION_CONTEXT('2D SPACE',''
  ) );
#7678 = PCURVE('',#6919,#7679);
#7679 = DEFINITIONAL_REPRESENTATION('',(#7680),#7684);
#7680 = B_SPLINE_CURVE_WITH_KNOTS('',2,(#7681,#7682,#7683),
  .UNSPECIFIED.,.F.,.F.,(3,3),(0.,1.),.PIECEWISE_BEZIER_KNOTS.);
#7681 = CARTESIAN_POINT('',(2.009765625,2.029296875));
#7682 = CARTESIAN_POINT('',(1.98046875,2.30078125));
#7683 = CARTESIAN_POINT('',(1.8115234375,2.439453125));
#7684 = ( GEOMETRIC_REPRESENTATION_CONTEXT(2) 
PARAMETRIC_REPRESENTATION_CONTEXT() REPRESENTATION_CONTEXT('2D SPACE',''
  ) );
#7685 = ORIENTED_EDGE('',*,*,#7686,.T.);
#7686 = EDGE_CURVE('',#7664,#2157,#7687,.T.);
#7687 = SURFACE_CURVE('',#7688,(#7692,#7699),.PCURVE_S1.);
#7688 = LINE('',#7689,#7690);
#7689 = CARTESIAN_POINT('',(5.67578125,-98.2919921875,4.4));
#7690 = VECTOR('',#7691,1.);
#7691 = DIRECTION('',(0.,0.,1.));
#7692 = PCURVE('',#2212,#7693);
#7693 = DEFINITIONAL_REPRESENTATION('',(#7694),#7698);
#7694 = LINE('',#7695,#7696);
#7695 = CARTESIAN_POINT('',(0.,0.));
#7696 = VECTOR('',#7697,1.);
#7697 = DIRECTION('',(0.,-1.));
#7698 = ( GEOMETRIC_REPRESENTATION_CONTEXT(2) 
PARAMETRIC_REPRESENTATION_CONTEXT() REPRESENTATION_CONTEXT('2D SPACE',''
  ) );
#7699 = PCURVE('',#2171,#7700);
#7700 = DEFINITIONAL_REPRESENTATION('',(#7701),#7705);
#7701 = LINE('',#7702,#7703);
#7702 = CARTESIAN_POINT('',(0.364308862458,0.));
#7703 = VECTOR('',#7704,1.);
#7704 = DIRECTION('',(0.,-1.));
#7705 = ( GEOMETRIC_REPRESENTATION_CONTEXT(2) 
PARAMETRIC_REPRESENTATION_CONTEXT() REPRESENTATION_CONTEXT('2D SPACE',''
  ) );
#7706 = ORIENTED_EDGE('',*,*,#2182,.F.);
#7707 = ORIENTED_EDGE('',*,*,#7637,.F.);
#7708 = ADVANCED_FACE('',(#7709),#2171,.F.);
#7709 = FACE_BOUND('',#7710,.F.);
#7710 = EDGE_LOOP('',(#7711,#7734,#7755,#7756));
#7711 = ORIENTED_EDGE('',*,*,#7712,.F.);
#7712 = EDGE_CURVE('',#7713,#7664,#7715,.T.);
#7713 = VERTEX_POINT('',#7714);
#7714 = CARTESIAN_POINT('',(6.0390625,-98.2646484375,4.4));
#7715 = SURFACE_CURVE('',#7716,(#7720,#7727),.PCURVE_S1.);
#7716 = LINE('',#7717,#7718);
#7717 = CARTESIAN_POINT('',(6.0390625,-98.2646484375,4.4));
#7718 = VECTOR('',#7719,1.);
#7719 = DIRECTION('',(-0.997179282295,-7.505650511901E-02,0.));
#7720 = PCURVE('',#2171,#7721);
#7721 = DEFINITIONAL_REPRESENTATION('',(#7722),#7726);
#7722 = LINE('',#7723,#7724);
#7723 = CARTESIAN_POINT('',(0.,0.));
#7724 = VECTOR('',#7725,1.);
#7725 = DIRECTION('',(1.,0.));
#7726 = ( GEOMETRIC_REPRESENTATION_CONTEXT(2) 
PARAMETRIC_REPRESENTATION_CONTEXT() REPRESENTATION_CONTEXT('2D SPACE',''
  ) );
#7727 = PCURVE('',#6919,#7728);
#7728 = DEFINITIONAL_REPRESENTATION('',(#7729),#7733);
#7729 = LINE('',#7730,#7731);
#7730 = CARTESIAN_POINT('',(2.373046875,2.056640625));
#7731 = VECTOR('',#7732,1.);
#7732 = DIRECTION('',(-0.997179282295,-7.505650511901E-02));
#7733 = ( GEOMETRIC_REPRESENTATION_CONTEXT(2) 
PARAMETRIC_REPRESENTATION_CONTEXT() REPRESENTATION_CONTEXT('2D SPACE',''
  ) );
#7734 = ORIENTED_EDGE('',*,*,#7735,.T.);
#7735 = EDGE_CURVE('',#7713,#2106,#7736,.T.);
#7736 = SURFACE_CURVE('',#7737,(#7741,#7748),.PCURVE_S1.);
#7737 = LINE('',#7738,#7739);
#7738 = CARTESIAN_POINT('',(6.0390625,-98.2646484375,4.4));
#7739 = VECTOR('',#7740,1.);
#7740 = DIRECTION('',(0.,0.,1.));
#7741 = PCURVE('',#2171,#7742);
#7742 = DEFINITIONAL_REPRESENTATION('',(#7743),#7747);
#7743 = LINE('',#7744,#7745);
#7744 = CARTESIAN_POINT('',(0.,0.));
#7745 = VECTOR('',#7746,1.);
#7746 = DIRECTION('',(0.,-1.));
#7747 = ( GEOMETRIC_REPRESENTATION_CONTEXT(2) 
PARAMETRIC_REPRESENTATION_CONTEXT() REPRESENTATION_CONTEXT('2D SPACE',''
  ) );
#7748 = PCURVE('',#2135,#7749);
#7749 = DEFINITIONAL_REPRESENTATION('',(#7750),#7754);
#7750 = LINE('',#7751,#7752);
#7751 = CARTESIAN_POINT('',(1.,0.));
#7752 = VECTOR('',#7753,1.);
#7753 = DIRECTION('',(0.,-1.));
#7754 = ( GEOMETRIC_REPRESENTATION_CONTEXT(2) 
PARAMETRIC_REPRESENTATION_CONTEXT() REPRESENTATION_CONTEXT('2D SPACE',''
  ) );
#7755 = ORIENTED_EDGE('',*,*,#2156,.F.);
#7756 = ORIENTED_EDGE('',*,*,#7686,.F.);
#7757 = ADVANCED_FACE('',(#7758),#2135,.F.);
#7758 = FACE_BOUND('',#7759,.F.);
#7759 = EDGE_LOOP('',(#7760,#7783,#7804,#7805));
#7760 = ORIENTED_EDGE('',*,*,#7761,.F.);
#7761 = EDGE_CURVE('',#7762,#7713,#7764,.T.);
#7762 = VERTEX_POINT('',#7763);
#7763 = CARTESIAN_POINT('',(5.8984375,-97.8134765625,4.4));
#7764 = SURFACE_CURVE('',#7765,(#7769,#7776),.PCURVE_S1.);
#7765 = B_SPLINE_CURVE_WITH_KNOTS('',2,(#7766,#7767,#7768),
  .UNSPECIFIED.,.F.,.F.,(3,3),(0.,1.),.PIECEWISE_BEZIER_KNOTS.);
#7766 = CARTESIAN_POINT('',(5.8984375,-97.8134765625,4.4));
#7767 = CARTESIAN_POINT('',(6.029296875,-98.0126953125,4.4));
#7768 = CARTESIAN_POINT('',(6.0390625,-98.2646484375,4.4));
#7769 = PCURVE('',#2135,#7770);
#7770 = DEFINITIONAL_REPRESENTATION('',(#7771),#7775);
#7771 = LINE('',#7772,#7773);
#7772 = CARTESIAN_POINT('',(0.,0.));
#7773 = VECTOR('',#7774,1.);
#7774 = DIRECTION('',(1.,0.));
#7775 = ( GEOMETRIC_REPRESENTATION_CONTEXT(2) 
PARAMETRIC_REPRESENTATION_CONTEXT() REPRESENTATION_CONTEXT('2D SPACE',''
  ) );
#7776 = PCURVE('',#6919,#7777);
#7777 = DEFINITIONAL_REPRESENTATION('',(#7778),#7782);
#7778 = B_SPLINE_CURVE_WITH_KNOTS('',2,(#7779,#7780,#7781),
  .UNSPECIFIED.,.F.,.F.,(3,3),(0.,1.),.PIECEWISE_BEZIER_KNOTS.);
#7779 = CARTESIAN_POINT('',(2.232421875,2.5078125));
#7780 = CARTESIAN_POINT('',(2.36328125,2.30859375));
#7781 = CARTESIAN_POINT('',(2.373046875,2.056640625));
#7782 = ( GEOMETRIC_REPRESENTATION_CONTEXT(2) 
PARAMETRIC_REPRESENTATION_CONTEXT() REPRESENTATION_CONTEXT('2D SPACE',''
  ) );
#7783 = ORIENTED_EDGE('',*,*,#7784,.T.);
#7784 = EDGE_CURVE('',#7762,#2055,#7785,.T.);
#7785 = SURFACE_CURVE('',#7786,(#7790,#7797),.PCURVE_S1.);
#7786 = LINE('',#7787,#7788);
#7787 = CARTESIAN_POINT('',(5.8984375,-97.8134765625,4.4));
#7788 = VECTOR('',#7789,1.);
#7789 = DIRECTION('',(0.,0.,1.));
#7790 = PCURVE('',#2135,#7791);
#7791 = DEFINITIONAL_REPRESENTATION('',(#7792),#7796);
#7792 = LINE('',#7793,#7794);
#7793 = CARTESIAN_POINT('',(0.,0.));
#7794 = VECTOR('',#7795,1.);
#7795 = DIRECTION('',(0.,-1.));
#7796 = ( GEOMETRIC_REPRESENTATION_CONTEXT(2) 
PARAMETRIC_REPRESENTATION_CONTEXT() REPRESENTATION_CONTEXT('2D SPACE',''
  ) );
#7797 = PCURVE('',#2084,#7798);
#7798 = DEFINITIONAL_REPRESENTATION('',(#7799),#7803);
#7799 = LINE('',#7800,#7801);
#7800 = CARTESIAN_POINT('',(1.,0.));
#7801 = VECTOR('',#7802,1.);
#7802 = DIRECTION('',(0.,-1.));
#7803 = ( GEOMETRIC_REPRESENTATION_CONTEXT(2) 
PARAMETRIC_REPRESENTATION_CONTEXT() REPRESENTATION_CONTEXT('2D SPACE',''
  ) );
#7804 = ORIENTED_EDGE('',*,*,#2105,.F.);
#7805 = ORIENTED_EDGE('',*,*,#7735,.F.);
#7806 = ADVANCED_FACE('',(#7807),#2084,.F.);
#7807 = FACE_BOUND('',#7808,.F.);
#7808 = EDGE_LOOP('',(#7809,#7832,#7853,#7854));
#7809 = ORIENTED_EDGE('',*,*,#7810,.F.);
#7810 = EDGE_CURVE('',#7811,#7762,#7813,.T.);
#7811 = VERTEX_POINT('',#7812);
#7812 = CARTESIAN_POINT('',(5.5244140625,-97.51171875,4.4));
#7813 = SURFACE_CURVE('',#7814,(#7818,#7825),.PCURVE_S1.);
#7814 = B_SPLINE_CURVE_WITH_KNOTS('',2,(#7815,#7816,#7817),
  .UNSPECIFIED.,.F.,.F.,(3,3),(0.,1.),.PIECEWISE_BEZIER_KNOTS.);
#7815 = CARTESIAN_POINT('',(5.5244140625,-97.51171875,4.4));
#7816 = CARTESIAN_POINT('',(5.767578125,-97.6142578125,4.4));
#7817 = CARTESIAN_POINT('',(5.8984375,-97.8134765625,4.4));
#7818 = PCURVE('',#2084,#7819);
#7819 = DEFINITIONAL_REPRESENTATION('',(#7820),#7824);
#7820 = LINE('',#7821,#7822);
#7821 = CARTESIAN_POINT('',(0.,0.));
#7822 = VECTOR('',#7823,1.);
#7823 = DIRECTION('',(1.,0.));
#7824 = ( GEOMETRIC_REPRESENTATION_CONTEXT(2) 
PARAMETRIC_REPRESENTATION_CONTEXT() REPRESENTATION_CONTEXT('2D SPACE',''
  ) );
#7825 = PCURVE('',#6919,#7826);
#7826 = DEFINITIONAL_REPRESENTATION('',(#7827),#7831);
#7827 = B_SPLINE_CURVE_WITH_KNOTS('',2,(#7828,#7829,#7830),
  .UNSPECIFIED.,.F.,.F.,(3,3),(0.,1.),.PIECEWISE_BEZIER_KNOTS.);
#7828 = CARTESIAN_POINT('',(1.8583984375,2.8095703125));
#7829 = CARTESIAN_POINT('',(2.1015625,2.70703125));
#7830 = CARTESIAN_POINT('',(2.232421875,2.5078125));
#7831 = ( GEOMETRIC_REPRESENTATION_CONTEXT(2) 
PARAMETRIC_REPRESENTATION_CONTEXT() REPRESENTATION_CONTEXT('2D SPACE',''
  ) );
#7832 = ORIENTED_EDGE('',*,*,#7833,.T.);
#7833 = EDGE_CURVE('',#7811,#2016,#7834,.T.);
#7834 = SURFACE_CURVE('',#7835,(#7839,#7846),.PCURVE_S1.);
#7835 = LINE('',#7836,#7837);
#7836 = CARTESIAN_POINT('',(5.5244140625,-97.51171875,4.4));
#7837 = VECTOR('',#7838,1.);
#7838 = DIRECTION('',(0.,0.,1.));
#7839 = PCURVE('',#2084,#7840);
#7840 = DEFINITIONAL_REPRESENTATION('',(#7841),#7845);
#7841 = LINE('',#7842,#7843);
#7842 = CARTESIAN_POINT('',(0.,0.));
#7843 = VECTOR('',#7844,1.);
#7844 = DIRECTION('',(0.,-1.));
#7845 = ( GEOMETRIC_REPRESENTATION_CONTEXT(2) 
PARAMETRIC_REPRESENTATION_CONTEXT() REPRESENTATION_CONTEXT('2D SPACE',''
  ) );
#7846 = PCURVE('',#2037,#7847);
#7847 = DEFINITIONAL_REPRESENTATION('',(#7848),#7852);
#7848 = LINE('',#7849,#7850);
#7849 = CARTESIAN_POINT('',(1.,0.));
#7850 = VECTOR('',#7851,1.);
#7851 = DIRECTION('',(0.,-1.));
#7852 = ( GEOMETRIC_REPRESENTATION_CONTEXT(2) 
PARAMETRIC_REPRESENTATION_CONTEXT() REPRESENTATION_CONTEXT('2D SPACE',''
  ) );
#7853 = ORIENTED_EDGE('',*,*,#2054,.F.);
#7854 = ORIENTED_EDGE('',*,*,#7784,.F.);
#7855 = ADVANCED_FACE('',(#7856),#2037,.F.);
#7856 = FACE_BOUND('',#7857,.F.);
#7857 = EDGE_LOOP('',(#7858,#7881,#7902,#7903));
#7858 = ORIENTED_EDGE('',*,*,#7859,.F.);
#7859 = EDGE_CURVE('',#7860,#7811,#7862,.T.);
#7860 = VERTEX_POINT('',#7861);
#7861 = CARTESIAN_POINT('',(4.962890625,-97.4091796875,4.4));
#7862 = SURFACE_CURVE('',#7863,(#7867,#7874),.PCURVE_S1.);
#7863 = B_SPLINE_CURVE_WITH_KNOTS('',2,(#7864,#7865,#7866),
  .UNSPECIFIED.,.F.,.F.,(3,3),(0.,1.),.PIECEWISE_BEZIER_KNOTS.);
#7864 = CARTESIAN_POINT('',(4.962890625,-97.4091796875,4.4));
#7865 = CARTESIAN_POINT('',(5.28125,-97.4091796875,4.4));
#7866 = CARTESIAN_POINT('',(5.5244140625,-97.51171875,4.4));
#7867 = PCURVE('',#2037,#7868);
#7868 = DEFINITIONAL_REPRESENTATION('',(#7869),#7873);
#7869 = LINE('',#7870,#7871);
#7870 = CARTESIAN_POINT('',(0.,0.));
#7871 = VECTOR('',#7872,1.);
#7872 = DIRECTION('',(1.,0.));
#7873 = ( GEOMETRIC_REPRESENTATION_CONTEXT(2) 
PARAMETRIC_REPRESENTATION_CONTEXT() REPRESENTATION_CONTEXT('2D SPACE',''
  ) );
#7874 = PCURVE('',#6919,#7875);
#7875 = DEFINITIONAL_REPRESENTATION('',(#7876),#7880);
#7876 = B_SPLINE_CURVE_WITH_KNOTS('',2,(#7877,#7878,#7879),
  .UNSPECIFIED.,.F.,.F.,(3,3),(0.,1.),.PIECEWISE_BEZIER_KNOTS.);
#7877 = CARTESIAN_POINT('',(1.296875,2.912109375));
#7878 = CARTESIAN_POINT('',(1.615234375,2.912109375));
#7879 = CARTESIAN_POINT('',(1.8583984375,2.8095703125));
#7880 = ( GEOMETRIC_REPRESENTATION_CONTEXT(2) 
PARAMETRIC_REPRESENTATION_CONTEXT() REPRESENTATION_CONTEXT('2D SPACE',''
  ) );
#7881 = ORIENTED_EDGE('',*,*,#7882,.T.);
#7882 = EDGE_CURVE('',#7860,#1977,#7883,.T.);
#7883 = SURFACE_CURVE('',#7884,(#7888,#7895),.PCURVE_S1.);
#7884 = LINE('',#7885,#7886);
#7885 = CARTESIAN_POINT('',(4.962890625,-97.4091796875,4.4));
#7886 = VECTOR('',#7887,1.);
#7887 = DIRECTION('',(0.,0.,1.));
#7888 = PCURVE('',#2037,#7889);
#7889 = DEFINITIONAL_REPRESENTATION('',(#7890),#7894);
#7890 = LINE('',#7891,#7892);
#7891 = CARTESIAN_POINT('',(0.,0.));
#7892 = VECTOR('',#7893,1.);
#7893 = DIRECTION('',(0.,-1.));
#7894 = ( GEOMETRIC_REPRESENTATION_CONTEXT(2) 
PARAMETRIC_REPRESENTATION_CONTEXT() REPRESENTATION_CONTEXT('2D SPACE',''
  ) );
#7895 = PCURVE('',#1998,#7896);
#7896 = DEFINITIONAL_REPRESENTATION('',(#7897),#7901);
#7897 = LINE('',#7898,#7899);
#7898 = CARTESIAN_POINT('',(1.,0.));
#7899 = VECTOR('',#7900,1.);
#7900 = DIRECTION('',(0.,-1.));
#7901 = ( GEOMETRIC_REPRESENTATION_CONTEXT(2) 
PARAMETRIC_REPRESENTATION_CONTEXT() REPRESENTATION_CONTEXT('2D SPACE',''
  ) );
#7902 = ORIENTED_EDGE('',*,*,#2015,.F.);
#7903 = ORIENTED_EDGE('',*,*,#7833,.F.);
#7904 = ADVANCED_FACE('',(#7905),#1998,.F.);
#7905 = FACE_BOUND('',#7906,.F.);
#7906 = EDGE_LOOP('',(#7907,#7930,#7951,#7952));
#7907 = ORIENTED_EDGE('',*,*,#7908,.F.);
#7908 = EDGE_CURVE('',#7909,#7860,#7911,.T.);
#7909 = VERTEX_POINT('',#7910);
#7910 = CARTESIAN_POINT('',(4.4375,-97.5068359375,4.4));
#7911 = SURFACE_CURVE('',#7912,(#7916,#7923),.PCURVE_S1.);
#7912 = B_SPLINE_CURVE_WITH_KNOTS('',2,(#7913,#7914,#7915),
  .UNSPECIFIED.,.F.,.F.,(3,3),(0.,1.),.PIECEWISE_BEZIER_KNOTS.);
#7913 = CARTESIAN_POINT('',(4.4375,-97.5068359375,4.4));
#7914 = CARTESIAN_POINT('',(4.673828125,-97.4091796875,4.4));
#7915 = CARTESIAN_POINT('',(4.962890625,-97.4091796875,4.4));
#7916 = PCURVE('',#1998,#7917);
#7917 = DEFINITIONAL_REPRESENTATION('',(#7918),#7922);
#7918 = LINE('',#7919,#7920);
#7919 = CARTESIAN_POINT('',(0.,0.));
#7920 = VECTOR('',#7921,1.);
#7921 = DIRECTION('',(1.,0.));
#7922 = ( GEOMETRIC_REPRESENTATION_CONTEXT(2) 
PARAMETRIC_REPRESENTATION_CONTEXT() REPRESENTATION_CONTEXT('2D SPACE',''
  ) );
#7923 = PCURVE('',#6919,#7924);
#7924 = DEFINITIONAL_REPRESENTATION('',(#7925),#7929);
#7925 = B_SPLINE_CURVE_WITH_KNOTS('',2,(#7926,#7927,#7928),
  .UNSPECIFIED.,.F.,.F.,(3,3),(0.,1.),.PIECEWISE_BEZIER_KNOTS.);
#7926 = CARTESIAN_POINT('',(0.771484375,2.814453125));
#7927 = CARTESIAN_POINT('',(1.0078125,2.912109375));
#7928 = CARTESIAN_POINT('',(1.296875,2.912109375));
#7929 = ( GEOMETRIC_REPRESENTATION_CONTEXT(2) 
PARAMETRIC_REPRESENTATION_CONTEXT() REPRESENTATION_CONTEXT('2D SPACE',''
  ) );
#7930 = ORIENTED_EDGE('',*,*,#7931,.T.);
#7931 = EDGE_CURVE('',#7909,#1926,#7932,.T.);
#7932 = SURFACE_CURVE('',#7933,(#7937,#7944),.PCURVE_S1.);
#7933 = LINE('',#7934,#7935);
#7934 = CARTESIAN_POINT('',(4.4375,-97.5068359375,4.4));
#7935 = VECTOR('',#7936,1.);
#7936 = DIRECTION('',(0.,0.,1.));
#7937 = PCURVE('',#1998,#7938);
#7938 = DEFINITIONAL_REPRESENTATION('',(#7939),#7943);
#7939 = LINE('',#7940,#7941);
#7940 = CARTESIAN_POINT('',(0.,0.));
#7941 = VECTOR('',#7942,1.);
#7942 = DIRECTION('',(0.,-1.));
#7943 = ( GEOMETRIC_REPRESENTATION_CONTEXT(2) 
PARAMETRIC_REPRESENTATION_CONTEXT() REPRESENTATION_CONTEXT('2D SPACE',''
  ) );
#7944 = PCURVE('',#1955,#7945);
#7945 = DEFINITIONAL_REPRESENTATION('',(#7946),#7950);
#7946 = LINE('',#7947,#7948);
#7947 = CARTESIAN_POINT('',(1.,0.));
#7948 = VECTOR('',#7949,1.);
#7949 = DIRECTION('',(0.,-1.));
#7950 = ( GEOMETRIC_REPRESENTATION_CONTEXT(2) 
PARAMETRIC_REPRESENTATION_CONTEXT() REPRESENTATION_CONTEXT('2D SPACE',''
  ) );
#7951 = ORIENTED_EDGE('',*,*,#1976,.F.);
#7952 = ORIENTED_EDGE('',*,*,#7882,.F.);
#7953 = ADVANCED_FACE('',(#7954),#1955,.F.);
#7954 = FACE_BOUND('',#7955,.F.);
#7955 = EDGE_LOOP('',(#7956,#7979,#8000,#8001));
#7956 = ORIENTED_EDGE('',*,*,#7957,.F.);
#7957 = EDGE_CURVE('',#7958,#7909,#7960,.T.);
#7958 = VERTEX_POINT('',#7959);
#7959 = CARTESIAN_POINT('',(4.078125,-97.79296875,4.4));
#7960 = SURFACE_CURVE('',#7961,(#7965,#7972),.PCURVE_S1.);
#7961 = B_SPLINE_CURVE_WITH_KNOTS('',2,(#7962,#7963,#7964),
  .UNSPECIFIED.,.F.,.F.,(3,3),(0.,1.),.PIECEWISE_BEZIER_KNOTS.);
#7962 = CARTESIAN_POINT('',(4.078125,-97.79296875,4.4));
#7963 = CARTESIAN_POINT('',(4.201171875,-97.6044921875,4.4));
#7964 = CARTESIAN_POINT('',(4.4375,-97.5068359375,4.4));
#7965 = PCURVE('',#1955,#7966);
#7966 = DEFINITIONAL_REPRESENTATION('',(#7967),#7971);
#7967 = LINE('',#7968,#7969);
#7968 = CARTESIAN_POINT('',(0.,0.));
#7969 = VECTOR('',#7970,1.);
#7970 = DIRECTION('',(1.,0.));
#7971 = ( GEOMETRIC_REPRESENTATION_CONTEXT(2) 
PARAMETRIC_REPRESENTATION_CONTEXT() REPRESENTATION_CONTEXT('2D SPACE',''
  ) );
#7972 = PCURVE('',#6919,#7973);
#7973 = DEFINITIONAL_REPRESENTATION('',(#7974),#7978);
#7974 = B_SPLINE_CURVE_WITH_KNOTS('',2,(#7975,#7976,#7977),
  .UNSPECIFIED.,.F.,.F.,(3,3),(0.,1.),.PIECEWISE_BEZIER_KNOTS.);
#7975 = CARTESIAN_POINT('',(0.412109375,2.5283203125));
#7976 = CARTESIAN_POINT('',(0.53515625,2.716796875));
#7977 = CARTESIAN_POINT('',(0.771484375,2.814453125));
#7978 = ( GEOMETRIC_REPRESENTATION_CONTEXT(2) 
PARAMETRIC_REPRESENTATION_CONTEXT() REPRESENTATION_CONTEXT('2D SPACE',''
  ) );
#7979 = ORIENTED_EDGE('',*,*,#7980,.T.);
#7980 = EDGE_CURVE('',#7958,#1875,#7981,.T.);
#7981 = SURFACE_CURVE('',#7982,(#7986,#7993),.PCURVE_S1.);
#7982 = LINE('',#7983,#7984);
#7983 = CARTESIAN_POINT('',(4.078125,-97.79296875,4.4));
#7984 = VECTOR('',#7985,1.);
#7985 = DIRECTION('',(0.,0.,1.));
#7986 = PCURVE('',#1955,#7987);
#7987 = DEFINITIONAL_REPRESENTATION('',(#7988),#7992);
#7988 = LINE('',#7989,#7990);
#7989 = CARTESIAN_POINT('',(0.,0.));
#7990 = VECTOR('',#7991,1.);
#7991 = DIRECTION('',(0.,-1.));
#7992 = ( GEOMETRIC_REPRESENTATION_CONTEXT(2) 
PARAMETRIC_REPRESENTATION_CONTEXT() REPRESENTATION_CONTEXT('2D SPACE',''
  ) );
#7993 = PCURVE('',#1904,#7994);
#7994 = DEFINITIONAL_REPRESENTATION('',(#7995),#7999);
#7995 = LINE('',#7996,#7997);
#7996 = CARTESIAN_POINT('',(1.,0.));
#7997 = VECTOR('',#7998,1.);
#7998 = DIRECTION('',(0.,-1.));
#7999 = ( GEOMETRIC_REPRESENTATION_CONTEXT(2) 
PARAMETRIC_REPRESENTATION_CONTEXT() REPRESENTATION_CONTEXT('2D SPACE',''
  ) );
#8000 = ORIENTED_EDGE('',*,*,#1925,.F.);
#8001 = ORIENTED_EDGE('',*,*,#7931,.F.);
#8002 = ADVANCED_FACE('',(#8003),#1904,.F.);
#8003 = FACE_BOUND('',#8004,.F.);
#8004 = EDGE_LOOP('',(#8005,#8028,#8049,#8050));
#8005 = ORIENTED_EDGE('',*,*,#8006,.F.);
#8006 = EDGE_CURVE('',#8007,#7958,#8009,.T.);
#8007 = VERTEX_POINT('',#8008);
#8008 = CARTESIAN_POINT('',(3.955078125,-98.1982421875,4.4));
#8009 = SURFACE_CURVE('',#8010,(#8014,#8021),.PCURVE_S1.);
#8010 = B_SPLINE_CURVE_WITH_KNOTS('',2,(#8011,#8012,#8013),
  .UNSPECIFIED.,.F.,.F.,(3,3),(0.,1.),.PIECEWISE_BEZIER_KNOTS.);
#8011 = CARTESIAN_POINT('',(3.955078125,-98.1982421875,4.4));
#8012 = CARTESIAN_POINT('',(3.955078125,-97.9814453125,4.4));
#8013 = CARTESIAN_POINT('',(4.078125,-97.79296875,4.4));
#8014 = PCURVE('',#1904,#8015);
#8015 = DEFINITIONAL_REPRESENTATION('',(#8016),#8020);
#8016 = LINE('',#8017,#8018);
#8017 = CARTESIAN_POINT('',(0.,0.));
#8018 = VECTOR('',#8019,1.);
#8019 = DIRECTION('',(1.,0.));
#8020 = ( GEOMETRIC_REPRESENTATION_CONTEXT(2) 
PARAMETRIC_REPRESENTATION_CONTEXT() REPRESENTATION_CONTEXT('2D SPACE',''
  ) );
#8021 = PCURVE('',#6919,#8022);
#8022 = DEFINITIONAL_REPRESENTATION('',(#8023),#8027);
#8023 = B_SPLINE_CURVE_WITH_KNOTS('',2,(#8024,#8025,#8026),
  .UNSPECIFIED.,.F.,.F.,(3,3),(0.,1.),.PIECEWISE_BEZIER_KNOTS.);
#8024 = CARTESIAN_POINT('',(0.2890625,2.123046875));
#8025 = CARTESIAN_POINT('',(0.2890625,2.33984375));
#8026 = CARTESIAN_POINT('',(0.412109375,2.5283203125));
#8027 = ( GEOMETRIC_REPRESENTATION_CONTEXT(2) 
PARAMETRIC_REPRESENTATION_CONTEXT() REPRESENTATION_CONTEXT('2D SPACE',''
  ) );
#8028 = ORIENTED_EDGE('',*,*,#8029,.T.);
#8029 = EDGE_CURVE('',#8007,#1824,#8030,.T.);
#8030 = SURFACE_CURVE('',#8031,(#8035,#8042),.PCURVE_S1.);
#8031 = LINE('',#8032,#8033);
#8032 = CARTESIAN_POINT('',(3.955078125,-98.1982421875,4.4));
#8033 = VECTOR('',#8034,1.);
#8034 = DIRECTION('',(0.,0.,1.));
#8035 = PCURVE('',#1904,#8036);
#8036 = DEFINITIONAL_REPRESENTATION('',(#8037),#8041);
#8037 = LINE('',#8038,#8039);
#8038 = CARTESIAN_POINT('',(0.,0.));
#8039 = VECTOR('',#8040,1.);
#8040 = DIRECTION('',(0.,-1.));
#8041 = ( GEOMETRIC_REPRESENTATION_CONTEXT(2) 
PARAMETRIC_REPRESENTATION_CONTEXT() REPRESENTATION_CONTEXT('2D SPACE',''
  ) );
#8042 = PCURVE('',#1853,#8043);
#8043 = DEFINITIONAL_REPRESENTATION('',(#8044),#8048);
#8044 = LINE('',#8045,#8046);
#8045 = CARTESIAN_POINT('',(1.,0.));
#8046 = VECTOR('',#8047,1.);
#8047 = DIRECTION('',(0.,-1.));
#8048 = ( GEOMETRIC_REPRESENTATION_CONTEXT(2) 
PARAMETRIC_REPRESENTATION_CONTEXT() REPRESENTATION_CONTEXT('2D SPACE',''
  ) );
#8049 = ORIENTED_EDGE('',*,*,#1874,.F.);
#8050 = ORIENTED_EDGE('',*,*,#7980,.F.);
#8051 = ADVANCED_FACE('',(#8052),#1853,.F.);
#8052 = FACE_BOUND('',#8053,.F.);
#8053 = EDGE_LOOP('',(#8054,#8077,#8098,#8099));
#8054 = ORIENTED_EDGE('',*,*,#8055,.F.);
#8055 = EDGE_CURVE('',#8056,#8007,#8058,.T.);
#8056 = VERTEX_POINT('',#8057);
#8057 = CARTESIAN_POINT('',(4.0556640625,-98.5546875,4.4));
#8058 = SURFACE_CURVE('',#8059,(#8063,#8070),.PCURVE_S1.);
#8059 = B_SPLINE_CURVE_WITH_KNOTS('',2,(#8060,#8061,#8062),
  .UNSPECIFIED.,.F.,.F.,(3,3),(0.,1.),.PIECEWISE_BEZIER_KNOTS.);
#8060 = CARTESIAN_POINT('',(4.0556640625,-98.5546875,4.4));
#8061 = CARTESIAN_POINT('',(3.955078125,-98.3955078125,4.4));
#8062 = CARTESIAN_POINT('',(3.955078125,-98.1982421875,4.4));
#8063 = PCURVE('',#1853,#8064);
#8064 = DEFINITIONAL_REPRESENTATION('',(#8065),#8069);
#8065 = LINE('',#8066,#8067);
#8066 = CARTESIAN_POINT('',(0.,0.));
#8067 = VECTOR('',#8068,1.);
#8068 = DIRECTION('',(1.,0.));
#8069 = ( GEOMETRIC_REPRESENTATION_CONTEXT(2) 
PARAMETRIC_REPRESENTATION_CONTEXT() REPRESENTATION_CONTEXT('2D SPACE',''
  ) );
#8070 = PCURVE('',#6919,#8071);
#8071 = DEFINITIONAL_REPRESENTATION('',(#8072),#8076);
#8072 = B_SPLINE_CURVE_WITH_KNOTS('',2,(#8073,#8074,#8075),
  .UNSPECIFIED.,.F.,.F.,(3,3),(0.,1.),.PIECEWISE_BEZIER_KNOTS.);
#8073 = CARTESIAN_POINT('',(0.3896484375,1.7666015625));
#8074 = CARTESIAN_POINT('',(0.2890625,1.92578125));
#8075 = CARTESIAN_POINT('',(0.2890625,2.123046875));
#8076 = ( GEOMETRIC_REPRESENTATION_CONTEXT(2) 
PARAMETRIC_REPRESENTATION_CONTEXT() REPRESENTATION_CONTEXT('2D SPACE',''
  ) );
#8077 = ORIENTED_EDGE('',*,*,#8078,.T.);
#8078 = EDGE_CURVE('',#8056,#1785,#8079,.T.);
#8079 = SURFACE_CURVE('',#8080,(#8084,#8091),.PCURVE_S1.);
#8080 = LINE('',#8081,#8082);
#8081 = CARTESIAN_POINT('',(4.0556640625,-98.5546875,4.4));
#8082 = VECTOR('',#8083,1.);
#8083 = DIRECTION('',(0.,0.,1.));
#8084 = PCURVE('',#1853,#8085);
#8085 = DEFINITIONAL_REPRESENTATION('',(#8086),#8090);
#8086 = LINE('',#8087,#8088);
#8087 = CARTESIAN_POINT('',(0.,0.));
#8088 = VECTOR('',#8089,1.);
#8089 = DIRECTION('',(0.,-1.));
#8090 = ( GEOMETRIC_REPRESENTATION_CONTEXT(2) 
PARAMETRIC_REPRESENTATION_CONTEXT() REPRESENTATION_CONTEXT('2D SPACE',''
  ) );
#8091 = PCURVE('',#1806,#8092);
#8092 = DEFINITIONAL_REPRESENTATION('',(#8093),#8097);
#8093 = LINE('',#8094,#8095);
#8094 = CARTESIAN_POINT('',(1.,0.));
#8095 = VECTOR('',#8096,1.);
#8096 = DIRECTION('',(0.,-1.));
#8097 = ( GEOMETRIC_REPRESENTATION_CONTEXT(2) 
PARAMETRIC_REPRESENTATION_CONTEXT() REPRESENTATION_CONTEXT('2D SPACE',''
  ) );
#8098 = ORIENTED_EDGE('',*,*,#1823,.F.);
#8099 = ORIENTED_EDGE('',*,*,#8029,.F.);
#8100 = ADVANCED_FACE('',(#8101),#1806,.F.);
#8101 = FACE_BOUND('',#8102,.F.);
#8102 = EDGE_LOOP('',(#8103,#8126,#8147,#8148));
#8103 = ORIENTED_EDGE('',*,*,#8104,.F.);
#8104 = EDGE_CURVE('',#8105,#8056,#8107,.T.);
#8105 = VERTEX_POINT('',#8106);
#8106 = CARTESIAN_POINT('',(4.361328125,-98.8212890625,4.4));
#8107 = SURFACE_CURVE('',#8108,(#8112,#8119),.PCURVE_S1.);
#8108 = B_SPLINE_CURVE_WITH_KNOTS('',2,(#8109,#8110,#8111),
  .UNSPECIFIED.,.F.,.F.,(3,3),(0.,1.),.PIECEWISE_BEZIER_KNOTS.);
#8109 = CARTESIAN_POINT('',(4.361328125,-98.8212890625,4.4));
#8110 = CARTESIAN_POINT('',(4.15625,-98.7138671875,4.4));
#8111 = CARTESIAN_POINT('',(4.0556640625,-98.5546875,4.4));
#8112 = PCURVE('',#1806,#8113);
#8113 = DEFINITIONAL_REPRESENTATION('',(#8114),#8118);
#8114 = LINE('',#8115,#8116);
#8115 = CARTESIAN_POINT('',(0.,0.));
#8116 = VECTOR('',#8117,1.);
#8117 = DIRECTION('',(1.,0.));
#8118 = ( GEOMETRIC_REPRESENTATION_CONTEXT(2) 
PARAMETRIC_REPRESENTATION_CONTEXT() REPRESENTATION_CONTEXT('2D SPACE',''
  ) );
#8119 = PCURVE('',#6919,#8120);
#8120 = DEFINITIONAL_REPRESENTATION('',(#8121),#8125);
#8121 = B_SPLINE_CURVE_WITH_KNOTS('',2,(#8122,#8123,#8124),
  .UNSPECIFIED.,.F.,.F.,(3,3),(0.,1.),.PIECEWISE_BEZIER_KNOTS.);
#8122 = CARTESIAN_POINT('',(0.6953125,1.5));
#8123 = CARTESIAN_POINT('',(0.490234375,1.607421875));
#8124 = CARTESIAN_POINT('',(0.3896484375,1.7666015625));
#8125 = ( GEOMETRIC_REPRESENTATION_CONTEXT(2) 
PARAMETRIC_REPRESENTATION_CONTEXT() REPRESENTATION_CONTEXT('2D SPACE',''
  ) );
#8126 = ORIENTED_EDGE('',*,*,#8127,.T.);
#8127 = EDGE_CURVE('',#8105,#1740,#8128,.T.);
#8128 = SURFACE_CURVE('',#8129,(#8133,#8140),.PCURVE_S1.);
#8129 = LINE('',#8130,#8131);
#8130 = CARTESIAN_POINT('',(4.361328125,-98.8212890625,4.4));
#8131 = VECTOR('',#8132,1.);
#8132 = DIRECTION('',(0.,0.,1.));
#8133 = PCURVE('',#1806,#8134);
#8134 = DEFINITIONAL_REPRESENTATION('',(#8135),#8139);
#8135 = LINE('',#8136,#8137);
#8136 = CARTESIAN_POINT('',(0.,0.));
#8137 = VECTOR('',#8138,1.);
#8138 = DIRECTION('',(0.,-1.));
#8139 = ( GEOMETRIC_REPRESENTATION_CONTEXT(2) 
PARAMETRIC_REPRESENTATION_CONTEXT() REPRESENTATION_CONTEXT('2D SPACE',''
  ) );
#8140 = PCURVE('',#1765,#8141);
#8141 = DEFINITIONAL_REPRESENTATION('',(#8142),#8146);
#8142 = LINE('',#8143,#8144);
#8143 = CARTESIAN_POINT('',(1.,0.));
#8144 = VECTOR('',#8145,1.);
#8145 = DIRECTION('',(0.,-1.));
#8146 = ( GEOMETRIC_REPRESENTATION_CONTEXT(2) 
PARAMETRIC_REPRESENTATION_CONTEXT() REPRESENTATION_CONTEXT('2D SPACE',''
  ) );
#8147 = ORIENTED_EDGE('',*,*,#1784,.F.);
#8148 = ORIENTED_EDGE('',*,*,#8078,.F.);
#8149 = ADVANCED_FACE('',(#8150),#1765,.F.);
#8150 = FACE_BOUND('',#8151,.F.);
#8151 = EDGE_LOOP('',(#8152,#8175,#8196,#8197));
#8152 = ORIENTED_EDGE('',*,*,#8153,.F.);
#8153 = EDGE_CURVE('',#8154,#8105,#8156,.T.);
#8154 = VERTEX_POINT('',#8155);
#8155 = CARTESIAN_POINT('',(4.9140625,-99.,4.4));
#8156 = SURFACE_CURVE('',#8157,(#8161,#8168),.PCURVE_S1.);
#8157 = B_SPLINE_CURVE_WITH_KNOTS('',2,(#8158,#8159,#8160),
  .UNSPECIFIED.,.F.,.F.,(3,3),(0.,1.),.PIECEWISE_BEZIER_KNOTS.);
#8158 = CARTESIAN_POINT('',(4.9140625,-99.,4.4));
#8159 = CARTESIAN_POINT('',(4.51953125,-98.9052734375,4.4));
#8160 = CARTESIAN_POINT('',(4.361328125,-98.8212890625,4.4));
#8161 = PCURVE('',#1765,#8162);
#8162 = DEFINITIONAL_REPRESENTATION('',(#8163),#8167);
#8163 = LINE('',#8164,#8165);
#8164 = CARTESIAN_POINT('',(0.,0.));
#8165 = VECTOR('',#8166,1.);
#8166 = DIRECTION('',(1.,0.));
#8167 = ( GEOMETRIC_REPRESENTATION_CONTEXT(2) 
PARAMETRIC_REPRESENTATION_CONTEXT() REPRESENTATION_CONTEXT('2D SPACE',''
  ) );
#8168 = PCURVE('',#6919,#8169);
#8169 = DEFINITIONAL_REPRESENTATION('',(#8170),#8174);
#8170 = B_SPLINE_CURVE_WITH_KNOTS('',2,(#8171,#8172,#8173),
  .UNSPECIFIED.,.F.,.F.,(3,3),(0.,1.),.PIECEWISE_BEZIER_KNOTS.);
#8171 = CARTESIAN_POINT('',(1.248046875,1.3212890625));
#8172 = CARTESIAN_POINT('',(0.853515625,1.416015625));
#8173 = CARTESIAN_POINT('',(0.6953125,1.5));
#8174 = ( GEOMETRIC_REPRESENTATION_CONTEXT(2) 
PARAMETRIC_REPRESENTATION_CONTEXT() REPRESENTATION_CONTEXT('2D SPACE',''
  ) );
#8175 = ORIENTED_EDGE('',*,*,#8176,.T.);
#8176 = EDGE_CURVE('',#8154,#1695,#8177,.T.);
#8177 = SURFACE_CURVE('',#8178,(#8182,#8189),.PCURVE_S1.);
#8178 = LINE('',#8179,#8180);
#8179 = CARTESIAN_POINT('',(4.9140625,-99.,4.4));
#8180 = VECTOR('',#8181,1.);
#8181 = DIRECTION('',(0.,0.,1.));
#8182 = PCURVE('',#1765,#8183);
#8183 = DEFINITIONAL_REPRESENTATION('',(#8184),#8188);
#8184 = LINE('',#8185,#8186);
#8185 = CARTESIAN_POINT('',(0.,0.));
#8186 = VECTOR('',#8187,1.);
#8187 = DIRECTION('',(0.,-1.));
#8188 = ( GEOMETRIC_REPRESENTATION_CONTEXT(2) 
PARAMETRIC_REPRESENTATION_CONTEXT() REPRESENTATION_CONTEXT('2D SPACE',''
  ) );
#8189 = PCURVE('',#1720,#8190);
#8190 = DEFINITIONAL_REPRESENTATION('',(#8191),#8195);
#8191 = LINE('',#8192,#8193);
#8192 = CARTESIAN_POINT('',(1.,0.));
#8193 = VECTOR('',#8194,1.);
#8194 = DIRECTION('',(0.,-1.));
#8195 = ( GEOMETRIC_REPRESENTATION_CONTEXT(2) 
PARAMETRIC_REPRESENTATION_CONTEXT() REPRESENTATION_CONTEXT('2D SPACE',''
  ) );
#8196 = ORIENTED_EDGE('',*,*,#1739,.F.);
#8197 = ORIENTED_EDGE('',*,*,#8127,.F.);
#8198 = ADVANCED_FACE('',(#8199),#1720,.F.);
#8199 = FACE_BOUND('',#8200,.F.);
#8200 = EDGE_LOOP('',(#8201,#8224,#8245,#8246));
#8201 = ORIENTED_EDGE('',*,*,#8202,.F.);
#8202 = EDGE_CURVE('',#8203,#8154,#8205,.T.);
#8203 = VERTEX_POINT('',#8204);
#8204 = CARTESIAN_POINT('',(5.423828125,-99.1396484375,4.4));
#8205 = SURFACE_CURVE('',#8206,(#8210,#8217),.PCURVE_S1.);
#8206 = B_SPLINE_CURVE_WITH_KNOTS('',2,(#8207,#8208,#8209),
  .UNSPECIFIED.,.F.,.F.,(3,3),(0.,1.),.PIECEWISE_BEZIER_KNOTS.);
#8207 = CARTESIAN_POINT('',(5.423828125,-99.1396484375,4.4));
#8208 = CARTESIAN_POINT('',(5.30859375,-99.0947265625,4.4));
#8209 = CARTESIAN_POINT('',(4.9140625,-99.,4.4));
#8210 = PCURVE('',#1720,#8211);
#8211 = DEFINITIONAL_REPRESENTATION('',(#8212),#8216);
#8212 = LINE('',#8213,#8214);
#8213 = CARTESIAN_POINT('',(0.,0.));
#8214 = VECTOR('',#8215,1.);
#8215 = DIRECTION('',(1.,0.));
#8216 = ( GEOMETRIC_REPRESENTATION_CONTEXT(2) 
PARAMETRIC_REPRESENTATION_CONTEXT() REPRESENTATION_CONTEXT('2D SPACE',''
  ) );
#8217 = PCURVE('',#6919,#8218);
#8218 = DEFINITIONAL_REPRESENTATION('',(#8219),#8223);
#8219 = B_SPLINE_CURVE_WITH_KNOTS('',2,(#8220,#8221,#8222),
  .UNSPECIFIED.,.F.,.F.,(3,3),(0.,1.),.PIECEWISE_BEZIER_KNOTS.);
#8220 = CARTESIAN_POINT('',(1.7578125,1.181640625));
#8221 = CARTESIAN_POINT('',(1.642578125,1.2265625));
#8222 = CARTESIAN_POINT('',(1.248046875,1.3212890625));
#8223 = ( GEOMETRIC_REPRESENTATION_CONTEXT(2) 
PARAMETRIC_REPRESENTATION_CONTEXT() REPRESENTATION_CONTEXT('2D SPACE',''
  ) );
#8224 = ORIENTED_EDGE('',*,*,#8225,.T.);
#8225 = EDGE_CURVE('',#8203,#1656,#8226,.T.);
#8226 = SURFACE_CURVE('',#8227,(#8231,#8238),.PCURVE_S1.);
#8227 = LINE('',#8228,#8229);
#8228 = CARTESIAN_POINT('',(5.423828125,-99.1396484375,4.4));
#8229 = VECTOR('',#8230,1.);
#8230 = DIRECTION('',(0.,0.,1.));
#8231 = PCURVE('',#1720,#8232);
#8232 = DEFINITIONAL_REPRESENTATION('',(#8233),#8237);
#8233 = LINE('',#8234,#8235);
#8234 = CARTESIAN_POINT('',(0.,0.));
#8235 = VECTOR('',#8236,1.);
#8236 = DIRECTION('',(0.,-1.));
#8237 = ( GEOMETRIC_REPRESENTATION_CONTEXT(2) 
PARAMETRIC_REPRESENTATION_CONTEXT() REPRESENTATION_CONTEXT('2D SPACE',''
  ) );
#8238 = PCURVE('',#1677,#8239);
#8239 = DEFINITIONAL_REPRESENTATION('',(#8240),#8244);
#8240 = LINE('',#8241,#8242);
#8241 = CARTESIAN_POINT('',(1.,0.));
#8242 = VECTOR('',#8243,1.);
#8243 = DIRECTION('',(0.,-1.));
#8244 = ( GEOMETRIC_REPRESENTATION_CONTEXT(2) 
PARAMETRIC_REPRESENTATION_CONTEXT() REPRESENTATION_CONTEXT('2D SPACE',''
  ) );
#8245 = ORIENTED_EDGE('',*,*,#1694,.F.);
#8246 = ORIENTED_EDGE('',*,*,#8176,.F.);
#8247 = ADVANCED_FACE('',(#8248),#1677,.F.);
#8248 = FACE_BOUND('',#8249,.F.);
#8249 = EDGE_LOOP('',(#8250,#8273,#8294,#8295));
#8250 = ORIENTED_EDGE('',*,*,#8251,.F.);
#8251 = EDGE_CURVE('',#8252,#8203,#8254,.T.);
#8252 = VERTEX_POINT('',#8253);
#8253 = CARTESIAN_POINT('',(5.681640625,-99.30859375,4.4));
#8254 = SURFACE_CURVE('',#8255,(#8259,#8266),.PCURVE_S1.);
#8255 = B_SPLINE_CURVE_WITH_KNOTS('',2,(#8256,#8257,#8258),
  .UNSPECIFIED.,.F.,.F.,(3,3),(0.,1.),.PIECEWISE_BEZIER_KNOTS.);
#8256 = CARTESIAN_POINT('',(5.681640625,-99.30859375,4.4));
#8257 = CARTESIAN_POINT('',(5.603515625,-99.2080078125,4.4));
#8258 = CARTESIAN_POINT('',(5.423828125,-99.1396484375,4.4));
#8259 = PCURVE('',#1677,#8260);
#8260 = DEFINITIONAL_REPRESENTATION('',(#8261),#8265);
#8261 = LINE('',#8262,#8263);
#8262 = CARTESIAN_POINT('',(0.,0.));
#8263 = VECTOR('',#8264,1.);
#8264 = DIRECTION('',(1.,0.));
#8265 = ( GEOMETRIC_REPRESENTATION_CONTEXT(2) 
PARAMETRIC_REPRESENTATION_CONTEXT() REPRESENTATION_CONTEXT('2D SPACE',''
  ) );
#8266 = PCURVE('',#6919,#8267);
#8267 = DEFINITIONAL_REPRESENTATION('',(#8268),#8272);
#8268 = B_SPLINE_CURVE_WITH_KNOTS('',2,(#8269,#8270,#8271),
  .UNSPECIFIED.,.F.,.F.,(3,3),(0.,1.),.PIECEWISE_BEZIER_KNOTS.);
#8269 = CARTESIAN_POINT('',(2.015625,1.0126953125));
#8270 = CARTESIAN_POINT('',(1.9375,1.11328125));
#8271 = CARTESIAN_POINT('',(1.7578125,1.181640625));
#8272 = ( GEOMETRIC_REPRESENTATION_CONTEXT(2) 
PARAMETRIC_REPRESENTATION_CONTEXT() REPRESENTATION_CONTEXT('2D SPACE',''
  ) );
#8273 = ORIENTED_EDGE('',*,*,#8274,.T.);
#8274 = EDGE_CURVE('',#8252,#1611,#8275,.T.);
#8275 = SURFACE_CURVE('',#8276,(#8280,#8287),.PCURVE_S1.);
#8276 = LINE('',#8277,#8278);
#8277 = CARTESIAN_POINT('',(5.681640625,-99.30859375,4.4));
#8278 = VECTOR('',#8279,1.);
#8279 = DIRECTION('',(0.,0.,1.));
#8280 = PCURVE('',#1677,#8281);
#8281 = DEFINITIONAL_REPRESENTATION('',(#8282),#8286);
#8282 = LINE('',#8283,#8284);
#8283 = CARTESIAN_POINT('',(0.,0.));
#8284 = VECTOR('',#8285,1.);
#8285 = DIRECTION('',(0.,-1.));
#8286 = ( GEOMETRIC_REPRESENTATION_CONTEXT(2) 
PARAMETRIC_REPRESENTATION_CONTEXT() REPRESENTATION_CONTEXT('2D SPACE',''
  ) );
#8287 = PCURVE('',#1636,#8288);
#8288 = DEFINITIONAL_REPRESENTATION('',(#8289),#8293);
#8289 = LINE('',#8290,#8291);
#8290 = CARTESIAN_POINT('',(1.,0.));
#8291 = VECTOR('',#8292,1.);
#8292 = DIRECTION('',(0.,-1.));
#8293 = ( GEOMETRIC_REPRESENTATION_CONTEXT(2) 
PARAMETRIC_REPRESENTATION_CONTEXT() REPRESENTATION_CONTEXT('2D SPACE',''
  ) );
#8294 = ORIENTED_EDGE('',*,*,#1655,.F.);
#8295 = ORIENTED_EDGE('',*,*,#8225,.F.);
#8296 = ADVANCED_FACE('',(#8297),#1636,.F.);
#8297 = FACE_BOUND('',#8298,.F.);
#8298 = EDGE_LOOP('',(#8299,#8322,#8343,#8344));
#8299 = ORIENTED_EDGE('',*,*,#8300,.F.);
#8300 = EDGE_CURVE('',#8301,#8252,#8303,.T.);
#8301 = VERTEX_POINT('',#8302);
#8302 = CARTESIAN_POINT('',(5.759765625,-99.5439453125,4.4));
#8303 = SURFACE_CURVE('',#8304,(#8308,#8315),.PCURVE_S1.);
#8304 = B_SPLINE_CURVE_WITH_KNOTS('',2,(#8305,#8306,#8307),
  .UNSPECIFIED.,.F.,.F.,(3,3),(0.,1.),.PIECEWISE_BEZIER_KNOTS.);
#8305 = CARTESIAN_POINT('',(5.759765625,-99.5439453125,4.4));
#8306 = CARTESIAN_POINT('',(5.759765625,-99.4091796875,4.4));
#8307 = CARTESIAN_POINT('',(5.681640625,-99.30859375,4.4));
#8308 = PCURVE('',#1636,#8309);
#8309 = DEFINITIONAL_REPRESENTATION('',(#8310),#8314);
#8310 = LINE('',#8311,#8312);
#8311 = CARTESIAN_POINT('',(0.,0.));
#8312 = VECTOR('',#8313,1.);
#8313 = DIRECTION('',(1.,0.));
#8314 = ( GEOMETRIC_REPRESENTATION_CONTEXT(2) 
PARAMETRIC_REPRESENTATION_CONTEXT() REPRESENTATION_CONTEXT('2D SPACE',''
  ) );
#8315 = PCURVE('',#6919,#8316);
#8316 = DEFINITIONAL_REPRESENTATION('',(#8317),#8321);
#8317 = B_SPLINE_CURVE_WITH_KNOTS('',2,(#8318,#8319,#8320),
  .UNSPECIFIED.,.F.,.F.,(3,3),(0.,1.),.PIECEWISE_BEZIER_KNOTS.);
#8318 = CARTESIAN_POINT('',(2.09375,0.77734375));
#8319 = CARTESIAN_POINT('',(2.09375,0.912109375));
#8320 = CARTESIAN_POINT('',(2.015625,1.0126953125));
#8321 = ( GEOMETRIC_REPRESENTATION_CONTEXT(2) 
PARAMETRIC_REPRESENTATION_CONTEXT() REPRESENTATION_CONTEXT('2D SPACE',''
  ) );
#8322 = ORIENTED_EDGE('',*,*,#8323,.T.);
#8323 = EDGE_CURVE('',#8301,#1566,#8324,.T.);
#8324 = SURFACE_CURVE('',#8325,(#8329,#8336),.PCURVE_S1.);
#8325 = LINE('',#8326,#8327);
#8326 = CARTESIAN_POINT('',(5.759765625,-99.5439453125,4.4));
#8327 = VECTOR('',#8328,1.);
#8328 = DIRECTION('',(0.,0.,1.));
#8329 = PCURVE('',#1636,#8330);
#8330 = DEFINITIONAL_REPRESENTATION('',(#8331),#8335);
#8331 = LINE('',#8332,#8333);
#8332 = CARTESIAN_POINT('',(0.,0.));
#8333 = VECTOR('',#8334,1.);
#8334 = DIRECTION('',(0.,-1.));
#8335 = ( GEOMETRIC_REPRESENTATION_CONTEXT(2) 
PARAMETRIC_REPRESENTATION_CONTEXT() REPRESENTATION_CONTEXT('2D SPACE',''
  ) );
#8336 = PCURVE('',#1591,#8337);
#8337 = DEFINITIONAL_REPRESENTATION('',(#8338),#8342);
#8338 = LINE('',#8339,#8340);
#8339 = CARTESIAN_POINT('',(1.,0.));
#8340 = VECTOR('',#8341,1.);
#8341 = DIRECTION('',(0.,-1.));
#8342 = ( GEOMETRIC_REPRESENTATION_CONTEXT(2) 
PARAMETRIC_REPRESENTATION_CONTEXT() REPRESENTATION_CONTEXT('2D SPACE',''
  ) );
#8343 = ORIENTED_EDGE('',*,*,#1610,.F.);
#8344 = ORIENTED_EDGE('',*,*,#8274,.F.);
#8345 = ADVANCED_FACE('',(#8346),#1591,.F.);
#8346 = FACE_BOUND('',#8347,.F.);
#8347 = EDGE_LOOP('',(#8348,#8371,#8392,#8393));
#8348 = ORIENTED_EDGE('',*,*,#8349,.F.);
#8349 = EDGE_CURVE('',#8350,#8301,#8352,.T.);
#8350 = VERTEX_POINT('',#8351);
#8351 = CARTESIAN_POINT('',(5.6787109375,-99.7890625,4.4));
#8352 = SURFACE_CURVE('',#8353,(#8357,#8364),.PCURVE_S1.);
#8353 = B_SPLINE_CURVE_WITH_KNOTS('',2,(#8354,#8355,#8356),
  .UNSPECIFIED.,.F.,.F.,(3,3),(0.,1.),.PIECEWISE_BEZIER_KNOTS.);
#8354 = CARTESIAN_POINT('',(5.6787109375,-99.7890625,4.4));
#8355 = CARTESIAN_POINT('',(5.759765625,-99.6767578125,4.4));
#8356 = CARTESIAN_POINT('',(5.759765625,-99.5439453125,4.4));
#8357 = PCURVE('',#1591,#8358);
#8358 = DEFINITIONAL_REPRESENTATION('',(#8359),#8363);
#8359 = LINE('',#8360,#8361);
#8360 = CARTESIAN_POINT('',(0.,0.));
#8361 = VECTOR('',#8362,1.);
#8362 = DIRECTION('',(1.,0.));
#8363 = ( GEOMETRIC_REPRESENTATION_CONTEXT(2) 
PARAMETRIC_REPRESENTATION_CONTEXT() REPRESENTATION_CONTEXT('2D SPACE',''
  ) );
#8364 = PCURVE('',#6919,#8365);
#8365 = DEFINITIONAL_REPRESENTATION('',(#8366),#8370);
#8366 = B_SPLINE_CURVE_WITH_KNOTS('',2,(#8367,#8368,#8369),
  .UNSPECIFIED.,.F.,.F.,(3,3),(0.,1.),.PIECEWISE_BEZIER_KNOTS.);
#8367 = CARTESIAN_POINT('',(2.0126953125,0.5322265625));
#8368 = CARTESIAN_POINT('',(2.09375,0.64453125));
#8369 = CARTESIAN_POINT('',(2.09375,0.77734375));
#8370 = ( GEOMETRIC_REPRESENTATION_CONTEXT(2) 
PARAMETRIC_REPRESENTATION_CONTEXT() REPRESENTATION_CONTEXT('2D SPACE',''
  ) );
#8371 = ORIENTED_EDGE('',*,*,#8372,.T.);
#8372 = EDGE_CURVE('',#8350,#1527,#8373,.T.);
#8373 = SURFACE_CURVE('',#8374,(#8378,#8385),.PCURVE_S1.);
#8374 = LINE('',#8375,#8376);
#8375 = CARTESIAN_POINT('',(5.6787109375,-99.7890625,4.4));
#8376 = VECTOR('',#8377,1.);
#8377 = DIRECTION('',(0.,0.,1.));
#8378 = PCURVE('',#1591,#8379);
#8379 = DEFINITIONAL_REPRESENTATION('',(#8380),#8384);
#8380 = LINE('',#8381,#8382);
#8381 = CARTESIAN_POINT('',(0.,0.));
#8382 = VECTOR('',#8383,1.);
#8383 = DIRECTION('',(0.,-1.));
#8384 = ( GEOMETRIC_REPRESENTATION_CONTEXT(2) 
PARAMETRIC_REPRESENTATION_CONTEXT() REPRESENTATION_CONTEXT('2D SPACE',''
  ) );
#8385 = PCURVE('',#1548,#8386);
#8386 = DEFINITIONAL_REPRESENTATION('',(#8387),#8391);
#8387 = LINE('',#8388,#8389);
#8388 = CARTESIAN_POINT('',(1.,0.));
#8389 = VECTOR('',#8390,1.);
#8390 = DIRECTION('',(0.,-1.));
#8391 = ( GEOMETRIC_REPRESENTATION_CONTEXT(2) 
PARAMETRIC_REPRESENTATION_CONTEXT() REPRESENTATION_CONTEXT('2D SPACE',''
  ) );
#8392 = ORIENTED_EDGE('',*,*,#1565,.F.);
#8393 = ORIENTED_EDGE('',*,*,#8323,.F.);
#8394 = ADVANCED_FACE('',(#8395),#1548,.F.);
#8395 = FACE_BOUND('',#8396,.F.);
#8396 = EDGE_LOOP('',(#8397,#8420,#8441,#8442));
#8397 = ORIENTED_EDGE('',*,*,#8398,.F.);
#8398 = EDGE_CURVE('',#8399,#8350,#8401,.T.);
#8399 = VERTEX_POINT('',#8400);
#8400 = CARTESIAN_POINT('',(5.431640625,-99.9658203125,4.4));
#8401 = SURFACE_CURVE('',#8402,(#8406,#8413),.PCURVE_S1.);
#8402 = B_SPLINE_CURVE_WITH_KNOTS('',2,(#8403,#8404,#8405),
  .UNSPECIFIED.,.F.,.F.,(3,3),(0.,1.),.PIECEWISE_BEZIER_KNOTS.);
#8403 = CARTESIAN_POINT('',(5.431640625,-99.9658203125,4.4));
#8404 = CARTESIAN_POINT('',(5.59765625,-99.9013671875,4.4));
#8405 = CARTESIAN_POINT('',(5.6787109375,-99.7890625,4.4));
#8406 = PCURVE('',#1548,#8407);
#8407 = DEFINITIONAL_REPRESENTATION('',(#8408),#8412);
#8408 = LINE('',#8409,#8410);
#8409 = CARTESIAN_POINT('',(0.,0.));
#8410 = VECTOR('',#8411,1.);
#8411 = DIRECTION('',(1.,0.));
#8412 = ( GEOMETRIC_REPRESENTATION_CONTEXT(2) 
PARAMETRIC_REPRESENTATION_CONTEXT() REPRESENTATION_CONTEXT('2D SPACE',''
  ) );
#8413 = PCURVE('',#6919,#8414);
#8414 = DEFINITIONAL_REPRESENTATION('',(#8415),#8419);
#8415 = B_SPLINE_CURVE_WITH_KNOTS('',2,(#8416,#8417,#8418),
  .UNSPECIFIED.,.F.,.F.,(3,3),(0.,1.),.PIECEWISE_BEZIER_KNOTS.);
#8416 = CARTESIAN_POINT('',(1.765625,0.35546875));
#8417 = CARTESIAN_POINT('',(1.931640625,0.419921875));
#8418 = CARTESIAN_POINT('',(2.0126953125,0.5322265625));
#8419 = ( GEOMETRIC_REPRESENTATION_CONTEXT(2) 
PARAMETRIC_REPRESENTATION_CONTEXT() REPRESENTATION_CONTEXT('2D SPACE',''
  ) );
#8420 = ORIENTED_EDGE('',*,*,#8421,.T.);
#8421 = EDGE_CURVE('',#8399,#1488,#8422,.T.);
#8422 = SURFACE_CURVE('',#8423,(#8427,#8434),.PCURVE_S1.);
#8423 = LINE('',#8424,#8425);
#8424 = CARTESIAN_POINT('',(5.431640625,-99.9658203125,4.4));
#8425 = VECTOR('',#8426,1.);
#8426 = DIRECTION('',(0.,0.,1.));
#8427 = PCURVE('',#1548,#8428);
#8428 = DEFINITIONAL_REPRESENTATION('',(#8429),#8433);
#8429 = LINE('',#8430,#8431);
#8430 = CARTESIAN_POINT('',(0.,0.));
#8431 = VECTOR('',#8432,1.);
#8432 = DIRECTION('',(0.,-1.));
#8433 = ( GEOMETRIC_REPRESENTATION_CONTEXT(2) 
PARAMETRIC_REPRESENTATION_CONTEXT() REPRESENTATION_CONTEXT('2D SPACE',''
  ) );
#8434 = PCURVE('',#1509,#8435);
#8435 = DEFINITIONAL_REPRESENTATION('',(#8436),#8440);
#8436 = LINE('',#8437,#8438);
#8437 = CARTESIAN_POINT('',(1.,0.));
#8438 = VECTOR('',#8439,1.);
#8439 = DIRECTION('',(0.,-1.));
#8440 = ( GEOMETRIC_REPRESENTATION_CONTEXT(2) 
PARAMETRIC_REPRESENTATION_CONTEXT() REPRESENTATION_CONTEXT('2D SPACE',''
  ) );
#8441 = ORIENTED_EDGE('',*,*,#1526,.F.);
#8442 = ORIENTED_EDGE('',*,*,#8372,.F.);
#8443 = ADVANCED_FACE('',(#8444),#1509,.F.);
#8444 = FACE_BOUND('',#8445,.F.);
#8445 = EDGE_LOOP('',(#8446,#8469,#8490,#8491));
#8446 = ORIENTED_EDGE('',*,*,#8447,.F.);
#8447 = EDGE_CURVE('',#8448,#8399,#8450,.T.);
#8448 = VERTEX_POINT('',#8449);
#8449 = CARTESIAN_POINT('',(5.048828125,-100.0302734375,4.4));
#8450 = SURFACE_CURVE('',#8451,(#8455,#8462),.PCURVE_S1.);
#8451 = B_SPLINE_CURVE_WITH_KNOTS('',2,(#8452,#8453,#8454),
  .UNSPECIFIED.,.F.,.F.,(3,3),(0.,1.),.PIECEWISE_BEZIER_KNOTS.);
#8452 = CARTESIAN_POINT('',(5.048828125,-100.0302734375,4.4));
#8453 = CARTESIAN_POINT('',(5.265625,-100.0302734375,4.4));
#8454 = CARTESIAN_POINT('',(5.431640625,-99.9658203125,4.4));
#8455 = PCURVE('',#1509,#8456);
#8456 = DEFINITIONAL_REPRESENTATION('',(#8457),#8461);
#8457 = LINE('',#8458,#8459);
#8458 = CARTESIAN_POINT('',(0.,0.));
#8459 = VECTOR('',#8460,1.);
#8460 = DIRECTION('',(1.,0.));
#8461 = ( GEOMETRIC_REPRESENTATION_CONTEXT(2) 
PARAMETRIC_REPRESENTATION_CONTEXT() REPRESENTATION_CONTEXT('2D SPACE',''
  ) );
#8462 = PCURVE('',#6919,#8463);
#8463 = DEFINITIONAL_REPRESENTATION('',(#8464),#8468);
#8464 = B_SPLINE_CURVE_WITH_KNOTS('',2,(#8465,#8466,#8467),
  .UNSPECIFIED.,.F.,.F.,(3,3),(0.,1.),.PIECEWISE_BEZIER_KNOTS.);
#8465 = CARTESIAN_POINT('',(1.3828125,0.291015625));
#8466 = CARTESIAN_POINT('',(1.599609375,0.291015625));
#8467 = CARTESIAN_POINT('',(1.765625,0.35546875));
#8468 = ( GEOMETRIC_REPRESENTATION_CONTEXT(2) 
PARAMETRIC_REPRESENTATION_CONTEXT() REPRESENTATION_CONTEXT('2D SPACE',''
  ) );
#8469 = ORIENTED_EDGE('',*,*,#8470,.T.);
#8470 = EDGE_CURVE('',#8448,#1449,#8471,.T.);
#8471 = SURFACE_CURVE('',#8472,(#8476,#8483),.PCURVE_S1.);
#8472 = LINE('',#8473,#8474);
#8473 = CARTESIAN_POINT('',(5.048828125,-100.0302734375,4.4));
#8474 = VECTOR('',#8475,1.);
#8475 = DIRECTION('',(0.,0.,1.));
#8476 = PCURVE('',#1509,#8477);
#8477 = DEFINITIONAL_REPRESENTATION('',(#8478),#8482);
#8478 = LINE('',#8479,#8480);
#8479 = CARTESIAN_POINT('',(0.,0.));
#8480 = VECTOR('',#8481,1.);
#8481 = DIRECTION('',(0.,-1.));
#8482 = ( GEOMETRIC_REPRESENTATION_CONTEXT(2) 
PARAMETRIC_REPRESENTATION_CONTEXT() REPRESENTATION_CONTEXT('2D SPACE',''
  ) );
#8483 = PCURVE('',#1470,#8484);
#8484 = DEFINITIONAL_REPRESENTATION('',(#8485),#8489);
#8485 = LINE('',#8486,#8487);
#8486 = CARTESIAN_POINT('',(1.,0.));
#8487 = VECTOR('',#8488,1.);
#8488 = DIRECTION('',(0.,-1.));
#8489 = ( GEOMETRIC_REPRESENTATION_CONTEXT(2) 
PARAMETRIC_REPRESENTATION_CONTEXT() REPRESENTATION_CONTEXT('2D SPACE',''
  ) );
#8490 = ORIENTED_EDGE('',*,*,#1487,.F.);
#8491 = ORIENTED_EDGE('',*,*,#8421,.F.);
#8492 = ADVANCED_FACE('',(#8493),#1470,.F.);
#8493 = FACE_BOUND('',#8494,.F.);
#8494 = EDGE_LOOP('',(#8495,#8518,#8539,#8540));
#8495 = ORIENTED_EDGE('',*,*,#8496,.F.);
#8496 = EDGE_CURVE('',#8497,#8448,#8499,.T.);
#8497 = VERTEX_POINT('',#8498);
#8498 = CARTESIAN_POINT('',(4.609375,-99.9453125,4.4));
#8499 = SURFACE_CURVE('',#8500,(#8504,#8511),.PCURVE_S1.);
#8500 = B_SPLINE_CURVE_WITH_KNOTS('',2,(#8501,#8502,#8503),
  .UNSPECIFIED.,.F.,.F.,(3,3),(0.,1.),.PIECEWISE_BEZIER_KNOTS.);
#8501 = CARTESIAN_POINT('',(4.609375,-99.9453125,4.4));
#8502 = CARTESIAN_POINT('',(4.8046875,-100.0302734375,4.4));
#8503 = CARTESIAN_POINT('',(5.048828125,-100.0302734375,4.4));
#8504 = PCURVE('',#1470,#8505);
#8505 = DEFINITIONAL_REPRESENTATION('',(#8506),#8510);
#8506 = LINE('',#8507,#8508);
#8507 = CARTESIAN_POINT('',(0.,0.));
#8508 = VECTOR('',#8509,1.);
#8509 = DIRECTION('',(1.,0.));
#8510 = ( GEOMETRIC_REPRESENTATION_CONTEXT(2) 
PARAMETRIC_REPRESENTATION_CONTEXT() REPRESENTATION_CONTEXT('2D SPACE',''
  ) );
#8511 = PCURVE('',#6919,#8512);
#8512 = DEFINITIONAL_REPRESENTATION('',(#8513),#8517);
#8513 = B_SPLINE_CURVE_WITH_KNOTS('',2,(#8514,#8515,#8516),
  .UNSPECIFIED.,.F.,.F.,(3,3),(0.,1.),.PIECEWISE_BEZIER_KNOTS.);
#8514 = CARTESIAN_POINT('',(0.943359375,0.3759765625));
#8515 = CARTESIAN_POINT('',(1.138671875,0.291015625));
#8516 = CARTESIAN_POINT('',(1.3828125,0.291015625));
#8517 = ( GEOMETRIC_REPRESENTATION_CONTEXT(2) 
PARAMETRIC_REPRESENTATION_CONTEXT() REPRESENTATION_CONTEXT('2D SPACE',''
  ) );
#8518 = ORIENTED_EDGE('',*,*,#8519,.T.);
#8519 = EDGE_CURVE('',#8497,#1410,#8520,.T.);
#8520 = SURFACE_CURVE('',#8521,(#8525,#8532),.PCURVE_S1.);
#8521 = LINE('',#8522,#8523);
#8522 = CARTESIAN_POINT('',(4.609375,-99.9453125,4.4));
#8523 = VECTOR('',#8524,1.);
#8524 = DIRECTION('',(0.,0.,1.));
#8525 = PCURVE('',#1470,#8526);
#8526 = DEFINITIONAL_REPRESENTATION('',(#8527),#8531);
#8527 = LINE('',#8528,#8529);
#8528 = CARTESIAN_POINT('',(0.,0.));
#8529 = VECTOR('',#8530,1.);
#8530 = DIRECTION('',(0.,-1.));
#8531 = ( GEOMETRIC_REPRESENTATION_CONTEXT(2) 
PARAMETRIC_REPRESENTATION_CONTEXT() REPRESENTATION_CONTEXT('2D SPACE',''
  ) );
#8532 = PCURVE('',#1431,#8533);
#8533 = DEFINITIONAL_REPRESENTATION('',(#8534),#8538);
#8534 = LINE('',#8535,#8536);
#8535 = CARTESIAN_POINT('',(1.,0.));
#8536 = VECTOR('',#8537,1.);
#8537 = DIRECTION('',(0.,-1.));
#8538 = ( GEOMETRIC_REPRESENTATION_CONTEXT(2) 
PARAMETRIC_REPRESENTATION_CONTEXT() REPRESENTATION_CONTEXT('2D SPACE',''
  ) );
#8539 = ORIENTED_EDGE('',*,*,#1448,.F.);
#8540 = ORIENTED_EDGE('',*,*,#8470,.F.);
#8541 = ADVANCED_FACE('',(#8542),#1431,.F.);
#8542 = FACE_BOUND('',#8543,.F.);
#8543 = EDGE_LOOP('',(#8544,#8567,#8588,#8589));
#8544 = ORIENTED_EDGE('',*,*,#8545,.F.);
#8545 = EDGE_CURVE('',#8546,#8497,#8548,.T.);
#8546 = VERTEX_POINT('',#8547);
#8547 = CARTESIAN_POINT('',(4.3212890625,-99.72265625,4.4));
#8548 = SURFACE_CURVE('',#8549,(#8553,#8560),.PCURVE_S1.);
#8549 = B_SPLINE_CURVE_WITH_KNOTS('',2,(#8550,#8551,#8552),
  .UNSPECIFIED.,.F.,.F.,(3,3),(0.,1.),.PIECEWISE_BEZIER_KNOTS.);
#8550 = CARTESIAN_POINT('',(4.3212890625,-99.72265625,4.4));
#8551 = CARTESIAN_POINT('',(4.4140625,-99.8603515625,4.4));
#8552 = CARTESIAN_POINT('',(4.609375,-99.9453125,4.4));
#8553 = PCURVE('',#1431,#8554);
#8554 = DEFINITIONAL_REPRESENTATION('',(#8555),#8559);
#8555 = LINE('',#8556,#8557);
#8556 = CARTESIAN_POINT('',(0.,0.));
#8557 = VECTOR('',#8558,1.);
#8558 = DIRECTION('',(1.,0.));
#8559 = ( GEOMETRIC_REPRESENTATION_CONTEXT(2) 
PARAMETRIC_REPRESENTATION_CONTEXT() REPRESENTATION_CONTEXT('2D SPACE',''
  ) );
#8560 = PCURVE('',#6919,#8561);
#8561 = DEFINITIONAL_REPRESENTATION('',(#8562),#8566);
#8562 = B_SPLINE_CURVE_WITH_KNOTS('',2,(#8563,#8564,#8565),
  .UNSPECIFIED.,.F.,.F.,(3,3),(0.,1.),.PIECEWISE_BEZIER_KNOTS.);
#8563 = CARTESIAN_POINT('',(0.6552734375,0.5986328125));
#8564 = CARTESIAN_POINT('',(0.748046875,0.4609375));
#8565 = CARTESIAN_POINT('',(0.943359375,0.3759765625));
#8566 = ( GEOMETRIC_REPRESENTATION_CONTEXT(2) 
PARAMETRIC_REPRESENTATION_CONTEXT() REPRESENTATION_CONTEXT('2D SPACE',''
  ) );
#8567 = ORIENTED_EDGE('',*,*,#8568,.T.);
#8568 = EDGE_CURVE('',#8546,#1371,#8569,.T.);
#8569 = SURFACE_CURVE('',#8570,(#8574,#8581),.PCURVE_S1.);
#8570 = LINE('',#8571,#8572);
#8571 = CARTESIAN_POINT('',(4.3212890625,-99.72265625,4.4));
#8572 = VECTOR('',#8573,1.);
#8573 = DIRECTION('',(0.,0.,1.));
#8574 = PCURVE('',#1431,#8575);
#8575 = DEFINITIONAL_REPRESENTATION('',(#8576),#8580);
#8576 = LINE('',#8577,#8578);
#8577 = CARTESIAN_POINT('',(0.,0.));
#8578 = VECTOR('',#8579,1.);
#8579 = DIRECTION('',(0.,-1.));
#8580 = ( GEOMETRIC_REPRESENTATION_CONTEXT(2) 
PARAMETRIC_REPRESENTATION_CONTEXT() REPRESENTATION_CONTEXT('2D SPACE',''
  ) );
#8581 = PCURVE('',#1392,#8582);
#8582 = DEFINITIONAL_REPRESENTATION('',(#8583),#8587);
#8583 = LINE('',#8584,#8585);
#8584 = CARTESIAN_POINT('',(1.,0.));
#8585 = VECTOR('',#8586,1.);
#8586 = DIRECTION('',(0.,-1.));
#8587 = ( GEOMETRIC_REPRESENTATION_CONTEXT(2) 
PARAMETRIC_REPRESENTATION_CONTEXT() REPRESENTATION_CONTEXT('2D SPACE',''
  ) );
#8588 = ORIENTED_EDGE('',*,*,#1409,.F.);
#8589 = ORIENTED_EDGE('',*,*,#8519,.F.);
#8590 = ADVANCED_FACE('',(#8591),#1392,.F.);
#8591 = FACE_BOUND('',#8592,.F.);
#8592 = EDGE_LOOP('',(#8593,#8614,#8615,#8616));
#8593 = ORIENTED_EDGE('',*,*,#8594,.F.);
#8594 = EDGE_CURVE('',#6904,#8546,#8595,.T.);
#8595 = SURFACE_CURVE('',#8596,(#8600,#8607),.PCURVE_S1.);
#8596 = B_SPLINE_CURVE_WITH_KNOTS('',2,(#8597,#8598,#8599),
  .UNSPECIFIED.,.F.,.F.,(3,3),(0.,1.),.PIECEWISE_BEZIER_KNOTS.);
#8597 = CARTESIAN_POINT('',(4.203125,-99.3701171875,4.4));
#8598 = CARTESIAN_POINT('',(4.228515625,-99.5849609375,4.4));
#8599 = CARTESIAN_POINT('',(4.3212890625,-99.72265625,4.4));
#8600 = PCURVE('',#1392,#8601);
#8601 = DEFINITIONAL_REPRESENTATION('',(#8602),#8606);
#8602 = LINE('',#8603,#8604);
#8603 = CARTESIAN_POINT('',(0.,0.));
#8604 = VECTOR('',#8605,1.);
#8605 = DIRECTION('',(1.,0.));
#8606 = ( GEOMETRIC_REPRESENTATION_CONTEXT(2) 
PARAMETRIC_REPRESENTATION_CONTEXT() REPRESENTATION_CONTEXT('2D SPACE',''
  ) );
#8607 = PCURVE('',#6919,#8608);
#8608 = DEFINITIONAL_REPRESENTATION('',(#8609),#8613);
#8609 = B_SPLINE_CURVE_WITH_KNOTS('',2,(#8610,#8611,#8612),
  .UNSPECIFIED.,.F.,.F.,(3,3),(0.,1.),.PIECEWISE_BEZIER_KNOTS.);
#8610 = CARTESIAN_POINT('',(0.537109375,0.951171875));
#8611 = CARTESIAN_POINT('',(0.5625,0.736328125));
#8612 = CARTESIAN_POINT('',(0.6552734375,0.5986328125));
#8613 = ( GEOMETRIC_REPRESENTATION_CONTEXT(2) 
PARAMETRIC_REPRESENTATION_CONTEXT() REPRESENTATION_CONTEXT('2D SPACE',''
  ) );
#8614 = ORIENTED_EDGE('',*,*,#6953,.T.);
#8615 = ORIENTED_EDGE('',*,*,#1370,.F.);
#8616 = ORIENTED_EDGE('',*,*,#8568,.F.);
#8617 = ADVANCED_FACE('',(#8618),#2895,.F.);
#8618 = FACE_BOUND('',#8619,.F.);
#8619 = EDGE_LOOP('',(#8620,#8643,#8671,#8690));
#8620 = ORIENTED_EDGE('',*,*,#8621,.F.);
#8621 = EDGE_CURVE('',#8622,#2879,#8624,.T.);
#8622 = VERTEX_POINT('',#8623);
#8623 = CARTESIAN_POINT('',(75.6,-55.6,3.));
#8624 = SURFACE_CURVE('',#8625,(#8629,#8636),.PCURVE_S1.);
#8625 = LINE('',#8626,#8627);
#8626 = CARTESIAN_POINT('',(75.6,-55.6,3.));
#8627 = VECTOR('',#8628,1.);
#8628 = DIRECTION('',(0.,0.,1.));
#8629 = PCURVE('',#2895,#8630);
#8630 = DEFINITIONAL_REPRESENTATION('',(#8631),#8635);
#8631 = LINE('',#8632,#8633);
#8632 = CARTESIAN_POINT('',(0.,0.));
#8633 = VECTOR('',#8634,1.);
#8634 = DIRECTION('',(1.,0.));
#8635 = ( GEOMETRIC_REPRESENTATION_CONTEXT(2) 
PARAMETRIC_REPRESENTATION_CONTEXT() REPRESENTATION_CONTEXT('2D SPACE',''
  ) );
#8636 = PCURVE('',#2921,#8637);
#8637 = DEFINITIONAL_REPRESENTATION('',(#8638),#8642);
#8638 = LINE('',#8639,#8640);
#8639 = CARTESIAN_POINT('',(0.,151.2));
#8640 = VECTOR('',#8641,1.);
#8641 = DIRECTION('',(1.,0.));
#8642 = ( GEOMETRIC_REPRESENTATION_CONTEXT(2) 
PARAMETRIC_REPRESENTATION_CONTEXT() REPRESENTATION_CONTEXT('2D SPACE',''
  ) );
#8643 = ORIENTED_EDGE('',*,*,#8644,.T.);
#8644 = EDGE_CURVE('',#8622,#8645,#8647,.T.);
#8645 = VERTEX_POINT('',#8646);
#8646 = CARTESIAN_POINT('',(75.6,-49.7,3.));
#8647 = SURFACE_CURVE('',#8648,(#8652,#8659),.PCURVE_S1.);
#8648 = LINE('',#8649,#8650);
#8649 = CARTESIAN_POINT('',(75.6,-55.6,3.));
#8650 = VECTOR('',#8651,1.);
#8651 = DIRECTION('',(-0.,1.,0.));
#8652 = PCURVE('',#2895,#8653);
#8653 = DEFINITIONAL_REPRESENTATION('',(#8654),#8658);
#8654 = LINE('',#8655,#8656);
#8655 = CARTESIAN_POINT('',(0.,0.));
#8656 = VECTOR('',#8657,1.);
#8657 = DIRECTION('',(0.,-1.));
#8658 = ( GEOMETRIC_REPRESENTATION_CONTEXT(2) 
PARAMETRIC_REPRESENTATION_CONTEXT() REPRESENTATION_CONTEXT('2D SPACE',''
  ) );
#8659 = PCURVE('',#8660,#8665);
#8660 = PLANE('',#8661);
#8661 = AXIS2_PLACEMENT_3D('',#8662,#8663,#8664);
#8662 = CARTESIAN_POINT('',(-75.6,-55.6,3.));
#8663 = DIRECTION('',(0.,0.,1.));
#8664 = DIRECTION('',(1.,0.,-0.));
#8665 = DEFINITIONAL_REPRESENTATION('',(#8666),#8670);
#8666 = LINE('',#8667,#8668);
#8667 = CARTESIAN_POINT('',(151.2,0.));
#8668 = VECTOR('',#8669,1.);
#8669 = DIRECTION('',(0.,1.));
#8670 = ( GEOMETRIC_REPRESENTATION_CONTEXT(2) 
PARAMETRIC_REPRESENTATION_CONTEXT() REPRESENTATION_CONTEXT('2D SPACE',''
  ) );
#8671 = ORIENTED_EDGE('',*,*,#8672,.T.);
#8672 = EDGE_CURVE('',#8645,#2881,#8673,.T.);
#8673 = SURFACE_CURVE('',#8674,(#8678,#8684),.PCURVE_S1.);
#8674 = LINE('',#8675,#8676);
#8675 = CARTESIAN_POINT('',(75.6,-49.7,1.));
#8676 = VECTOR('',#8677,1.);
#8677 = DIRECTION('',(0.,0.,1.));
#8678 = PCURVE('',#2895,#8679);
#8679 = DEFINITIONAL_REPRESENTATION('',(#8680),#8683);
#8680 = B_SPLINE_CURVE_WITH_KNOTS('',1,(#8681,#8682),.UNSPECIFIED.,.F.,
  .F.,(2,2),(2.,3.8),.PIECEWISE_BEZIER_KNOTS.);
#8681 = CARTESIAN_POINT('',(0.,-5.9));
#8682 = CARTESIAN_POINT('',(1.8,-5.9));
#8683 = ( GEOMETRIC_REPRESENTATION_CONTEXT(2) 
PARAMETRIC_REPRESENTATION_CONTEXT() REPRESENTATION_CONTEXT('2D SPACE',''
  ) );
#8684 = PCURVE('',#3417,#8685);
#8685 = DEFINITIONAL_REPRESENTATION('',(#8686),#8689);
#8686 = B_SPLINE_CURVE_WITH_KNOTS('',1,(#8687,#8688),.UNSPECIFIED.,.F.,
  .F.,(2,2),(2.,3.8),.PIECEWISE_BEZIER_KNOTS.);
#8687 = CARTESIAN_POINT('',(4.,1.8));
#8688 = CARTESIAN_POINT('',(5.8,1.8));
#8689 = ( GEOMETRIC_REPRESENTATION_CONTEXT(2) 
PARAMETRIC_REPRESENTATION_CONTEXT() REPRESENTATION_CONTEXT('2D SPACE',''
  ) );
#8690 = ORIENTED_EDGE('',*,*,#2878,.F.);
#8691 = ADVANCED_FACE('',(#8692),#2921,.T.);
#8692 = FACE_BOUND('',#8693,.T.);
#8693 = EDGE_LOOP('',(#8694,#8695,#8718,#8744,#8770,#8796,#8819,#8840));
#8694 = ORIENTED_EDGE('',*,*,#8621,.F.);
#8695 = ORIENTED_EDGE('',*,*,#8696,.F.);
#8696 = EDGE_CURVE('',#8697,#8622,#8699,.T.);
#8697 = VERTEX_POINT('',#8698);
#8698 = CARTESIAN_POINT('',(2.,-55.6,3.));
#8699 = SURFACE_CURVE('',#8700,(#8704,#8711),.PCURVE_S1.);
#8700 = LINE('',#8701,#8702);
#8701 = CARTESIAN_POINT('',(-75.6,-55.6,3.));
#8702 = VECTOR('',#8703,1.);
#8703 = DIRECTION('',(1.,0.,-0.));
#8704 = PCURVE('',#2921,#8705);
#8705 = DEFINITIONAL_REPRESENTATION('',(#8706),#8710);
#8706 = LINE('',#8707,#8708);
#8707 = CARTESIAN_POINT('',(0.,0.));
#8708 = VECTOR('',#8709,1.);
#8709 = DIRECTION('',(0.,1.));
#8710 = ( GEOMETRIC_REPRESENTATION_CONTEXT(2) 
PARAMETRIC_REPRESENTATION_CONTEXT() REPRESENTATION_CONTEXT('2D SPACE',''
  ) );
#8711 = PCURVE('',#8660,#8712);
#8712 = DEFINITIONAL_REPRESENTATION('',(#8713),#8717);
#8713 = LINE('',#8714,#8715);
#8714 = CARTESIAN_POINT('',(0.,0.));
#8715 = VECTOR('',#8716,1.);
#8716 = DIRECTION('',(1.,0.));
#8717 = ( GEOMETRIC_REPRESENTATION_CONTEXT(2) 
PARAMETRIC_REPRESENTATION_CONTEXT() REPRESENTATION_CONTEXT('2D SPACE',''
  ) );
#8718 = ORIENTED_EDGE('',*,*,#8719,.F.);
#8719 = EDGE_CURVE('',#8720,#8697,#8722,.T.);
#8720 = VERTEX_POINT('',#8721);
#8721 = CARTESIAN_POINT('',(2.,-55.6,4.4));
#8722 = SURFACE_CURVE('',#8723,(#8727,#8733),.PCURVE_S1.);
#8723 = LINE('',#8724,#8725);
#8724 = CARTESIAN_POINT('',(2.,-55.6,3.));
#8725 = VECTOR('',#8726,1.);
#8726 = DIRECTION('',(-0.,0.,-1.));
#8727 = PCURVE('',#2921,#8728);
#8728 = DEFINITIONAL_REPRESENTATION('',(#8729),#8732);
#8729 = B_SPLINE_CURVE_WITH_KNOTS('',1,(#8730,#8731),.UNSPECIFIED.,.F.,
  .F.,(2,2),(-1.4,0.),.PIECEWISE_BEZIER_KNOTS.);
#8730 = CARTESIAN_POINT('',(1.4,77.6));
#8731 = CARTESIAN_POINT('',(0.,77.6));
#8732 = ( GEOMETRIC_REPRESENTATION_CONTEXT(2) 
PARAMETRIC_REPRESENTATION_CONTEXT() REPRESENTATION_CONTEXT('2D SPACE',''
  ) );
#8733 = PCURVE('',#8734,#8739);
#8734 = PLANE('',#8735);
#8735 = AXIS2_PLACEMENT_3D('',#8736,#8737,#8738);
#8736 = CARTESIAN_POINT('',(2.,-55.7,3.));
#8737 = DIRECTION('',(1.,0.,-0.));
#8738 = DIRECTION('',(0.,0.,1.));
#8739 = DEFINITIONAL_REPRESENTATION('',(#8740),#8743);
#8740 = B_SPLINE_CURVE_WITH_KNOTS('',1,(#8741,#8742),.UNSPECIFIED.,.F.,
  .F.,(2,2),(-1.4,0.),.PIECEWISE_BEZIER_KNOTS.);
#8741 = CARTESIAN_POINT('',(1.4,-0.1));
#8742 = CARTESIAN_POINT('',(0.,-0.1));
#8743 = ( GEOMETRIC_REPRESENTATION_CONTEXT(2) 
PARAMETRIC_REPRESENTATION_CONTEXT() REPRESENTATION_CONTEXT('2D SPACE',''
  ) );
#8744 = ORIENTED_EDGE('',*,*,#8745,.F.);
#8745 = EDGE_CURVE('',#8746,#8720,#8748,.T.);
#8746 = VERTEX_POINT('',#8747);
#8747 = CARTESIAN_POINT('',(-2.,-55.6,4.4));
#8748 = SURFACE_CURVE('',#8749,(#8753,#8759),.PCURVE_S1.);
#8749 = LINE('',#8750,#8751);
#8750 = CARTESIAN_POINT('',(-38.8,-55.6,4.4));
#8751 = VECTOR('',#8752,1.);
#8752 = DIRECTION('',(1.,0.,-0.));
#8753 = PCURVE('',#2921,#8754);
#8754 = DEFINITIONAL_REPRESENTATION('',(#8755),#8758);
#8755 = B_SPLINE_CURVE_WITH_KNOTS('',1,(#8756,#8757),.UNSPECIFIED.,.F.,
  .F.,(2,2),(36.8,40.8),.PIECEWISE_BEZIER_KNOTS.);
#8756 = CARTESIAN_POINT('',(1.4,73.6));
#8757 = CARTESIAN_POINT('',(1.4,77.6));
#8758 = ( GEOMETRIC_REPRESENTATION_CONTEXT(2) 
PARAMETRIC_REPRESENTATION_CONTEXT() REPRESENTATION_CONTEXT('2D SPACE',''
  ) );
#8759 = PCURVE('',#8760,#8765);
#8760 = PLANE('',#8761);
#8761 = AXIS2_PLACEMENT_3D('',#8762,#8763,#8764);
#8762 = CARTESIAN_POINT('',(-2.,-55.7,4.4));
#8763 = DIRECTION('',(0.,0.,1.));
#8764 = DIRECTION('',(1.,0.,-0.));
#8765 = DEFINITIONAL_REPRESENTATION('',(#8766),#8769);
#8766 = B_SPLINE_CURVE_WITH_KNOTS('',1,(#8767,#8768),.UNSPECIFIED.,.F.,
  .F.,(2,2),(36.8,40.8),.PIECEWISE_BEZIER_KNOTS.);
#8767 = CARTESIAN_POINT('',(0.,0.1));
#8768 = CARTESIAN_POINT('',(4.,0.1));
#8769 = ( GEOMETRIC_REPRESENTATION_CONTEXT(2) 
PARAMETRIC_REPRESENTATION_CONTEXT() REPRESENTATION_CONTEXT('2D SPACE',''
  ) );
#8770 = ORIENTED_EDGE('',*,*,#8771,.T.);
#8771 = EDGE_CURVE('',#8746,#8772,#8774,.T.);
#8772 = VERTEX_POINT('',#8773);
#8773 = CARTESIAN_POINT('',(-2.,-55.6,3.));
#8774 = SURFACE_CURVE('',#8775,(#8779,#8785),.PCURVE_S1.);
#8775 = LINE('',#8776,#8777);
#8776 = CARTESIAN_POINT('',(-2.,-55.6,3.));
#8777 = VECTOR('',#8778,1.);
#8778 = DIRECTION('',(-0.,0.,-1.));
#8779 = PCURVE('',#2921,#8780);
#8780 = DEFINITIONAL_REPRESENTATION('',(#8781),#8784);
#8781 = B_SPLINE_CURVE_WITH_KNOTS('',1,(#8782,#8783),.UNSPECIFIED.,.F.,
  .F.,(2,2),(-1.4,0.),.PIECEWISE_BEZIER_KNOTS.);
#8782 = CARTESIAN_POINT('',(1.4,73.6));
#8783 = CARTESIAN_POINT('',(0.,73.6));
#8784 = ( GEOMETRIC_REPRESENTATION_CONTEXT(2) 
PARAMETRIC_REPRESENTATION_CONTEXT() REPRESENTATION_CONTEXT('2D SPACE',''
  ) );
#8785 = PCURVE('',#8786,#8791);
#8786 = PLANE('',#8787);
#8787 = AXIS2_PLACEMENT_3D('',#8788,#8789,#8790);
#8788 = CARTESIAN_POINT('',(-2.,-55.7,3.));
#8789 = DIRECTION('',(1.,0.,-0.));
#8790 = DIRECTION('',(0.,0.,1.));
#8791 = DEFINITIONAL_REPRESENTATION('',(#8792),#8795);
#8792 = B_SPLINE_CURVE_WITH_KNOTS('',1,(#8793,#8794),.UNSPECIFIED.,.F.,
  .F.,(2,2),(-1.4,0.),.PIECEWISE_BEZIER_KNOTS.);
#8793 = CARTESIAN_POINT('',(1.4,-0.1));
#8794 = CARTESIAN_POINT('',(0.,-0.1));
#8795 = ( GEOMETRIC_REPRESENTATION_CONTEXT(2) 
PARAMETRIC_REPRESENTATION_CONTEXT() REPRESENTATION_CONTEXT('2D SPACE',''
  ) );
#8796 = ORIENTED_EDGE('',*,*,#8797,.F.);
#8797 = EDGE_CURVE('',#8798,#8772,#8800,.T.);
#8798 = VERTEX_POINT('',#8799);
#8799 = CARTESIAN_POINT('',(-75.6,-55.6,3.));
#8800 = SURFACE_CURVE('',#8801,(#8805,#8812),.PCURVE_S1.);
#8801 = LINE('',#8802,#8803);
#8802 = CARTESIAN_POINT('',(-75.6,-55.6,3.));
#8803 = VECTOR('',#8804,1.);
#8804 = DIRECTION('',(1.,0.,-0.));
#8805 = PCURVE('',#2921,#8806);
#8806 = DEFINITIONAL_REPRESENTATION('',(#8807),#8811);
#8807 = LINE('',#8808,#8809);
#8808 = CARTESIAN_POINT('',(0.,0.));
#8809 = VECTOR('',#8810,1.);
#8810 = DIRECTION('',(0.,1.));
#8811 = ( GEOMETRIC_REPRESENTATION_CONTEXT(2) 
PARAMETRIC_REPRESENTATION_CONTEXT() REPRESENTATION_CONTEXT('2D SPACE',''
  ) );
#8812 = PCURVE('',#8660,#8813);
#8813 = DEFINITIONAL_REPRESENTATION('',(#8814),#8818);
#8814 = LINE('',#8815,#8816);
#8815 = CARTESIAN_POINT('',(0.,0.));
#8816 = VECTOR('',#8817,1.);
#8817 = DIRECTION('',(1.,0.));
#8818 = ( GEOMETRIC_REPRESENTATION_CONTEXT(2) 
PARAMETRIC_REPRESENTATION_CONTEXT() REPRESENTATION_CONTEXT('2D SPACE',''
  ) );
#8819 = ORIENTED_EDGE('',*,*,#8820,.T.);
#8820 = EDGE_CURVE('',#8798,#2907,#8821,.T.);
#8821 = SURFACE_CURVE('',#8822,(#8826,#8833),.PCURVE_S1.);
#8822 = LINE('',#8823,#8824);
#8823 = CARTESIAN_POINT('',(-75.6,-55.6,3.));
#8824 = VECTOR('',#8825,1.);
#8825 = DIRECTION('',(0.,0.,1.));
#8826 = PCURVE('',#2921,#8827);
#8827 = DEFINITIONAL_REPRESENTATION('',(#8828),#8832);
#8828 = LINE('',#8829,#8830);
#8829 = CARTESIAN_POINT('',(0.,0.));
#8830 = VECTOR('',#8831,1.);
#8831 = DIRECTION('',(1.,0.));
#8832 = ( GEOMETRIC_REPRESENTATION_CONTEXT(2) 
PARAMETRIC_REPRESENTATION_CONTEXT() REPRESENTATION_CONTEXT('2D SPACE',''
  ) );
#8833 = PCURVE('',#2947,#8834);
#8834 = DEFINITIONAL_REPRESENTATION('',(#8835),#8839);
#8835 = LINE('',#8836,#8837);
#8836 = CARTESIAN_POINT('',(0.,0.));
#8837 = VECTOR('',#8838,1.);
#8838 = DIRECTION('',(1.,0.));
#8839 = ( GEOMETRIC_REPRESENTATION_CONTEXT(2) 
PARAMETRIC_REPRESENTATION_CONTEXT() REPRESENTATION_CONTEXT('2D SPACE',''
  ) );
#8840 = ORIENTED_EDGE('',*,*,#2906,.F.);
#8841 = ADVANCED_FACE('',(#8842),#3417,.T.);
#8842 = FACE_BOUND('',#8843,.T.);
#8843 = EDGE_LOOP('',(#8844,#8865,#8866,#8887,#8913,#8932,#8933,#8956,
    #8975,#8976));
#8844 = ORIENTED_EDGE('',*,*,#8845,.F.);
#8845 = EDGE_CURVE('',#3660,#3379,#8846,.T.);
#8846 = SURFACE_CURVE('',#8847,(#8851,#8858),.PCURVE_S1.);
#8847 = LINE('',#8848,#8849);
#8848 = CARTESIAN_POINT('',(80.,-49.7,-1.));
#8849 = VECTOR('',#8850,1.);
#8850 = DIRECTION('',(0.,0.,1.));
#8851 = PCURVE('',#3417,#8852);
#8852 = DEFINITIONAL_REPRESENTATION('',(#8853),#8857);
#8853 = LINE('',#8854,#8855);
#8854 = CARTESIAN_POINT('',(0.,6.2));
#8855 = VECTOR('',#8856,1.);
#8856 = DIRECTION('',(1.,0.));
#8857 = ( GEOMETRIC_REPRESENTATION_CONTEXT(2) 
PARAMETRIC_REPRESENTATION_CONTEXT() REPRESENTATION_CONTEXT('2D SPACE',''
  ) );
#8858 = PCURVE('',#3393,#8859);
#8859 = DEFINITIONAL_REPRESENTATION('',(#8860),#8864);
#8860 = LINE('',#8861,#8862);
#8861 = CARTESIAN_POINT('',(0.,0.));
#8862 = VECTOR('',#8863,1.);
#8863 = DIRECTION('',(1.,0.));
#8864 = ( GEOMETRIC_REPRESENTATION_CONTEXT(2) 
PARAMETRIC_REPRESENTATION_CONTEXT() REPRESENTATION_CONTEXT('2D SPACE',''
  ) );
#8865 = ORIENTED_EDGE('',*,*,#3683,.T.);
#8866 = ORIENTED_EDGE('',*,*,#8867,.T.);
#8867 = EDGE_CURVE('',#3684,#8868,#8870,.T.);
#8868 = VERTEX_POINT('',#8869);
#8869 = CARTESIAN_POINT('',(78.587298334621,-49.7,4.4));
#8870 = SURFACE_CURVE('',#8871,(#8875,#8881),.PCURVE_S1.);
#8871 = LINE('',#8872,#8873);
#8872 = CARTESIAN_POINT('',(78.587298334621,-49.7,0.));
#8873 = VECTOR('',#8874,1.);
#8874 = DIRECTION('',(0.,0.,1.));
#8875 = PCURVE('',#3417,#8876);
#8876 = DEFINITIONAL_REPRESENTATION('',(#8877),#8880);
#8877 = B_SPLINE_CURVE_WITH_KNOTS('',1,(#8878,#8879),.UNSPECIFIED.,.F.,
  .F.,(2,2),(-6.E-07,4.4000006),.PIECEWISE_BEZIER_KNOTS.);
#8878 = CARTESIAN_POINT('',(0.9999994,4.787298334621));
#8879 = CARTESIAN_POINT('',(5.4000006,4.787298334621));
#8880 = ( GEOMETRIC_REPRESENTATION_CONTEXT(2) 
PARAMETRIC_REPRESENTATION_CONTEXT() REPRESENTATION_CONTEXT('2D SPACE',''
  ) );
#8881 = PCURVE('',#3722,#8882);
#8882 = DEFINITIONAL_REPRESENTATION('',(#8883),#8886);
#8883 = B_SPLINE_CURVE_WITH_KNOTS('',1,(#8884,#8885),.UNSPECIFIED.,.F.,
  .F.,(2,2),(-6.E-07,4.4000006),.PIECEWISE_BEZIER_KNOTS.);
#8884 = CARTESIAN_POINT('',(0.252680255142,-6.E-07));
#8885 = CARTESIAN_POINT('',(0.252680255142,4.4000006));
#8886 = ( GEOMETRIC_REPRESENTATION_CONTEXT(2) 
PARAMETRIC_REPRESENTATION_CONTEXT() REPRESENTATION_CONTEXT('2D SPACE',''
  ) );
#8887 = ORIENTED_EDGE('',*,*,#8888,.F.);
#8888 = EDGE_CURVE('',#8889,#8868,#8891,.T.);
#8889 = VERTEX_POINT('',#8890);
#8890 = CARTESIAN_POINT('',(75.812701665379,-49.7,4.4));
#8891 = SURFACE_CURVE('',#8892,(#8896,#8902),.PCURVE_S1.);
#8892 = LINE('',#8893,#8894);
#8893 = CARTESIAN_POINT('',(75.2,-49.7,4.4));
#8894 = VECTOR('',#8895,1.);
#8895 = DIRECTION('',(1.,0.,-0.));
#8896 = PCURVE('',#3417,#8897);
#8897 = DEFINITIONAL_REPRESENTATION('',(#8898),#8901);
#8898 = B_SPLINE_CURVE_WITH_KNOTS('',1,(#8899,#8900),.UNSPECIFIED.,.F.,
  .F.,(2,2),(-0.2,3.4),.PIECEWISE_BEZIER_KNOTS.);
#8899 = CARTESIAN_POINT('',(5.4,1.2));
#8900 = CARTESIAN_POINT('',(5.4,4.8));
#8901 = ( GEOMETRIC_REPRESENTATION_CONTEXT(2) 
PARAMETRIC_REPRESENTATION_CONTEXT() REPRESENTATION_CONTEXT('2D SPACE',''
  ) );
#8902 = PCURVE('',#8903,#8908);
#8903 = PLANE('',#8904);
#8904 = AXIS2_PLACEMENT_3D('',#8905,#8906,#8907);
#8905 = CARTESIAN_POINT('',(76.6,-50.7,4.4));
#8906 = DIRECTION('',(0.,0.,1.));
#8907 = DIRECTION('',(1.,0.,-0.));
#8908 = DEFINITIONAL_REPRESENTATION('',(#8909),#8912);
#8909 = B_SPLINE_CURVE_WITH_KNOTS('',1,(#8910,#8911),.UNSPECIFIED.,.F.,
  .F.,(2,2),(-0.2,3.4),.PIECEWISE_BEZIER_KNOTS.);
#8910 = CARTESIAN_POINT('',(-1.6,1.));
#8911 = CARTESIAN_POINT('',(2.,1.));
#8912 = ( GEOMETRIC_REPRESENTATION_CONTEXT(2) 
PARAMETRIC_REPRESENTATION_CONTEXT() REPRESENTATION_CONTEXT('2D SPACE',''
  ) );
#8913 = ORIENTED_EDGE('',*,*,#8914,.F.);
#8914 = EDGE_CURVE('',#3987,#8889,#8915,.T.);
#8915 = SURFACE_CURVE('',#8916,(#8920,#8926),.PCURVE_S1.);
#8916 = LINE('',#8917,#8918);
#8917 = CARTESIAN_POINT('',(75.812701665379,-49.7,0.));
#8918 = VECTOR('',#8919,1.);
#8919 = DIRECTION('',(0.,0.,1.));
#8920 = PCURVE('',#3417,#8921);
#8921 = DEFINITIONAL_REPRESENTATION('',(#8922),#8925);
#8922 = B_SPLINE_CURVE_WITH_KNOTS('',1,(#8923,#8924),.UNSPECIFIED.,.F.,
  .F.,(2,2),(-6.E-07,4.4000006),.PIECEWISE_BEZIER_KNOTS.);
#8923 = CARTESIAN_POINT('',(0.9999994,2.012701665379));
#8924 = CARTESIAN_POINT('',(5.4000006,2.012701665379));
#8925 = ( GEOMETRIC_REPRESENTATION_CONTEXT(2) 
PARAMETRIC_REPRESENTATION_CONTEXT() REPRESENTATION_CONTEXT('2D SPACE',''
  ) );
#8926 = PCURVE('',#4007,#8927);
#8927 = DEFINITIONAL_REPRESENTATION('',(#8928),#8931);
#8928 = B_SPLINE_CURVE_WITH_KNOTS('',1,(#8929,#8930),.UNSPECIFIED.,.F.,
  .F.,(2,2),(-6.E-07,4.4000006),.PIECEWISE_BEZIER_KNOTS.);
#8929 = CARTESIAN_POINT('',(-0.252680255142,-6.E-07));
#8930 = CARTESIAN_POINT('',(-0.252680255142,4.4000006));
#8931 = ( GEOMETRIC_REPRESENTATION_CONTEXT(2) 
PARAMETRIC_REPRESENTATION_CONTEXT() REPRESENTATION_CONTEXT('2D SPACE',''
  ) );
#8932 = ORIENTED_EDGE('',*,*,#4019,.T.);
#8933 = ORIENTED_EDGE('',*,*,#8934,.T.);
#8934 = EDGE_CURVE('',#4020,#8935,#8937,.T.);
#8935 = VERTEX_POINT('',#8936);
#8936 = CARTESIAN_POINT('',(73.8,-49.7,3.));
#8937 = SURFACE_CURVE('',#8938,(#8942,#8949),.PCURVE_S1.);
#8938 = LINE('',#8939,#8940);
#8939 = CARTESIAN_POINT('',(73.8,-49.7,-1.));
#8940 = VECTOR('',#8941,1.);
#8941 = DIRECTION('',(0.,0.,1.));
#8942 = PCURVE('',#3417,#8943);
#8943 = DEFINITIONAL_REPRESENTATION('',(#8944),#8948);
#8944 = LINE('',#8945,#8946);
#8945 = CARTESIAN_POINT('',(0.,0.));
#8946 = VECTOR('',#8947,1.);
#8947 = DIRECTION('',(1.,0.));
#8948 = ( GEOMETRIC_REPRESENTATION_CONTEXT(2) 
PARAMETRIC_REPRESENTATION_CONTEXT() REPRESENTATION_CONTEXT('2D SPACE',''
  ) );
#8949 = PCURVE('',#4057,#8950);
#8950 = DEFINITIONAL_REPRESENTATION('',(#8951),#8955);
#8951 = LINE('',#8952,#8953);
#8952 = CARTESIAN_POINT('',(0.,0.));
#8953 = VECTOR('',#8954,1.);
#8954 = DIRECTION('',(1.,0.));
#8955 = ( GEOMETRIC_REPRESENTATION_CONTEXT(2) 
PARAMETRIC_REPRESENTATION_CONTEXT() REPRESENTATION_CONTEXT('2D SPACE',''
  ) );
#8956 = ORIENTED_EDGE('',*,*,#8957,.F.);
#8957 = EDGE_CURVE('',#8645,#8935,#8958,.T.);
#8958 = SURFACE_CURVE('',#8959,(#8963,#8969),.PCURVE_S1.);
#8959 = LINE('',#8960,#8961);
#8960 = CARTESIAN_POINT('',(-0.9,-49.7,3.));
#8961 = VECTOR('',#8962,1.);
#8962 = DIRECTION('',(-1.,-0.,0.));
#8963 = PCURVE('',#3417,#8964);
#8964 = DEFINITIONAL_REPRESENTATION('',(#8965),#8968);
#8965 = B_SPLINE_CURVE_WITH_KNOTS('',1,(#8966,#8967),.UNSPECIFIED.,.F.,
  .F.,(2,2),(-76.5,-74.7),.PIECEWISE_BEZIER_KNOTS.);
#8966 = CARTESIAN_POINT('',(4.,1.8));
#8967 = CARTESIAN_POINT('',(4.,0.));
#8968 = ( GEOMETRIC_REPRESENTATION_CONTEXT(2) 
PARAMETRIC_REPRESENTATION_CONTEXT() REPRESENTATION_CONTEXT('2D SPACE',''
  ) );
#8969 = PCURVE('',#8660,#8970);
#8970 = DEFINITIONAL_REPRESENTATION('',(#8971),#8974);
#8971 = B_SPLINE_CURVE_WITH_KNOTS('',1,(#8972,#8973),.UNSPECIFIED.,.F.,
  .F.,(2,2),(-76.5,-74.7),.PIECEWISE_BEZIER_KNOTS.);
#8972 = CARTESIAN_POINT('',(151.2,5.9));
#8973 = CARTESIAN_POINT('',(149.4,5.9));
#8974 = ( GEOMETRIC_REPRESENTATION_CONTEXT(2) 
PARAMETRIC_REPRESENTATION_CONTEXT() REPRESENTATION_CONTEXT('2D SPACE',''
  ) );
#8975 = ORIENTED_EDGE('',*,*,#8672,.T.);
#8976 = ORIENTED_EDGE('',*,*,#3404,.F.);
#8977 = ADVANCED_FACE('',(#8978),#2947,.T.);
#8978 = FACE_BOUND('',#8979,.T.);
#8979 = EDGE_LOOP('',(#8980,#8981,#9004,#9030,#9056,#9082,#9105,#9124));
#8980 = ORIENTED_EDGE('',*,*,#8820,.F.);
#8981 = ORIENTED_EDGE('',*,*,#8982,.T.);
#8982 = EDGE_CURVE('',#8798,#8983,#8985,.T.);
#8983 = VERTEX_POINT('',#8984);
#8984 = CARTESIAN_POINT('',(-75.6,-31.7,3.));
#8985 = SURFACE_CURVE('',#8986,(#8990,#8997),.PCURVE_S1.);
#8986 = LINE('',#8987,#8988);
#8987 = CARTESIAN_POINT('',(-75.6,-55.6,3.));
#8988 = VECTOR('',#8989,1.);
#8989 = DIRECTION('',(-0.,1.,0.));
#8990 = PCURVE('',#2947,#8991);
#8991 = DEFINITIONAL_REPRESENTATION('',(#8992),#8996);
#8992 = LINE('',#8993,#8994);
#8993 = CARTESIAN_POINT('',(0.,0.));
#8994 = VECTOR('',#8995,1.);
#8995 = DIRECTION('',(0.,-1.));
#8996 = ( GEOMETRIC_REPRESENTATION_CONTEXT(2) 
PARAMETRIC_REPRESENTATION_CONTEXT() REPRESENTATION_CONTEXT('2D SPACE',''
  ) );
#8997 = PCURVE('',#8660,#8998);
#8998 = DEFINITIONAL_REPRESENTATION('',(#8999),#9003);
#8999 = LINE('',#9000,#9001);
#9000 = CARTESIAN_POINT('',(0.,0.));
#9001 = VECTOR('',#9002,1.);
#9002 = DIRECTION('',(0.,1.));
#9003 = ( GEOMETRIC_REPRESENTATION_CONTEXT(2) 
PARAMETRIC_REPRESENTATION_CONTEXT() REPRESENTATION_CONTEXT('2D SPACE',''
  ) );
#9004 = ORIENTED_EDGE('',*,*,#9005,.T.);
#9005 = EDGE_CURVE('',#8983,#9006,#9008,.T.);
#9006 = VERTEX_POINT('',#9007);
#9007 = CARTESIAN_POINT('',(-75.6,-31.7,4.4));
#9008 = SURFACE_CURVE('',#9009,(#9013,#9019),.PCURVE_S1.);
#9009 = LINE('',#9010,#9011);
#9010 = CARTESIAN_POINT('',(-75.6,-31.7,3.));
#9011 = VECTOR('',#9012,1.);
#9012 = DIRECTION('',(0.,0.,1.));
#9013 = PCURVE('',#2947,#9014);
#9014 = DEFINITIONAL_REPRESENTATION('',(#9015),#9018);
#9015 = B_SPLINE_CURVE_WITH_KNOTS('',1,(#9016,#9017),.UNSPECIFIED.,.F.,
  .F.,(2,2),(0.,1.4),.PIECEWISE_BEZIER_KNOTS.);
#9016 = CARTESIAN_POINT('',(0.,-23.9));
#9017 = CARTESIAN_POINT('',(1.4,-23.9));
#9018 = ( GEOMETRIC_REPRESENTATION_CONTEXT(2) 
PARAMETRIC_REPRESENTATION_CONTEXT() REPRESENTATION_CONTEXT('2D SPACE',''
  ) );
#9019 = PCURVE('',#9020,#9025);
#9020 = PLANE('',#9021);
#9021 = AXIS2_PLACEMENT_3D('',#9022,#9023,#9024);
#9022 = CARTESIAN_POINT('',(-75.7,-31.7,3.));
#9023 = DIRECTION('',(-0.,1.,0.));
#9024 = DIRECTION('',(0.,0.,1.));
#9025 = DEFINITIONAL_REPRESENTATION('',(#9026),#9029);
#9026 = B_SPLINE_CURVE_WITH_KNOTS('',1,(#9027,#9028),.UNSPECIFIED.,.F.,
  .F.,(2,2),(0.,1.4),.PIECEWISE_BEZIER_KNOTS.);
#9027 = CARTESIAN_POINT('',(0.,9.999999999999E-02));
#9028 = CARTESIAN_POINT('',(1.4,9.999999999999E-02));
#9029 = ( GEOMETRIC_REPRESENTATION_CONTEXT(2) 
PARAMETRIC_REPRESENTATION_CONTEXT() REPRESENTATION_CONTEXT('2D SPACE',''
  ) );
#9030 = ORIENTED_EDGE('',*,*,#9031,.F.);
#9031 = EDGE_CURVE('',#9032,#9006,#9034,.T.);
#9032 = VERTEX_POINT('',#9033);
#9033 = CARTESIAN_POINT('',(-75.6,-27.7,4.4));
#9034 = SURFACE_CURVE('',#9035,(#9039,#9045),.PCURVE_S1.);
#9035 = LINE('',#9036,#9037);
#9036 = CARTESIAN_POINT('',(-75.6,-43.65,4.4));
#9037 = VECTOR('',#9038,1.);
#9038 = DIRECTION('',(0.,-1.,0.));
#9039 = PCURVE('',#2947,#9040);
#9040 = DEFINITIONAL_REPRESENTATION('',(#9041),#9044);
#9041 = B_SPLINE_CURVE_WITH_KNOTS('',1,(#9042,#9043),.UNSPECIFIED.,.F.,
  .F.,(2,2),(-15.95,-11.95),.PIECEWISE_BEZIER_KNOTS.);
#9042 = CARTESIAN_POINT('',(1.4,-27.9));
#9043 = CARTESIAN_POINT('',(1.4,-23.9));
#9044 = ( GEOMETRIC_REPRESENTATION_CONTEXT(2) 
PARAMETRIC_REPRESENTATION_CONTEXT() REPRESENTATION_CONTEXT('2D SPACE',''
  ) );
#9045 = PCURVE('',#9046,#9051);
#9046 = PLANE('',#9047);
#9047 = AXIS2_PLACEMENT_3D('',#9048,#9049,#9050);
#9048 = CARTESIAN_POINT('',(-75.7,-31.7,4.4));
#9049 = DIRECTION('',(0.,0.,1.));
#9050 = DIRECTION('',(1.,0.,-0.));
#9051 = DEFINITIONAL_REPRESENTATION('',(#9052),#9055);
#9052 = B_SPLINE_CURVE_WITH_KNOTS('',1,(#9053,#9054),.UNSPECIFIED.,.F.,
  .F.,(2,2),(-15.95,-11.95),.PIECEWISE_BEZIER_KNOTS.);
#9053 = CARTESIAN_POINT('',(9.999999999999E-02,4.));
#9054 = CARTESIAN_POINT('',(9.999999999999E-02,0.));
#9055 = ( GEOMETRIC_REPRESENTATION_CONTEXT(2) 
PARAMETRIC_REPRESENTATION_CONTEXT() REPRESENTATION_CONTEXT('2D SPACE',''
  ) );
#9056 = ORIENTED_EDGE('',*,*,#9057,.F.);
#9057 = EDGE_CURVE('',#9058,#9032,#9060,.T.);
#9058 = VERTEX_POINT('',#9059);
#9059 = CARTESIAN_POINT('',(-75.6,-27.7,3.));
#9060 = SURFACE_CURVE('',#9061,(#9065,#9071),.PCURVE_S1.);
#9061 = LINE('',#9062,#9063);
#9062 = CARTESIAN_POINT('',(-75.6,-27.7,3.));
#9063 = VECTOR('',#9064,1.);
#9064 = DIRECTION('',(0.,0.,1.));
#9065 = PCURVE('',#2947,#9066);
#9066 = DEFINITIONAL_REPRESENTATION('',(#9067),#9070);
#9067 = B_SPLINE_CURVE_WITH_KNOTS('',1,(#9068,#9069),.UNSPECIFIED.,.F.,
  .F.,(2,2),(0.,1.4),.PIECEWISE_BEZIER_KNOTS.);
#9068 = CARTESIAN_POINT('',(0.,-27.9));
#9069 = CARTESIAN_POINT('',(1.4,-27.9));
#9070 = ( GEOMETRIC_REPRESENTATION_CONTEXT(2) 
PARAMETRIC_REPRESENTATION_CONTEXT() REPRESENTATION_CONTEXT('2D SPACE',''
  ) );
#9071 = PCURVE('',#9072,#9077);
#9072 = PLANE('',#9073);
#9073 = AXIS2_PLACEMENT_3D('',#9074,#9075,#9076);
#9074 = CARTESIAN_POINT('',(-75.7,-27.7,3.));
#9075 = DIRECTION('',(-0.,1.,0.));
#9076 = DIRECTION('',(0.,0.,1.));
#9077 = DEFINITIONAL_REPRESENTATION('',(#9078),#9081);
#9078 = B_SPLINE_CURVE_WITH_KNOTS('',1,(#9079,#9080),.UNSPECIFIED.,.F.,
  .F.,(2,2),(0.,1.4),.PIECEWISE_BEZIER_KNOTS.);
#9079 = CARTESIAN_POINT('',(0.,9.999999999999E-02));
#9080 = CARTESIAN_POINT('',(1.4,9.999999999999E-02));
#9081 = ( GEOMETRIC_REPRESENTATION_CONTEXT(2) 
PARAMETRIC_REPRESENTATION_CONTEXT() REPRESENTATION_CONTEXT('2D SPACE',''
  ) );
#9082 = ORIENTED_EDGE('',*,*,#9083,.T.);
#9083 = EDGE_CURVE('',#9058,#9084,#9086,.T.);
#9084 = VERTEX_POINT('',#9085);
#9085 = CARTESIAN_POINT('',(-75.6,-3.954743986657,3.));
#9086 = SURFACE_CURVE('',#9087,(#9091,#9098),.PCURVE_S1.);
#9087 = LINE('',#9088,#9089);
#9088 = CARTESIAN_POINT('',(-75.6,-55.6,3.));
#9089 = VECTOR('',#9090,1.);
#9090 = DIRECTION('',(-0.,1.,0.));
#9091 = PCURVE('',#2947,#9092);
#9092 = DEFINITIONAL_REPRESENTATION('',(#9093),#9097);
#9093 = LINE('',#9094,#9095);
#9094 = CARTESIAN_POINT('',(0.,0.));
#9095 = VECTOR('',#9096,1.);
#9096 = DIRECTION('',(0.,-1.));
#9097 = ( GEOMETRIC_REPRESENTATION_CONTEXT(2) 
PARAMETRIC_REPRESENTATION_CONTEXT() REPRESENTATION_CONTEXT('2D SPACE',''
  ) );
#9098 = PCURVE('',#8660,#9099);
#9099 = DEFINITIONAL_REPRESENTATION('',(#9100),#9104);
#9100 = LINE('',#9101,#9102);
#9101 = CARTESIAN_POINT('',(0.,0.));
#9102 = VECTOR('',#9103,1.);
#9103 = DIRECTION('',(0.,1.));
#9104 = ( GEOMETRIC_REPRESENTATION_CONTEXT(2) 
PARAMETRIC_REPRESENTATION_CONTEXT() REPRESENTATION_CONTEXT('2D SPACE',''
  ) );
#9105 = ORIENTED_EDGE('',*,*,#9106,.T.);
#9106 = EDGE_CURVE('',#9084,#2933,#9107,.T.);
#9107 = SURFACE_CURVE('',#9108,(#9112,#9118),.PCURVE_S1.);
#9108 = LINE('',#9109,#9110);
#9109 = CARTESIAN_POINT('',(-75.6,-3.954743986657,1.4));
#9110 = VECTOR('',#9111,1.);
#9111 = DIRECTION('',(0.,0.,1.));
#9112 = PCURVE('',#2947,#9113);
#9113 = DEFINITIONAL_REPRESENTATION('',(#9114),#9117);
#9114 = B_SPLINE_CURVE_WITH_KNOTS('',1,(#9115,#9116),.UNSPECIFIED.,.F.,
  .F.,(2,2),(1.42,3.58),.PIECEWISE_BEZIER_KNOTS.);
#9115 = CARTESIAN_POINT('',(-0.18,-51.64525601334));
#9116 = CARTESIAN_POINT('',(1.98,-51.64525601334));
#9117 = ( GEOMETRIC_REPRESENTATION_CONTEXT(2) 
PARAMETRIC_REPRESENTATION_CONTEXT() REPRESENTATION_CONTEXT('2D SPACE',''
  ) );
#9118 = PCURVE('',#2975,#9119);
#9119 = DEFINITIONAL_REPRESENTATION('',(#9120),#9123);
#9120 = B_SPLINE_CURVE_WITH_KNOTS('',1,(#9121,#9122),.UNSPECIFIED.,.F.,
  .F.,(2,2),(1.42,3.58),.PIECEWISE_BEZIER_KNOTS.);
#9121 = CARTESIAN_POINT('',(4.561820707608,1.42));
#9122 = CARTESIAN_POINT('',(4.561820707608,3.58));
#9123 = ( GEOMETRIC_REPRESENTATION_CONTEXT(2) 
PARAMETRIC_REPRESENTATION_CONTEXT() REPRESENTATION_CONTEXT('2D SPACE',''
  ) );
#9124 = ORIENTED_EDGE('',*,*,#2932,.F.);
#9125 = ADVANCED_FACE('',(#9126),#3393,.F.);
#9126 = FACE_BOUND('',#9127,.F.);
#9127 = EDGE_LOOP('',(#9128,#9129,#9130,#9151));
#9128 = ORIENTED_EDGE('',*,*,#8845,.F.);
#9129 = ORIENTED_EDGE('',*,*,#3659,.T.);
#9130 = ORIENTED_EDGE('',*,*,#9131,.T.);
#9131 = EDGE_CURVE('',#3662,#3353,#9132,.T.);
#9132 = SURFACE_CURVE('',#9133,(#9137,#9144),.PCURVE_S1.);
#9133 = LINE('',#9134,#9135);
#9134 = CARTESIAN_POINT('',(80.,-26.5,-1.));
#9135 = VECTOR('',#9136,1.);
#9136 = DIRECTION('',(0.,0.,1.));
#9137 = PCURVE('',#3393,#9138);
#9138 = DEFINITIONAL_REPRESENTATION('',(#9139),#9143);
#9139 = LINE('',#9140,#9141);
#9140 = CARTESIAN_POINT('',(0.,-23.2));
#9141 = VECTOR('',#9142,1.);
#9142 = DIRECTION('',(1.,0.));
#9143 = ( GEOMETRIC_REPRESENTATION_CONTEXT(2) 
PARAMETRIC_REPRESENTATION_CONTEXT() REPRESENTATION_CONTEXT('2D SPACE',''
  ) );
#9144 = PCURVE('',#3367,#9145);
#9145 = DEFINITIONAL_REPRESENTATION('',(#9146),#9150);
#9146 = LINE('',#9147,#9148);
#9147 = CARTESIAN_POINT('',(0.,6.2));
#9148 = VECTOR('',#9149,1.);
#9149 = DIRECTION('',(1.,0.));
#9150 = ( GEOMETRIC_REPRESENTATION_CONTEXT(2) 
PARAMETRIC_REPRESENTATION_CONTEXT() REPRESENTATION_CONTEXT('2D SPACE',''
  ) );
#9151 = ORIENTED_EDGE('',*,*,#3378,.F.);
#9152 = ADVANCED_FACE('',(#9153),#2975,.F.);
#9153 = FACE_BOUND('',#9154,.F.);
#9154 = EDGE_LOOP('',(#9155,#9181,#9204,#9231,#9232,#9254,#9255,#9256));
#9155 = ORIENTED_EDGE('',*,*,#9156,.F.);
#9156 = EDGE_CURVE('',#9157,#9159,#9161,.T.);
#9157 = VERTEX_POINT('',#9158);
#9158 = CARTESIAN_POINT('',(-71.,-9.797174393179E-16,3.));
#9159 = VERTEX_POINT('',#9160);
#9160 = CARTESIAN_POINT('',(-75.6,3.954743986657,3.));
#9161 = SURFACE_CURVE('',#9162,(#9167,#9174),.PCURVE_S1.);
#9162 = CIRCLE('',#9163,4.);
#9163 = AXIS2_PLACEMENT_3D('',#9164,#9165,#9166);
#9164 = CARTESIAN_POINT('',(-75.,0.,3.));
#9165 = DIRECTION('',(0.,0.,1.));
#9166 = DIRECTION('',(1.,0.,-0.));
#9167 = PCURVE('',#2975,#9168);
#9168 = DEFINITIONAL_REPRESENTATION('',(#9169),#9173);
#9169 = LINE('',#9170,#9171);
#9170 = CARTESIAN_POINT('',(0.,1.6));
#9171 = VECTOR('',#9172,1.);
#9172 = DIRECTION('',(1.,0.));
#9173 = ( GEOMETRIC_REPRESENTATION_CONTEXT(2) 
PARAMETRIC_REPRESENTATION_CONTEXT() REPRESENTATION_CONTEXT('2D SPACE',''
  ) );
#9174 = PCURVE('',#8660,#9175);
#9175 = DEFINITIONAL_REPRESENTATION('',(#9176),#9180);
#9176 = CIRCLE('',#9177,4.);
#9177 = AXIS2_PLACEMENT_2D('',#9178,#9179);
#9178 = CARTESIAN_POINT('',(0.6,55.6));
#9179 = DIRECTION('',(1.,0.));
#9180 = ( GEOMETRIC_REPRESENTATION_CONTEXT(2) 
PARAMETRIC_REPRESENTATION_CONTEXT() REPRESENTATION_CONTEXT('2D SPACE',''
  ) );
#9181 = ORIENTED_EDGE('',*,*,#9182,.F.);
#9182 = EDGE_CURVE('',#9183,#9157,#9185,.T.);
#9183 = VERTEX_POINT('',#9184);
#9184 = CARTESIAN_POINT('',(-71.,-9.797174393179E-16,1.4));
#9185 = SEAM_CURVE('',#9186,(#9190,#9197),.PCURVE_S1.);
#9186 = LINE('',#9187,#9188);
#9187 = CARTESIAN_POINT('',(-71.,-9.797174393179E-16,1.4));
#9188 = VECTOR('',#9189,1.);
#9189 = DIRECTION('',(0.,0.,1.));
#9190 = PCURVE('',#2975,#9191);
#9191 = DEFINITIONAL_REPRESENTATION('',(#9192),#9196);
#9192 = LINE('',#9193,#9194);
#9193 = CARTESIAN_POINT('',(6.28318530718,-0.));
#9194 = VECTOR('',#9195,1.);
#9195 = DIRECTION('',(0.,1.));
#9196 = ( GEOMETRIC_REPRESENTATION_CONTEXT(2) 
PARAMETRIC_REPRESENTATION_CONTEXT() REPRESENTATION_CONTEXT('2D SPACE',''
  ) );
#9197 = PCURVE('',#2975,#9198);
#9198 = DEFINITIONAL_REPRESENTATION('',(#9199),#9203);
#9199 = LINE('',#9200,#9201);
#9200 = CARTESIAN_POINT('',(0.,-0.));
#9201 = VECTOR('',#9202,1.);
#9202 = DIRECTION('',(0.,1.));
#9203 = ( GEOMETRIC_REPRESENTATION_CONTEXT(2) 
PARAMETRIC_REPRESENTATION_CONTEXT() REPRESENTATION_CONTEXT('2D SPACE',''
  ) );
#9204 = ORIENTED_EDGE('',*,*,#9205,.T.);
#9205 = EDGE_CURVE('',#9183,#9183,#9206,.T.);
#9206 = SURFACE_CURVE('',#9207,(#9212,#9219),.PCURVE_S1.);
#9207 = CIRCLE('',#9208,4.);
#9208 = AXIS2_PLACEMENT_3D('',#9209,#9210,#9211);
#9209 = CARTESIAN_POINT('',(-75.,0.,1.4));
#9210 = DIRECTION('',(0.,0.,1.));
#9211 = DIRECTION('',(1.,0.,-0.));
#9212 = PCURVE('',#2975,#9213);
#9213 = DEFINITIONAL_REPRESENTATION('',(#9214),#9218);
#9214 = LINE('',#9215,#9216);
#9215 = CARTESIAN_POINT('',(0.,0.));
#9216 = VECTOR('',#9217,1.);
#9217 = DIRECTION('',(1.,0.));
#9218 = ( GEOMETRIC_REPRESENTATION_CONTEXT(2) 
PARAMETRIC_REPRESENTATION_CONTEXT() REPRESENTATION_CONTEXT('2D SPACE',''
  ) );
#9219 = PCURVE('',#9220,#9225);
#9220 = PLANE('',#9221);
#9221 = AXIS2_PLACEMENT_3D('',#9222,#9223,#9224);
#9222 = CARTESIAN_POINT('',(-75.,0.,1.4));
#9223 = DIRECTION('',(0.,0.,1.));
#9224 = DIRECTION('',(1.,0.,-0.));
#9225 = DEFINITIONAL_REPRESENTATION('',(#9226),#9230);
#9226 = CIRCLE('',#9227,4.);
#9227 = AXIS2_PLACEMENT_2D('',#9228,#9229);
#9228 = CARTESIAN_POINT('',(0.,0.));
#9229 = DIRECTION('',(1.,0.));
#9230 = ( GEOMETRIC_REPRESENTATION_CONTEXT(2) 
PARAMETRIC_REPRESENTATION_CONTEXT() REPRESENTATION_CONTEXT('2D SPACE',''
  ) );
#9231 = ORIENTED_EDGE('',*,*,#9182,.T.);
#9232 = ORIENTED_EDGE('',*,*,#9233,.F.);
#9233 = EDGE_CURVE('',#9084,#9157,#9234,.T.);
#9234 = SURFACE_CURVE('',#9235,(#9240,#9247),.PCURVE_S1.);
#9235 = CIRCLE('',#9236,4.);
#9236 = AXIS2_PLACEMENT_3D('',#9237,#9238,#9239);
#9237 = CARTESIAN_POINT('',(-75.,0.,3.));
#9238 = DIRECTION('',(0.,0.,1.));
#9239 = DIRECTION('',(1.,0.,-0.));
#9240 = PCURVE('',#2975,#9241);
#9241 = DEFINITIONAL_REPRESENTATION('',(#9242),#9246);
#9242 = LINE('',#9243,#9244);
#9243 = CARTESIAN_POINT('',(0.,1.6));
#9244 = VECTOR('',#9245,1.);
#9245 = DIRECTION('',(1.,0.));
#9246 = ( GEOMETRIC_REPRESENTATION_CONTEXT(2) 
PARAMETRIC_REPRESENTATION_CONTEXT() REPRESENTATION_CONTEXT('2D SPACE',''
  ) );
#9247 = PCURVE('',#8660,#9248);
#9248 = DEFINITIONAL_REPRESENTATION('',(#9249),#9253);
#9249 = CIRCLE('',#9250,4.);
#9250 = AXIS2_PLACEMENT_2D('',#9251,#9252);
#9251 = CARTESIAN_POINT('',(0.6,55.6));
#9252 = DIRECTION('',(1.,0.));
#9253 = ( GEOMETRIC_REPRESENTATION_CONTEXT(2) 
PARAMETRIC_REPRESENTATION_CONTEXT() REPRESENTATION_CONTEXT('2D SPACE',''
  ) );
#9254 = ORIENTED_EDGE('',*,*,#9106,.T.);
#9255 = ORIENTED_EDGE('',*,*,#2958,.F.);
#9256 = ORIENTED_EDGE('',*,*,#9257,.F.);
#9257 = EDGE_CURVE('',#9159,#2959,#9258,.T.);
#9258 = SURFACE_CURVE('',#9259,(#9263,#9269),.PCURVE_S1.);
#9259 = LINE('',#9260,#9261);
#9260 = CARTESIAN_POINT('',(-75.6,3.954743986657,1.4));
#9261 = VECTOR('',#9262,1.);
#9262 = DIRECTION('',(0.,0.,1.));
#9263 = PCURVE('',#2975,#9264);
#9264 = DEFINITIONAL_REPRESENTATION('',(#9265),#9268);
#9265 = B_SPLINE_CURVE_WITH_KNOTS('',1,(#9266,#9267),.UNSPECIFIED.,.F.,
  .F.,(2,2),(1.42,3.58),.PIECEWISE_BEZIER_KNOTS.);
#9266 = CARTESIAN_POINT('',(1.721364599572,1.42));
#9267 = CARTESIAN_POINT('',(1.721364599572,3.58));
#9268 = ( GEOMETRIC_REPRESENTATION_CONTEXT(2) 
PARAMETRIC_REPRESENTATION_CONTEXT() REPRESENTATION_CONTEXT('2D SPACE',''
  ) );
#9269 = PCURVE('',#3002,#9270);
#9270 = DEFINITIONAL_REPRESENTATION('',(#9271),#9274);
#9271 = B_SPLINE_CURVE_WITH_KNOTS('',1,(#9272,#9273),.UNSPECIFIED.,.F.,
  .F.,(2,2),(1.42,3.58),.PIECEWISE_BEZIER_KNOTS.);
#9272 = CARTESIAN_POINT('',(-0.18,-59.55474398665));
#9273 = CARTESIAN_POINT('',(1.98,-59.55474398665));
#9274 = ( GEOMETRIC_REPRESENTATION_CONTEXT(2) 
PARAMETRIC_REPRESENTATION_CONTEXT() REPRESENTATION_CONTEXT('2D SPACE',''
  ) );
#9275 = ADVANCED_FACE('',(#9276),#3367,.F.);
#9276 = FACE_BOUND('',#9277,.F.);
#9277 = EDGE_LOOP('',(#9278,#9279,#9280,#9303,#9324,#9343));
#9278 = ORIENTED_EDGE('',*,*,#9131,.F.);
#9279 = ORIENTED_EDGE('',*,*,#4068,.T.);
#9280 = ORIENTED_EDGE('',*,*,#9281,.T.);
#9281 = EDGE_CURVE('',#4042,#9282,#9284,.T.);
#9282 = VERTEX_POINT('',#9283);
#9283 = CARTESIAN_POINT('',(73.8,-26.5,3.));
#9284 = SURFACE_CURVE('',#9285,(#9289,#9296),.PCURVE_S1.);
#9285 = LINE('',#9286,#9287);
#9286 = CARTESIAN_POINT('',(73.8,-26.5,-1.));
#9287 = VECTOR('',#9288,1.);
#9288 = DIRECTION('',(0.,0.,1.));
#9289 = PCURVE('',#3367,#9290);
#9290 = DEFINITIONAL_REPRESENTATION('',(#9291),#9295);
#9291 = LINE('',#9292,#9293);
#9292 = CARTESIAN_POINT('',(0.,0.));
#9293 = VECTOR('',#9294,1.);
#9294 = DIRECTION('',(1.,0.));
#9295 = ( GEOMETRIC_REPRESENTATION_CONTEXT(2) 
PARAMETRIC_REPRESENTATION_CONTEXT() REPRESENTATION_CONTEXT('2D SPACE',''
  ) );
#9296 = PCURVE('',#4057,#9297);
#9297 = DEFINITIONAL_REPRESENTATION('',(#9298),#9302);
#9298 = LINE('',#9299,#9300);
#9299 = CARTESIAN_POINT('',(0.,-23.2));
#9300 = VECTOR('',#9301,1.);
#9301 = DIRECTION('',(1.,0.));
#9302 = ( GEOMETRIC_REPRESENTATION_CONTEXT(2) 
PARAMETRIC_REPRESENTATION_CONTEXT() REPRESENTATION_CONTEXT('2D SPACE',''
  ) );
#9303 = ORIENTED_EDGE('',*,*,#9304,.F.);
#9304 = EDGE_CURVE('',#9305,#9282,#9307,.T.);
#9305 = VERTEX_POINT('',#9306);
#9306 = CARTESIAN_POINT('',(75.6,-26.5,3.));
#9307 = SURFACE_CURVE('',#9308,(#9312,#9318),.PCURVE_S1.);
#9308 = LINE('',#9309,#9310);
#9309 = CARTESIAN_POINT('',(-0.9,-26.5,3.));
#9310 = VECTOR('',#9311,1.);
#9311 = DIRECTION('',(-1.,-0.,0.));
#9312 = PCURVE('',#3367,#9313);
#9313 = DEFINITIONAL_REPRESENTATION('',(#9314),#9317);
#9314 = B_SPLINE_CURVE_WITH_KNOTS('',1,(#9315,#9316),.UNSPECIFIED.,.F.,
  .F.,(2,2),(-76.5,-74.7),.PIECEWISE_BEZIER_KNOTS.);
#9315 = CARTESIAN_POINT('',(4.,1.8));
#9316 = CARTESIAN_POINT('',(4.,0.));
#9317 = ( GEOMETRIC_REPRESENTATION_CONTEXT(2) 
PARAMETRIC_REPRESENTATION_CONTEXT() REPRESENTATION_CONTEXT('2D SPACE',''
  ) );
#9318 = PCURVE('',#8660,#9319);
#9319 = DEFINITIONAL_REPRESENTATION('',(#9320),#9323);
#9320 = B_SPLINE_CURVE_WITH_KNOTS('',1,(#9321,#9322),.UNSPECIFIED.,.F.,
  .F.,(2,2),(-76.5,-74.7),.PIECEWISE_BEZIER_KNOTS.);
#9321 = CARTESIAN_POINT('',(151.2,29.1));
#9322 = CARTESIAN_POINT('',(149.4,29.1));
#9323 = ( GEOMETRIC_REPRESENTATION_CONTEXT(2) 
PARAMETRIC_REPRESENTATION_CONTEXT() REPRESENTATION_CONTEXT('2D SPACE',''
  ) );
#9324 = ORIENTED_EDGE('',*,*,#9325,.T.);
#9325 = EDGE_CURVE('',#9305,#3327,#9326,.T.);
#9326 = SURFACE_CURVE('',#9327,(#9331,#9337),.PCURVE_S1.);
#9327 = LINE('',#9328,#9329);
#9328 = CARTESIAN_POINT('',(75.6,-26.5,1.));
#9329 = VECTOR('',#9330,1.);
#9330 = DIRECTION('',(0.,0.,1.));
#9331 = PCURVE('',#3367,#9332);
#9332 = DEFINITIONAL_REPRESENTATION('',(#9333),#9336);
#9333 = B_SPLINE_CURVE_WITH_KNOTS('',1,(#9334,#9335),.UNSPECIFIED.,.F.,
  .F.,(2,2),(2.,3.8),.PIECEWISE_BEZIER_KNOTS.);
#9334 = CARTESIAN_POINT('',(4.,1.8));
#9335 = CARTESIAN_POINT('',(5.8,1.8));
#9336 = ( GEOMETRIC_REPRESENTATION_CONTEXT(2) 
PARAMETRIC_REPRESENTATION_CONTEXT() REPRESENTATION_CONTEXT('2D SPACE',''
  ) );
#9337 = PCURVE('',#3341,#9338);
#9338 = DEFINITIONAL_REPRESENTATION('',(#9339),#9342);
#9339 = B_SPLINE_CURVE_WITH_KNOTS('',1,(#9340,#9341),.UNSPECIFIED.,.F.,
  .F.,(2,2),(2.,3.8),.PIECEWISE_BEZIER_KNOTS.);
#9340 = CARTESIAN_POINT('',(0.,-29.1));
#9341 = CARTESIAN_POINT('',(1.8,-29.1));
#9342 = ( GEOMETRIC_REPRESENTATION_CONTEXT(2) 
PARAMETRIC_REPRESENTATION_CONTEXT() REPRESENTATION_CONTEXT('2D SPACE',''
  ) );
#9343 = ORIENTED_EDGE('',*,*,#3352,.F.);
#9344 = ADVANCED_FACE('',(#9345),#3002,.T.);
#9345 = FACE_BOUND('',#9346,.T.);
#9346 = EDGE_LOOP('',(#9347,#9348,#9349,#9372,#9398,#9424,#9450,#9473));
#9347 = ORIENTED_EDGE('',*,*,#2987,.F.);
#9348 = ORIENTED_EDGE('',*,*,#9257,.F.);
#9349 = ORIENTED_EDGE('',*,*,#9350,.T.);
#9350 = EDGE_CURVE('',#9159,#9351,#9353,.T.);
#9351 = VERTEX_POINT('',#9352);
#9352 = CARTESIAN_POINT('',(-75.6,27.7,3.));
#9353 = SURFACE_CURVE('',#9354,(#9358,#9365),.PCURVE_S1.);
#9354 = LINE('',#9355,#9356);
#9355 = CARTESIAN_POINT('',(-75.6,-55.6,3.));
#9356 = VECTOR('',#9357,1.);
#9357 = DIRECTION('',(-0.,1.,0.));
#9358 = PCURVE('',#3002,#9359);
#9359 = DEFINITIONAL_REPRESENTATION('',(#9360),#9364);
#9360 = LINE('',#9361,#9362);
#9361 = CARTESIAN_POINT('',(0.,0.));
#9362 = VECTOR('',#9363,1.);
#9363 = DIRECTION('',(0.,-1.));
#9364 = ( GEOMETRIC_REPRESENTATION_CONTEXT(2) 
PARAMETRIC_REPRESENTATION_CONTEXT() REPRESENTATION_CONTEXT('2D SPACE',''
  ) );
#9365 = PCURVE('',#8660,#9366);
#9366 = DEFINITIONAL_REPRESENTATION('',(#9367),#9371);
#9367 = LINE('',#9368,#9369);
#9368 = CARTESIAN_POINT('',(0.,0.));
#9369 = VECTOR('',#9370,1.);
#9370 = DIRECTION('',(0.,1.));
#9371 = ( GEOMETRIC_REPRESENTATION_CONTEXT(2) 
PARAMETRIC_REPRESENTATION_CONTEXT() REPRESENTATION_CONTEXT('2D SPACE',''
  ) );
#9372 = ORIENTED_EDGE('',*,*,#9373,.T.);
#9373 = EDGE_CURVE('',#9351,#9374,#9376,.T.);
#9374 = VERTEX_POINT('',#9375);
#9375 = CARTESIAN_POINT('',(-75.6,27.7,4.4));
#9376 = SURFACE_CURVE('',#9377,(#9381,#9387),.PCURVE_S1.);
#9377 = LINE('',#9378,#9379);
#9378 = CARTESIAN_POINT('',(-75.6,27.7,3.));
#9379 = VECTOR('',#9380,1.);
#9380 = DIRECTION('',(0.,0.,1.));
#9381 = PCURVE('',#3002,#9382);
#9382 = DEFINITIONAL_REPRESENTATION('',(#9383),#9386);
#9383 = B_SPLINE_CURVE_WITH_KNOTS('',1,(#9384,#9385),.UNSPECIFIED.,.F.,
  .F.,(2,2),(0.,1.4),.PIECEWISE_BEZIER_KNOTS.);
#9384 = CARTESIAN_POINT('',(0.,-83.3));
#9385 = CARTESIAN_POINT('',(1.4,-83.3));
#9386 = ( GEOMETRIC_REPRESENTATION_CONTEXT(2) 
PARAMETRIC_REPRESENTATION_CONTEXT() REPRESENTATION_CONTEXT('2D SPACE',''
  ) );
#9387 = PCURVE('',#9388,#9393);
#9388 = PLANE('',#9389);
#9389 = AXIS2_PLACEMENT_3D('',#9390,#9391,#9392);
#9390 = CARTESIAN_POINT('',(-75.7,27.7,3.));
#9391 = DIRECTION('',(-0.,1.,0.));
#9392 = DIRECTION('',(0.,0.,1.));
#9393 = DEFINITIONAL_REPRESENTATION('',(#9394),#9397);
#9394 = B_SPLINE_CURVE_WITH_KNOTS('',1,(#9395,#9396),.UNSPECIFIED.,.F.,
  .F.,(2,2),(0.,1.4),.PIECEWISE_BEZIER_KNOTS.);
#9395 = CARTESIAN_POINT('',(0.,9.999999999999E-02));
#9396 = CARTESIAN_POINT('',(1.4,9.999999999999E-02));
#9397 = ( GEOMETRIC_REPRESENTATION_CONTEXT(2) 
PARAMETRIC_REPRESENTATION_CONTEXT() REPRESENTATION_CONTEXT('2D SPACE',''
  ) );
#9398 = ORIENTED_EDGE('',*,*,#9399,.F.);
#9399 = EDGE_CURVE('',#9400,#9374,#9402,.T.);
#9400 = VERTEX_POINT('',#9401);
#9401 = CARTESIAN_POINT('',(-75.6,31.7,4.4));
#9402 = SURFACE_CURVE('',#9403,(#9407,#9413),.PCURVE_S1.);
#9403 = LINE('',#9404,#9405);
#9404 = CARTESIAN_POINT('',(-75.6,-13.95,4.4));
#9405 = VECTOR('',#9406,1.);
#9406 = DIRECTION('',(0.,-1.,0.));
#9407 = PCURVE('',#3002,#9408);
#9408 = DEFINITIONAL_REPRESENTATION('',(#9409),#9412);
#9409 = B_SPLINE_CURVE_WITH_KNOTS('',1,(#9410,#9411),.UNSPECIFIED.,.F.,
  .F.,(2,2),(-45.65,-41.65),.PIECEWISE_BEZIER_KNOTS.);
#9410 = CARTESIAN_POINT('',(1.4,-87.3));
#9411 = CARTESIAN_POINT('',(1.4,-83.3));
#9412 = ( GEOMETRIC_REPRESENTATION_CONTEXT(2) 
PARAMETRIC_REPRESENTATION_CONTEXT() REPRESENTATION_CONTEXT('2D SPACE',''
  ) );
#9413 = PCURVE('',#9414,#9419);
#9414 = PLANE('',#9415);
#9415 = AXIS2_PLACEMENT_3D('',#9416,#9417,#9418);
#9416 = CARTESIAN_POINT('',(-75.7,27.7,4.4));
#9417 = DIRECTION('',(0.,0.,1.));
#9418 = DIRECTION('',(1.,0.,-0.));
#9419 = DEFINITIONAL_REPRESENTATION('',(#9420),#9423);
#9420 = B_SPLINE_CURVE_WITH_KNOTS('',1,(#9421,#9422),.UNSPECIFIED.,.F.,
  .F.,(2,2),(-45.65,-41.65),.PIECEWISE_BEZIER_KNOTS.);
#9421 = CARTESIAN_POINT('',(9.999999999999E-02,4.));
#9422 = CARTESIAN_POINT('',(9.999999999999E-02,0.));
#9423 = ( GEOMETRIC_REPRESENTATION_CONTEXT(2) 
PARAMETRIC_REPRESENTATION_CONTEXT() REPRESENTATION_CONTEXT('2D SPACE',''
  ) );
#9424 = ORIENTED_EDGE('',*,*,#9425,.F.);
#9425 = EDGE_CURVE('',#9426,#9400,#9428,.T.);
#9426 = VERTEX_POINT('',#9427);
#9427 = CARTESIAN_POINT('',(-75.6,31.7,3.));
#9428 = SURFACE_CURVE('',#9429,(#9433,#9439),.PCURVE_S1.);
#9429 = LINE('',#9430,#9431);
#9430 = CARTESIAN_POINT('',(-75.6,31.7,3.));
#9431 = VECTOR('',#9432,1.);
#9432 = DIRECTION('',(0.,0.,1.));
#9433 = PCURVE('',#3002,#9434);
#9434 = DEFINITIONAL_REPRESENTATION('',(#9435),#9438);
#9435 = B_SPLINE_CURVE_WITH_KNOTS('',1,(#9436,#9437),.UNSPECIFIED.,.F.,
  .F.,(2,2),(0.,1.4),.PIECEWISE_BEZIER_KNOTS.);
#9436 = CARTESIAN_POINT('',(0.,-87.3));
#9437 = CARTESIAN_POINT('',(1.4,-87.3));
#9438 = ( GEOMETRIC_REPRESENTATION_CONTEXT(2) 
PARAMETRIC_REPRESENTATION_CONTEXT() REPRESENTATION_CONTEXT('2D SPACE',''
  ) );
#9439 = PCURVE('',#9440,#9445);
#9440 = PLANE('',#9441);
#9441 = AXIS2_PLACEMENT_3D('',#9442,#9443,#9444);
#9442 = CARTESIAN_POINT('',(-75.7,31.7,3.));
#9443 = DIRECTION('',(-0.,1.,0.));
#9444 = DIRECTION('',(0.,0.,1.));
#9445 = DEFINITIONAL_REPRESENTATION('',(#9446),#9449);
#9446 = B_SPLINE_CURVE_WITH_KNOTS('',1,(#9447,#9448),.UNSPECIFIED.,.F.,
  .F.,(2,2),(0.,1.4),.PIECEWISE_BEZIER_KNOTS.);
#9447 = CARTESIAN_POINT('',(0.,9.999999999999E-02));
#9448 = CARTESIAN_POINT('',(1.4,9.999999999999E-02));
#9449 = ( GEOMETRIC_REPRESENTATION_CONTEXT(2) 
PARAMETRIC_REPRESENTATION_CONTEXT() REPRESENTATION_CONTEXT('2D SPACE',''
  ) );
#9450 = ORIENTED_EDGE('',*,*,#9451,.T.);
#9451 = EDGE_CURVE('',#9426,#9452,#9454,.T.);
#9452 = VERTEX_POINT('',#9453);
#9453 = CARTESIAN_POINT('',(-75.6,55.6,3.));
#9454 = SURFACE_CURVE('',#9455,(#9459,#9466),.PCURVE_S1.);
#9455 = LINE('',#9456,#9457);
#9456 = CARTESIAN_POINT('',(-75.6,-55.6,3.));
#9457 = VECTOR('',#9458,1.);
#9458 = DIRECTION('',(-0.,1.,0.));
#9459 = PCURVE('',#3002,#9460);
#9460 = DEFINITIONAL_REPRESENTATION('',(#9461),#9465);
#9461 = LINE('',#9462,#9463);
#9462 = CARTESIAN_POINT('',(0.,0.));
#9463 = VECTOR('',#9464,1.);
#9464 = DIRECTION('',(0.,-1.));
#9465 = ( GEOMETRIC_REPRESENTATION_CONTEXT(2) 
PARAMETRIC_REPRESENTATION_CONTEXT() REPRESENTATION_CONTEXT('2D SPACE',''
  ) );
#9466 = PCURVE('',#8660,#9467);
#9467 = DEFINITIONAL_REPRESENTATION('',(#9468),#9472);
#9468 = LINE('',#9469,#9470);
#9469 = CARTESIAN_POINT('',(0.,0.));
#9470 = VECTOR('',#9471,1.);
#9471 = DIRECTION('',(0.,1.));
#9472 = ( GEOMETRIC_REPRESENTATION_CONTEXT(2) 
PARAMETRIC_REPRESENTATION_CONTEXT() REPRESENTATION_CONTEXT('2D SPACE',''
  ) );
#9473 = ORIENTED_EDGE('',*,*,#9474,.T.);
#9474 = EDGE_CURVE('',#9452,#2988,#9475,.T.);
#9475 = SURFACE_CURVE('',#9476,(#9480,#9487),.PCURVE_S1.);
#9476 = LINE('',#9477,#9478);
#9477 = CARTESIAN_POINT('',(-75.6,55.6,3.));
#9478 = VECTOR('',#9479,1.);
#9479 = DIRECTION('',(0.,0.,1.));
#9480 = PCURVE('',#3002,#9481);
#9481 = DEFINITIONAL_REPRESENTATION('',(#9482),#9486);
#9482 = LINE('',#9483,#9484);
#9483 = CARTESIAN_POINT('',(0.,-111.2));
#9484 = VECTOR('',#9485,1.);
#9485 = DIRECTION('',(1.,0.));
#9486 = ( GEOMETRIC_REPRESENTATION_CONTEXT(2) 
PARAMETRIC_REPRESENTATION_CONTEXT() REPRESENTATION_CONTEXT('2D SPACE',''
  ) );
#9487 = PCURVE('',#3028,#9488);
#9488 = DEFINITIONAL_REPRESENTATION('',(#9489),#9493);
#9489 = LINE('',#9490,#9491);
#9490 = CARTESIAN_POINT('',(0.,0.));
#9491 = VECTOR('',#9492,1.);
#9492 = DIRECTION('',(1.,0.));
#9493 = ( GEOMETRIC_REPRESENTATION_CONTEXT(2) 
PARAMETRIC_REPRESENTATION_CONTEXT() REPRESENTATION_CONTEXT('2D SPACE',''
  ) );
#9494 = ADVANCED_FACE('',(#9495),#3341,.F.);
#9495 = FACE_BOUND('',#9496,.F.);
#9496 = EDGE_LOOP('',(#9497,#9498,#9521,#9540));
#9497 = ORIENTED_EDGE('',*,*,#9325,.F.);
#9498 = ORIENTED_EDGE('',*,*,#9499,.T.);
#9499 = EDGE_CURVE('',#9305,#9500,#9502,.T.);
#9500 = VERTEX_POINT('',#9501);
#9501 = CARTESIAN_POINT('',(75.6,-3.954743986657,3.));
#9502 = SURFACE_CURVE('',#9503,(#9507,#9514),.PCURVE_S1.);
#9503 = LINE('',#9504,#9505);
#9504 = CARTESIAN_POINT('',(75.6,-55.6,3.));
#9505 = VECTOR('',#9506,1.);
#9506 = DIRECTION('',(-0.,1.,0.));
#9507 = PCURVE('',#3341,#9508);
#9508 = DEFINITIONAL_REPRESENTATION('',(#9509),#9513);
#9509 = LINE('',#9510,#9511);
#9510 = CARTESIAN_POINT('',(0.,0.));
#9511 = VECTOR('',#9512,1.);
#9512 = DIRECTION('',(0.,-1.));
#9513 = ( GEOMETRIC_REPRESENTATION_CONTEXT(2) 
PARAMETRIC_REPRESENTATION_CONTEXT() REPRESENTATION_CONTEXT('2D SPACE',''
  ) );
#9514 = PCURVE('',#8660,#9515);
#9515 = DEFINITIONAL_REPRESENTATION('',(#9516),#9520);
#9516 = LINE('',#9517,#9518);
#9517 = CARTESIAN_POINT('',(151.2,0.));
#9518 = VECTOR('',#9519,1.);
#9519 = DIRECTION('',(0.,1.));
#9520 = ( GEOMETRIC_REPRESENTATION_CONTEXT(2) 
PARAMETRIC_REPRESENTATION_CONTEXT() REPRESENTATION_CONTEXT('2D SPACE',''
  ) );
#9521 = ORIENTED_EDGE('',*,*,#9522,.T.);
#9522 = EDGE_CURVE('',#9500,#3303,#9523,.T.);
#9523 = SURFACE_CURVE('',#9524,(#9528,#9534),.PCURVE_S1.);
#9524 = LINE('',#9525,#9526);
#9525 = CARTESIAN_POINT('',(75.6,-3.954743986657,1.4));
#9526 = VECTOR('',#9527,1.);
#9527 = DIRECTION('',(0.,0.,1.));
#9528 = PCURVE('',#3341,#9529);
#9529 = DEFINITIONAL_REPRESENTATION('',(#9530),#9533);
#9530 = B_SPLINE_CURVE_WITH_KNOTS('',1,(#9531,#9532),.UNSPECIFIED.,.F.,
  .F.,(2,2),(1.42,3.58),.PIECEWISE_BEZIER_KNOTS.);
#9531 = CARTESIAN_POINT('',(-0.18,-51.64525601334));
#9532 = CARTESIAN_POINT('',(1.98,-51.64525601334));
#9533 = ( GEOMETRIC_REPRESENTATION_CONTEXT(2) 
PARAMETRIC_REPRESENTATION_CONTEXT() REPRESENTATION_CONTEXT('2D SPACE',''
  ) );
#9534 = PCURVE('',#3290,#9535);
#9535 = DEFINITIONAL_REPRESENTATION('',(#9536),#9539);
#9536 = B_SPLINE_CURVE_WITH_KNOTS('',1,(#9537,#9538),.UNSPECIFIED.,.F.,
  .F.,(2,2),(1.42,3.58),.PIECEWISE_BEZIER_KNOTS.);
#9537 = CARTESIAN_POINT('',(4.862957253161,1.42));
#9538 = CARTESIAN_POINT('',(4.862957253161,3.58));
#9539 = ( GEOMETRIC_REPRESENTATION_CONTEXT(2) 
PARAMETRIC_REPRESENTATION_CONTEXT() REPRESENTATION_CONTEXT('2D SPACE',''
  ) );
#9540 = ORIENTED_EDGE('',*,*,#3326,.F.);
#9541 = ADVANCED_FACE('',(#9542),#3028,.F.);
#9542 = FACE_BOUND('',#9543,.F.);
#9543 = EDGE_LOOP('',(#9544,#9565,#9586,#9587));
#9544 = ORIENTED_EDGE('',*,*,#9545,.F.);
#9545 = EDGE_CURVE('',#9546,#3014,#9548,.T.);
#9546 = VERTEX_POINT('',#9547);
#9547 = CARTESIAN_POINT('',(-3.2,55.6,3.));
#9548 = SURFACE_CURVE('',#9549,(#9553,#9559),.PCURVE_S1.);
#9549 = LINE('',#9550,#9551);
#9550 = CARTESIAN_POINT('',(-3.2,55.6,1.));
#9551 = VECTOR('',#9552,1.);
#9552 = DIRECTION('',(0.,0.,1.));
#9553 = PCURVE('',#3028,#9554);
#9554 = DEFINITIONAL_REPRESENTATION('',(#9555),#9558);
#9555 = B_SPLINE_CURVE_WITH_KNOTS('',1,(#9556,#9557),.UNSPECIFIED.,.F.,
  .F.,(2,2),(2.,3.8),.PIECEWISE_BEZIER_KNOTS.);
#9556 = CARTESIAN_POINT('',(0.,72.4));
#9557 = CARTESIAN_POINT('',(1.8,72.4));
#9558 = ( GEOMETRIC_REPRESENTATION_CONTEXT(2) 
PARAMETRIC_REPRESENTATION_CONTEXT() REPRESENTATION_CONTEXT('2D SPACE',''
  ) );
#9559 = PCURVE('',#3054,#9560);
#9560 = DEFINITIONAL_REPRESENTATION('',(#9561),#9564);
#9561 = B_SPLINE_CURVE_WITH_KNOTS('',1,(#9562,#9563),.UNSPECIFIED.,.F.,
  .F.,(2,2),(2.,3.8),.PIECEWISE_BEZIER_KNOTS.);
#9562 = CARTESIAN_POINT('',(4.,1.8));
#9563 = CARTESIAN_POINT('',(5.8,1.8));
#9564 = ( GEOMETRIC_REPRESENTATION_CONTEXT(2) 
PARAMETRIC_REPRESENTATION_CONTEXT() REPRESENTATION_CONTEXT('2D SPACE',''
  ) );
#9565 = ORIENTED_EDGE('',*,*,#9566,.F.);
#9566 = EDGE_CURVE('',#9452,#9546,#9567,.T.);
#9567 = SURFACE_CURVE('',#9568,(#9572,#9579),.PCURVE_S1.);
#9568 = LINE('',#9569,#9570);
#9569 = CARTESIAN_POINT('',(-75.6,55.6,3.));
#9570 = VECTOR('',#9571,1.);
#9571 = DIRECTION('',(1.,0.,-0.));
#9572 = PCURVE('',#3028,#9573);
#9573 = DEFINITIONAL_REPRESENTATION('',(#9574),#9578);
#9574 = LINE('',#9575,#9576);
#9575 = CARTESIAN_POINT('',(0.,0.));
#9576 = VECTOR('',#9577,1.);
#9577 = DIRECTION('',(0.,1.));
#9578 = ( GEOMETRIC_REPRESENTATION_CONTEXT(2) 
PARAMETRIC_REPRESENTATION_CONTEXT() REPRESENTATION_CONTEXT('2D SPACE',''
  ) );
#9579 = PCURVE('',#8660,#9580);
#9580 = DEFINITIONAL_REPRESENTATION('',(#9581),#9585);
#9581 = LINE('',#9582,#9583);
#9582 = CARTESIAN_POINT('',(0.,111.2));
#9583 = VECTOR('',#9584,1.);
#9584 = DIRECTION('',(1.,0.));
#9585 = ( GEOMETRIC_REPRESENTATION_CONTEXT(2) 
PARAMETRIC_REPRESENTATION_CONTEXT() REPRESENTATION_CONTEXT('2D SPACE',''
  ) );
#9586 = ORIENTED_EDGE('',*,*,#9474,.T.);
#9587 = ORIENTED_EDGE('',*,*,#3013,.F.);
#9588 = ADVANCED_FACE('',(#9589),#3290,.F.);
#9589 = FACE_BOUND('',#9590,.F.);
#9590 = EDGE_LOOP('',(#9591,#9592,#9615,#9642,#9643,#9644,#9645,#9669));
#9591 = ORIENTED_EDGE('',*,*,#3273,.F.);
#9592 = ORIENTED_EDGE('',*,*,#9593,.F.);
#9593 = EDGE_CURVE('',#9594,#3274,#9596,.T.);
#9594 = VERTEX_POINT('',#9595);
#9595 = CARTESIAN_POINT('',(79.,-9.797174393179E-16,1.4));
#9596 = SEAM_CURVE('',#9597,(#9601,#9608),.PCURVE_S1.);
#9597 = LINE('',#9598,#9599);
#9598 = CARTESIAN_POINT('',(79.,-9.797174393179E-16,1.4));
#9599 = VECTOR('',#9600,1.);
#9600 = DIRECTION('',(0.,0.,1.));
#9601 = PCURVE('',#3290,#9602);
#9602 = DEFINITIONAL_REPRESENTATION('',(#9603),#9607);
#9603 = LINE('',#9604,#9605);
#9604 = CARTESIAN_POINT('',(6.28318530718,-0.));
#9605 = VECTOR('',#9606,1.);
#9606 = DIRECTION('',(0.,1.));
#9607 = ( GEOMETRIC_REPRESENTATION_CONTEXT(2) 
PARAMETRIC_REPRESENTATION_CONTEXT() REPRESENTATION_CONTEXT('2D SPACE',''
  ) );
#9608 = PCURVE('',#3290,#9609);
#9609 = DEFINITIONAL_REPRESENTATION('',(#9610),#9614);
#9610 = LINE('',#9611,#9612);
#9611 = CARTESIAN_POINT('',(0.,-0.));
#9612 = VECTOR('',#9613,1.);
#9613 = DIRECTION('',(0.,1.));
#9614 = ( GEOMETRIC_REPRESENTATION_CONTEXT(2) 
PARAMETRIC_REPRESENTATION_CONTEXT() REPRESENTATION_CONTEXT('2D SPACE',''
  ) );
#9615 = ORIENTED_EDGE('',*,*,#9616,.T.);
#9616 = EDGE_CURVE('',#9594,#9594,#9617,.T.);
#9617 = SURFACE_CURVE('',#9618,(#9623,#9630),.PCURVE_S1.);
#9618 = CIRCLE('',#9619,4.);
#9619 = AXIS2_PLACEMENT_3D('',#9620,#9621,#9622);
#9620 = CARTESIAN_POINT('',(75.,0.,1.4));
#9621 = DIRECTION('',(0.,0.,1.));
#9622 = DIRECTION('',(1.,0.,-0.));
#9623 = PCURVE('',#3290,#9624);
#9624 = DEFINITIONAL_REPRESENTATION('',(#9625),#9629);
#9625 = LINE('',#9626,#9627);
#9626 = CARTESIAN_POINT('',(0.,0.));
#9627 = VECTOR('',#9628,1.);
#9628 = DIRECTION('',(1.,0.));
#9629 = ( GEOMETRIC_REPRESENTATION_CONTEXT(2) 
PARAMETRIC_REPRESENTATION_CONTEXT() REPRESENTATION_CONTEXT('2D SPACE',''
  ) );
#9630 = PCURVE('',#9631,#9636);
#9631 = PLANE('',#9632);
#9632 = AXIS2_PLACEMENT_3D('',#9633,#9634,#9635);
#9633 = CARTESIAN_POINT('',(75.,0.,1.4));
#9634 = DIRECTION('',(0.,0.,1.));
#9635 = DIRECTION('',(1.,0.,-0.));
#9636 = DEFINITIONAL_REPRESENTATION('',(#9637),#9641);
#9637 = CIRCLE('',#9638,4.);
#9638 = AXIS2_PLACEMENT_2D('',#9639,#9640);
#9639 = CARTESIAN_POINT('',(0.,0.));
#9640 = DIRECTION('',(1.,0.));
#9641 = ( GEOMETRIC_REPRESENTATION_CONTEXT(2) 
PARAMETRIC_REPRESENTATION_CONTEXT() REPRESENTATION_CONTEXT('2D SPACE',''
  ) );
#9642 = ORIENTED_EDGE('',*,*,#9593,.T.);
#9643 = ORIENTED_EDGE('',*,*,#3302,.F.);
#9644 = ORIENTED_EDGE('',*,*,#9522,.F.);
#9645 = ORIENTED_EDGE('',*,*,#9646,.F.);
#9646 = EDGE_CURVE('',#9647,#9500,#9649,.T.);
#9647 = VERTEX_POINT('',#9648);
#9648 = CARTESIAN_POINT('',(75.6,3.954743986657,3.));
#9649 = SURFACE_CURVE('',#9650,(#9655,#9662),.PCURVE_S1.);
#9650 = CIRCLE('',#9651,4.);
#9651 = AXIS2_PLACEMENT_3D('',#9652,#9653,#9654);
#9652 = CARTESIAN_POINT('',(75.,0.,3.));
#9653 = DIRECTION('',(0.,0.,1.));
#9654 = DIRECTION('',(1.,0.,-0.));
#9655 = PCURVE('',#3290,#9656);
#9656 = DEFINITIONAL_REPRESENTATION('',(#9657),#9661);
#9657 = LINE('',#9658,#9659);
#9658 = CARTESIAN_POINT('',(0.,1.6));
#9659 = VECTOR('',#9660,1.);
#9660 = DIRECTION('',(1.,0.));
#9661 = ( GEOMETRIC_REPRESENTATION_CONTEXT(2) 
PARAMETRIC_REPRESENTATION_CONTEXT() REPRESENTATION_CONTEXT('2D SPACE',''
  ) );
#9662 = PCURVE('',#8660,#9663);
#9663 = DEFINITIONAL_REPRESENTATION('',(#9664),#9668);
#9664 = CIRCLE('',#9665,4.);
#9665 = AXIS2_PLACEMENT_2D('',#9666,#9667);
#9666 = CARTESIAN_POINT('',(150.6,55.6));
#9667 = DIRECTION('',(1.,0.));
#9668 = ( GEOMETRIC_REPRESENTATION_CONTEXT(2) 
PARAMETRIC_REPRESENTATION_CONTEXT() REPRESENTATION_CONTEXT('2D SPACE',''
  ) );
#9669 = ORIENTED_EDGE('',*,*,#9670,.T.);
#9670 = EDGE_CURVE('',#9647,#3248,#9671,.T.);
#9671 = SURFACE_CURVE('',#9672,(#9676,#9682),.PCURVE_S1.);
#9672 = LINE('',#9673,#9674);
#9673 = CARTESIAN_POINT('',(75.6,3.954743986657,1.4));
#9674 = VECTOR('',#9675,1.);
#9675 = DIRECTION('',(0.,0.,1.));
#9676 = PCURVE('',#3290,#9677);
#9677 = DEFINITIONAL_REPRESENTATION('',(#9678),#9681);
#9678 = B_SPLINE_CURVE_WITH_KNOTS('',1,(#9679,#9680),.UNSPECIFIED.,.F.,
  .F.,(2,2),(1.42,3.58),.PIECEWISE_BEZIER_KNOTS.);
#9679 = CARTESIAN_POINT('',(1.420228054018,1.42));
#9680 = CARTESIAN_POINT('',(1.420228054018,3.58));
#9681 = ( GEOMETRIC_REPRESENTATION_CONTEXT(2) 
PARAMETRIC_REPRESENTATION_CONTEXT() REPRESENTATION_CONTEXT('2D SPACE',''
  ) );
#9682 = PCURVE('',#3262,#9683);
#9683 = DEFINITIONAL_REPRESENTATION('',(#9684),#9687);
#9684 = B_SPLINE_CURVE_WITH_KNOTS('',1,(#9685,#9686),.UNSPECIFIED.,.F.,
  .F.,(2,2),(1.42,3.58),.PIECEWISE_BEZIER_KNOTS.);
#9685 = CARTESIAN_POINT('',(-0.18,-59.55474398665));
#9686 = CARTESIAN_POINT('',(1.98,-59.55474398665));
#9687 = ( GEOMETRIC_REPRESENTATION_CONTEXT(2) 
PARAMETRIC_REPRESENTATION_CONTEXT() REPRESENTATION_CONTEXT('2D SPACE',''
  ) );
#9688 = ADVANCED_FACE('',(#9689),#3054,.F.);
#9689 = FACE_BOUND('',#9690,.F.);
#9690 = EDGE_LOOP('',(#9691,#9712,#9713,#9736,#9755,#9756));
#9691 = ORIENTED_EDGE('',*,*,#9692,.F.);
#9692 = EDGE_CURVE('',#4093,#3040,#9693,.T.);
#9693 = SURFACE_CURVE('',#9694,(#9698,#9705),.PCURVE_S1.);
#9694 = LINE('',#9695,#9696);
#9695 = CARTESIAN_POINT('',(-3.2,60.,-1.));
#9696 = VECTOR('',#9697,1.);
#9697 = DIRECTION('',(0.,0.,1.));
#9698 = PCURVE('',#3054,#9699);
#9699 = DEFINITIONAL_REPRESENTATION('',(#9700),#9704);
#9700 = LINE('',#9701,#9702);
#9701 = CARTESIAN_POINT('',(0.,6.2));
#9702 = VECTOR('',#9703,1.);
#9703 = DIRECTION('',(1.,0.));
#9704 = ( GEOMETRIC_REPRESENTATION_CONTEXT(2) 
PARAMETRIC_REPRESENTATION_CONTEXT() REPRESENTATION_CONTEXT('2D SPACE',''
  ) );
#9705 = PCURVE('',#3080,#9706);
#9706 = DEFINITIONAL_REPRESENTATION('',(#9707),#9711);
#9707 = LINE('',#9708,#9709);
#9708 = CARTESIAN_POINT('',(0.,-23.2));
#9709 = VECTOR('',#9710,1.);
#9710 = DIRECTION('',(1.,0.));
#9711 = ( GEOMETRIC_REPRESENTATION_CONTEXT(2) 
PARAMETRIC_REPRESENTATION_CONTEXT() REPRESENTATION_CONTEXT('2D SPACE',''
  ) );
#9712 = ORIENTED_EDGE('',*,*,#4499,.T.);
#9713 = ORIENTED_EDGE('',*,*,#9714,.T.);
#9714 = EDGE_CURVE('',#4473,#9715,#9717,.T.);
#9715 = VERTEX_POINT('',#9716);
#9716 = CARTESIAN_POINT('',(-3.2,53.8,3.));
#9717 = SURFACE_CURVE('',#9718,(#9722,#9729),.PCURVE_S1.);
#9718 = LINE('',#9719,#9720);
#9719 = CARTESIAN_POINT('',(-3.2,53.8,-1.));
#9720 = VECTOR('',#9721,1.);
#9721 = DIRECTION('',(0.,0.,1.));
#9722 = PCURVE('',#3054,#9723);
#9723 = DEFINITIONAL_REPRESENTATION('',(#9724),#9728);
#9724 = LINE('',#9725,#9726);
#9725 = CARTESIAN_POINT('',(0.,0.));
#9726 = VECTOR('',#9727,1.);
#9727 = DIRECTION('',(1.,0.));
#9728 = ( GEOMETRIC_REPRESENTATION_CONTEXT(2) 
PARAMETRIC_REPRESENTATION_CONTEXT() REPRESENTATION_CONTEXT('2D SPACE',''
  ) );
#9729 = PCURVE('',#4488,#9730);
#9730 = DEFINITIONAL_REPRESENTATION('',(#9731),#9735);
#9731 = LINE('',#9732,#9733);
#9732 = CARTESIAN_POINT('',(0.,-23.2));
#9733 = VECTOR('',#9734,1.);
#9734 = DIRECTION('',(1.,0.));
#9735 = ( GEOMETRIC_REPRESENTATION_CONTEXT(2) 
PARAMETRIC_REPRESENTATION_CONTEXT() REPRESENTATION_CONTEXT('2D SPACE',''
  ) );
#9736 = ORIENTED_EDGE('',*,*,#9737,.F.);
#9737 = EDGE_CURVE('',#9546,#9715,#9738,.T.);
#9738 = SURFACE_CURVE('',#9739,(#9743,#9749),.PCURVE_S1.);
#9739 = LINE('',#9740,#9741);
#9740 = CARTESIAN_POINT('',(-3.2,-0.9,3.));
#9741 = VECTOR('',#9742,1.);
#9742 = DIRECTION('',(-1.110223024625E-16,-1.,0.));
#9743 = PCURVE('',#3054,#9744);
#9744 = DEFINITIONAL_REPRESENTATION('',(#9745),#9748);
#9745 = B_SPLINE_CURVE_WITH_KNOTS('',1,(#9746,#9747),.UNSPECIFIED.,.F.,
  .F.,(2,2),(-56.5,-54.7),.PIECEWISE_BEZIER_KNOTS.);
#9746 = CARTESIAN_POINT('',(4.,1.8));
#9747 = CARTESIAN_POINT('',(4.,0.));
#9748 = ( GEOMETRIC_REPRESENTATION_CONTEXT(2) 
PARAMETRIC_REPRESENTATION_CONTEXT() REPRESENTATION_CONTEXT('2D SPACE',''
  ) );
#9749 = PCURVE('',#8660,#9750);
#9750 = DEFINITIONAL_REPRESENTATION('',(#9751),#9754);
#9751 = B_SPLINE_CURVE_WITH_KNOTS('',1,(#9752,#9753),.UNSPECIFIED.,.F.,
  .F.,(2,2),(-56.5,-54.7),.PIECEWISE_BEZIER_KNOTS.);
#9752 = CARTESIAN_POINT('',(72.4,111.2));
#9753 = CARTESIAN_POINT('',(72.4,109.4));
#9754 = ( GEOMETRIC_REPRESENTATION_CONTEXT(2) 
PARAMETRIC_REPRESENTATION_CONTEXT() REPRESENTATION_CONTEXT('2D SPACE',''
  ) );
#9755 = ORIENTED_EDGE('',*,*,#9545,.T.);
#9756 = ORIENTED_EDGE('',*,*,#3039,.F.);
#9757 = ADVANCED_FACE('',(#9758),#3080,.F.);
#9758 = FACE_BOUND('',#9759,.F.);
#9759 = EDGE_LOOP('',(#9760,#9781,#9782,#9783));
#9760 = ORIENTED_EDGE('',*,*,#9761,.F.);
#9761 = EDGE_CURVE('',#4091,#3066,#9762,.T.);
#9762 = SURFACE_CURVE('',#9763,(#9767,#9774),.PCURVE_S1.);
#9763 = LINE('',#9764,#9765);
#9764 = CARTESIAN_POINT('',(20.,60.,-1.));
#9765 = VECTOR('',#9766,1.);
#9766 = DIRECTION('',(0.,0.,1.));
#9767 = PCURVE('',#3080,#9768);
#9768 = DEFINITIONAL_REPRESENTATION('',(#9769),#9773);
#9769 = LINE('',#9770,#9771);
#9770 = CARTESIAN_POINT('',(0.,0.));
#9771 = VECTOR('',#9772,1.);
#9772 = DIRECTION('',(1.,0.));
#9773 = ( GEOMETRIC_REPRESENTATION_CONTEXT(2) 
PARAMETRIC_REPRESENTATION_CONTEXT() REPRESENTATION_CONTEXT('2D SPACE',''
  ) );
#9774 = PCURVE('',#3106,#9775);
#9775 = DEFINITIONAL_REPRESENTATION('',(#9776),#9780);
#9776 = LINE('',#9777,#9778);
#9777 = CARTESIAN_POINT('',(0.,6.2));
#9778 = VECTOR('',#9779,1.);
#9779 = DIRECTION('',(1.,0.));
#9780 = ( GEOMETRIC_REPRESENTATION_CONTEXT(2) 
PARAMETRIC_REPRESENTATION_CONTEXT() REPRESENTATION_CONTEXT('2D SPACE',''
  ) );
#9781 = ORIENTED_EDGE('',*,*,#4090,.T.);
#9782 = ORIENTED_EDGE('',*,*,#9692,.T.);
#9783 = ORIENTED_EDGE('',*,*,#3065,.F.);
#9784 = ADVANCED_FACE('',(#9785),#3262,.F.);
#9785 = FACE_BOUND('',#9786,.F.);
#9786 = EDGE_LOOP('',(#9787,#9788,#9811,#9830));
#9787 = ORIENTED_EDGE('',*,*,#9670,.F.);
#9788 = ORIENTED_EDGE('',*,*,#9789,.T.);
#9789 = EDGE_CURVE('',#9647,#9790,#9792,.T.);
#9790 = VERTEX_POINT('',#9791);
#9791 = CARTESIAN_POINT('',(75.6,9.7,3.));
#9792 = SURFACE_CURVE('',#9793,(#9797,#9804),.PCURVE_S1.);
#9793 = LINE('',#9794,#9795);
#9794 = CARTESIAN_POINT('',(75.6,-55.6,3.));
#9795 = VECTOR('',#9796,1.);
#9796 = DIRECTION('',(-0.,1.,0.));
#9797 = PCURVE('',#3262,#9798);
#9798 = DEFINITIONAL_REPRESENTATION('',(#9799),#9803);
#9799 = LINE('',#9800,#9801);
#9800 = CARTESIAN_POINT('',(0.,0.));
#9801 = VECTOR('',#9802,1.);
#9802 = DIRECTION('',(0.,-1.));
#9803 = ( GEOMETRIC_REPRESENTATION_CONTEXT(2) 
PARAMETRIC_REPRESENTATION_CONTEXT() REPRESENTATION_CONTEXT('2D SPACE',''
  ) );
#9804 = PCURVE('',#8660,#9805);
#9805 = DEFINITIONAL_REPRESENTATION('',(#9806),#9810);
#9806 = LINE('',#9807,#9808);
#9807 = CARTESIAN_POINT('',(151.2,0.));
#9808 = VECTOR('',#9809,1.);
#9809 = DIRECTION('',(0.,1.));
#9810 = ( GEOMETRIC_REPRESENTATION_CONTEXT(2) 
PARAMETRIC_REPRESENTATION_CONTEXT() REPRESENTATION_CONTEXT('2D SPACE',''
  ) );
#9811 = ORIENTED_EDGE('',*,*,#9812,.T.);
#9812 = EDGE_CURVE('',#9790,#3222,#9813,.T.);
#9813 = SURFACE_CURVE('',#9814,(#9818,#9824),.PCURVE_S1.);
#9814 = LINE('',#9815,#9816);
#9815 = CARTESIAN_POINT('',(75.6,9.7,1.));
#9816 = VECTOR('',#9817,1.);
#9817 = DIRECTION('',(0.,0.,1.));
#9818 = PCURVE('',#3262,#9819);
#9819 = DEFINITIONAL_REPRESENTATION('',(#9820),#9823);
#9820 = B_SPLINE_CURVE_WITH_KNOTS('',1,(#9821,#9822),.UNSPECIFIED.,.F.,
  .F.,(2,2),(2.,3.8),.PIECEWISE_BEZIER_KNOTS.);
#9821 = CARTESIAN_POINT('',(0.,-65.3));
#9822 = CARTESIAN_POINT('',(1.8,-65.3));
#9823 = ( GEOMETRIC_REPRESENTATION_CONTEXT(2) 
PARAMETRIC_REPRESENTATION_CONTEXT() REPRESENTATION_CONTEXT('2D SPACE',''
  ) );
#9824 = PCURVE('',#3236,#9825);
#9825 = DEFINITIONAL_REPRESENTATION('',(#9826),#9829);
#9826 = B_SPLINE_CURVE_WITH_KNOTS('',1,(#9827,#9828),.UNSPECIFIED.,.F.,
  .F.,(2,2),(2.,3.8),.PIECEWISE_BEZIER_KNOTS.);
#9827 = CARTESIAN_POINT('',(4.,1.8));
#9828 = CARTESIAN_POINT('',(5.8,1.8));
#9829 = ( GEOMETRIC_REPRESENTATION_CONTEXT(2) 
PARAMETRIC_REPRESENTATION_CONTEXT() REPRESENTATION_CONTEXT('2D SPACE',''
  ) );
#9830 = ORIENTED_EDGE('',*,*,#3247,.F.);
#9831 = ADVANCED_FACE('',(#9832),#3106,.T.);
#9832 = FACE_BOUND('',#9833,.T.);
#9833 = EDGE_LOOP('',(#9834,#9835,#9836,#9857,#9883,#9902,#9903,#9926,
    #9947,#9966));
#9834 = ORIENTED_EDGE('',*,*,#9761,.F.);
#9835 = ORIENTED_EDGE('',*,*,#4114,.T.);
#9836 = ORIENTED_EDGE('',*,*,#9837,.T.);
#9837 = EDGE_CURVE('',#4115,#9838,#9840,.T.);
#9838 = VERTEX_POINT('',#9839);
#9839 = CARTESIAN_POINT('',(20.,58.587298334621,4.4));
#9840 = SURFACE_CURVE('',#9841,(#9845,#9851),.PCURVE_S1.);
#9841 = LINE('',#9842,#9843);
#9842 = CARTESIAN_POINT('',(20.,58.587298334621,0.));
#9843 = VECTOR('',#9844,1.);
#9844 = DIRECTION('',(0.,0.,1.));
#9845 = PCURVE('',#3106,#9846);
#9846 = DEFINITIONAL_REPRESENTATION('',(#9847),#9850);
#9847 = B_SPLINE_CURVE_WITH_KNOTS('',1,(#9848,#9849),.UNSPECIFIED.,.F.,
  .F.,(2,2),(-6.E-07,4.4000006),.PIECEWISE_BEZIER_KNOTS.);
#9848 = CARTESIAN_POINT('',(0.9999994,4.787298334621));
#9849 = CARTESIAN_POINT('',(5.4000006,4.787298334621));
#9850 = ( GEOMETRIC_REPRESENTATION_CONTEXT(2) 
PARAMETRIC_REPRESENTATION_CONTEXT() REPRESENTATION_CONTEXT('2D SPACE',''
  ) );
#9851 = PCURVE('',#4153,#9852);
#9852 = DEFINITIONAL_REPRESENTATION('',(#9853),#9856);
#9853 = B_SPLINE_CURVE_WITH_KNOTS('',1,(#9854,#9855),.UNSPECIFIED.,.F.,
  .F.,(2,2),(-6.E-07,4.4000006),.PIECEWISE_BEZIER_KNOTS.);
#9854 = CARTESIAN_POINT('',(0.252680255142,-6.E-07));
#9855 = CARTESIAN_POINT('',(0.252680255142,4.4000006));
#9856 = ( GEOMETRIC_REPRESENTATION_CONTEXT(2) 
PARAMETRIC_REPRESENTATION_CONTEXT() REPRESENTATION_CONTEXT('2D SPACE',''
  ) );
#9857 = ORIENTED_EDGE('',*,*,#9858,.F.);
#9858 = EDGE_CURVE('',#9859,#9838,#9861,.T.);
#9859 = VERTEX_POINT('',#9860);
#9860 = CARTESIAN_POINT('',(20.,55.812701665379,4.4));
#9861 = SURFACE_CURVE('',#9862,(#9866,#9872),.PCURVE_S1.);
#9862 = LINE('',#9863,#9864);
#9863 = CARTESIAN_POINT('',(20.,55.2,4.4));
#9864 = VECTOR('',#9865,1.);
#9865 = DIRECTION('',(1.110223024625E-16,1.,-0.));
#9866 = PCURVE('',#3106,#9867);
#9867 = DEFINITIONAL_REPRESENTATION('',(#9868),#9871);
#9868 = B_SPLINE_CURVE_WITH_KNOTS('',1,(#9869,#9870),.UNSPECIFIED.,.F.,
  .F.,(2,2),(-0.2,3.4),.PIECEWISE_BEZIER_KNOTS.);
#9869 = CARTESIAN_POINT('',(5.4,1.2));
#9870 = CARTESIAN_POINT('',(5.4,4.8));
#9871 = ( GEOMETRIC_REPRESENTATION_CONTEXT(2) 
PARAMETRIC_REPRESENTATION_CONTEXT() REPRESENTATION_CONTEXT('2D SPACE',''
  ) );
#9872 = PCURVE('',#9873,#9878);
#9873 = PLANE('',#9874);
#9874 = AXIS2_PLACEMENT_3D('',#9875,#9876,#9877);
#9875 = CARTESIAN_POINT('',(21.,56.6,4.4));
#9876 = DIRECTION('',(0.,0.,1.));
#9877 = DIRECTION('',(1.110223024625E-16,1.,0.));
#9878 = DEFINITIONAL_REPRESENTATION('',(#9879),#9882);
#9879 = B_SPLINE_CURVE_WITH_KNOTS('',1,(#9880,#9881),.UNSPECIFIED.,.F.,
  .F.,(2,2),(-0.2,3.4),.PIECEWISE_BEZIER_KNOTS.);
#9880 = CARTESIAN_POINT('',(-1.6,1.));
#9881 = CARTESIAN_POINT('',(2.,1.));
#9882 = ( GEOMETRIC_REPRESENTATION_CONTEXT(2) 
PARAMETRIC_REPRESENTATION_CONTEXT() REPRESENTATION_CONTEXT('2D SPACE',''
  ) );
#9883 = ORIENTED_EDGE('',*,*,#9884,.F.);
#9884 = EDGE_CURVE('',#4418,#9859,#9885,.T.);
#9885 = SURFACE_CURVE('',#9886,(#9890,#9896),.PCURVE_S1.);
#9886 = LINE('',#9887,#9888);
#9887 = CARTESIAN_POINT('',(20.,55.812701665379,0.));
#9888 = VECTOR('',#9889,1.);
#9889 = DIRECTION('',(0.,0.,1.));
#9890 = PCURVE('',#3106,#9891);
#9891 = DEFINITIONAL_REPRESENTATION('',(#9892),#9895);
#9892 = B_SPLINE_CURVE_WITH_KNOTS('',1,(#9893,#9894),.UNSPECIFIED.,.F.,
  .F.,(2,2),(-6.E-07,4.4000006),.PIECEWISE_BEZIER_KNOTS.);
#9893 = CARTESIAN_POINT('',(0.9999994,2.012701665379));
#9894 = CARTESIAN_POINT('',(5.4000006,2.012701665379));
#9895 = ( GEOMETRIC_REPRESENTATION_CONTEXT(2) 
PARAMETRIC_REPRESENTATION_CONTEXT() REPRESENTATION_CONTEXT('2D SPACE',''
  ) );
#9896 = PCURVE('',#4438,#9897);
#9897 = DEFINITIONAL_REPRESENTATION('',(#9898),#9901);
#9898 = B_SPLINE_CURVE_WITH_KNOTS('',1,(#9899,#9900),.UNSPECIFIED.,.F.,
  .F.,(2,2),(-6.E-07,4.4000006),.PIECEWISE_BEZIER_KNOTS.);
#9899 = CARTESIAN_POINT('',(-0.252680255142,-6.E-07));
#9900 = CARTESIAN_POINT('',(-0.252680255142,4.4000006));
#9901 = ( GEOMETRIC_REPRESENTATION_CONTEXT(2) 
PARAMETRIC_REPRESENTATION_CONTEXT() REPRESENTATION_CONTEXT('2D SPACE',''
  ) );
#9902 = ORIENTED_EDGE('',*,*,#4450,.T.);
#9903 = ORIENTED_EDGE('',*,*,#9904,.T.);
#9904 = EDGE_CURVE('',#4451,#9905,#9907,.T.);
#9905 = VERTEX_POINT('',#9906);
#9906 = CARTESIAN_POINT('',(20.,53.8,3.));
#9907 = SURFACE_CURVE('',#9908,(#9912,#9919),.PCURVE_S1.);
#9908 = LINE('',#9909,#9910);
#9909 = CARTESIAN_POINT('',(20.,53.8,-1.));
#9910 = VECTOR('',#9911,1.);
#9911 = DIRECTION('',(0.,0.,1.));
#9912 = PCURVE('',#3106,#9913);
#9913 = DEFINITIONAL_REPRESENTATION('',(#9914),#9918);
#9914 = LINE('',#9915,#9916);
#9915 = CARTESIAN_POINT('',(0.,0.));
#9916 = VECTOR('',#9917,1.);
#9917 = DIRECTION('',(1.,0.));
#9918 = ( GEOMETRIC_REPRESENTATION_CONTEXT(2) 
PARAMETRIC_REPRESENTATION_CONTEXT() REPRESENTATION_CONTEXT('2D SPACE',''
  ) );
#9919 = PCURVE('',#4488,#9920);
#9920 = DEFINITIONAL_REPRESENTATION('',(#9921),#9925);
#9921 = LINE('',#9922,#9923);
#9922 = CARTESIAN_POINT('',(0.,0.));
#9923 = VECTOR('',#9924,1.);
#9924 = DIRECTION('',(1.,0.));
#9925 = ( GEOMETRIC_REPRESENTATION_CONTEXT(2) 
PARAMETRIC_REPRESENTATION_CONTEXT() REPRESENTATION_CONTEXT('2D SPACE',''
  ) );
#9926 = ORIENTED_EDGE('',*,*,#9927,.F.);
#9927 = EDGE_CURVE('',#9928,#9905,#9930,.T.);
#9928 = VERTEX_POINT('',#9929);
#9929 = CARTESIAN_POINT('',(20.,55.6,3.));
#9930 = SURFACE_CURVE('',#9931,(#9935,#9941),.PCURVE_S1.);
#9931 = LINE('',#9932,#9933);
#9932 = CARTESIAN_POINT('',(20.,-0.9,3.));
#9933 = VECTOR('',#9934,1.);
#9934 = DIRECTION('',(-1.110223024625E-16,-1.,0.));
#9935 = PCURVE('',#3106,#9936);
#9936 = DEFINITIONAL_REPRESENTATION('',(#9937),#9940);
#9937 = B_SPLINE_CURVE_WITH_KNOTS('',1,(#9938,#9939),.UNSPECIFIED.,.F.,
  .F.,(2,2),(-56.5,-54.7),.PIECEWISE_BEZIER_KNOTS.);
#9938 = CARTESIAN_POINT('',(4.,1.8));
#9939 = CARTESIAN_POINT('',(4.,0.));
#9940 = ( GEOMETRIC_REPRESENTATION_CONTEXT(2) 
PARAMETRIC_REPRESENTATION_CONTEXT() REPRESENTATION_CONTEXT('2D SPACE',''
  ) );
#9941 = PCURVE('',#8660,#9942);
#9942 = DEFINITIONAL_REPRESENTATION('',(#9943),#9946);
#9943 = B_SPLINE_CURVE_WITH_KNOTS('',1,(#9944,#9945),.UNSPECIFIED.,.F.,
  .F.,(2,2),(-56.5,-54.7),.PIECEWISE_BEZIER_KNOTS.);
#9944 = CARTESIAN_POINT('',(95.6,111.2));
#9945 = CARTESIAN_POINT('',(95.6,109.4));
#9946 = ( GEOMETRIC_REPRESENTATION_CONTEXT(2) 
PARAMETRIC_REPRESENTATION_CONTEXT() REPRESENTATION_CONTEXT('2D SPACE',''
  ) );
#9947 = ORIENTED_EDGE('',*,*,#9948,.T.);
#9948 = EDGE_CURVE('',#9928,#3092,#9949,.T.);
#9949 = SURFACE_CURVE('',#9950,(#9954,#9960),.PCURVE_S1.);
#9950 = LINE('',#9951,#9952);
#9951 = CARTESIAN_POINT('',(20.,55.6,1.));
#9952 = VECTOR('',#9953,1.);
#9953 = DIRECTION('',(0.,0.,1.));
#9954 = PCURVE('',#3106,#9955);
#9955 = DEFINITIONAL_REPRESENTATION('',(#9956),#9959);
#9956 = B_SPLINE_CURVE_WITH_KNOTS('',1,(#9957,#9958),.UNSPECIFIED.,.F.,
  .F.,(2,2),(2.,3.8),.PIECEWISE_BEZIER_KNOTS.);
#9957 = CARTESIAN_POINT('',(4.,1.8));
#9958 = CARTESIAN_POINT('',(5.8,1.8));
#9959 = ( GEOMETRIC_REPRESENTATION_CONTEXT(2) 
PARAMETRIC_REPRESENTATION_CONTEXT() REPRESENTATION_CONTEXT('2D SPACE',''
  ) );
#9960 = PCURVE('',#3132,#9961);
#9961 = DEFINITIONAL_REPRESENTATION('',(#9962),#9965);
#9962 = B_SPLINE_CURVE_WITH_KNOTS('',1,(#9963,#9964),.UNSPECIFIED.,.F.,
  .F.,(2,2),(2.,3.8),.PIECEWISE_BEZIER_KNOTS.);
#9963 = CARTESIAN_POINT('',(0.,95.6));
#9964 = CARTESIAN_POINT('',(1.8,95.6));
#9965 = ( GEOMETRIC_REPRESENTATION_CONTEXT(2) 
PARAMETRIC_REPRESENTATION_CONTEXT() REPRESENTATION_CONTEXT('2D SPACE',''
  ) );
#9966 = ORIENTED_EDGE('',*,*,#3091,.F.);
#9967 = ADVANCED_FACE('',(#9968),#3236,.T.);
#9968 = FACE_BOUND('',#9969,.T.);
#9969 = EDGE_LOOP('',(#9970,#9991,#9992,#10013,#10039,#10058,#10059,
    #10082,#10101,#10102));
#9970 = ORIENTED_EDGE('',*,*,#9971,.F.);
#9971 = EDGE_CURVE('',#4522,#3196,#9972,.T.);
#9972 = SURFACE_CURVE('',#9973,(#9977,#9984),.PCURVE_S1.);
#9973 = LINE('',#9974,#9975);
#9974 = CARTESIAN_POINT('',(80.,9.7,-1.));
#9975 = VECTOR('',#9976,1.);
#9976 = DIRECTION('',(0.,0.,1.));
#9977 = PCURVE('',#3236,#9978);
#9978 = DEFINITIONAL_REPRESENTATION('',(#9979),#9983);
#9979 = LINE('',#9980,#9981);
#9980 = CARTESIAN_POINT('',(0.,6.2));
#9981 = VECTOR('',#9982,1.);
#9982 = DIRECTION('',(1.,0.));
#9983 = ( GEOMETRIC_REPRESENTATION_CONTEXT(2) 
PARAMETRIC_REPRESENTATION_CONTEXT() REPRESENTATION_CONTEXT('2D SPACE',''
  ) );
#9984 = PCURVE('',#3210,#9985);
#9985 = DEFINITIONAL_REPRESENTATION('',(#9986),#9990);
#9986 = LINE('',#9987,#9988);
#9987 = CARTESIAN_POINT('',(0.,0.));
#9988 = VECTOR('',#9989,1.);
#9989 = DIRECTION('',(1.,0.));
#9990 = ( GEOMETRIC_REPRESENTATION_CONTEXT(2) 
PARAMETRIC_REPRESENTATION_CONTEXT() REPRESENTATION_CONTEXT('2D SPACE',''
  ) );
#9991 = ORIENTED_EDGE('',*,*,#4545,.T.);
#9992 = ORIENTED_EDGE('',*,*,#9993,.T.);
#9993 = EDGE_CURVE('',#4546,#9994,#9996,.T.);
#9994 = VERTEX_POINT('',#9995);
#9995 = CARTESIAN_POINT('',(78.587298334621,9.7,4.4));
#9996 = SURFACE_CURVE('',#9997,(#10001,#10007),.PCURVE_S1.);
#9997 = LINE('',#9998,#9999);
#9998 = CARTESIAN_POINT('',(78.587298334621,9.7,0.));
#9999 = VECTOR('',#10000,1.);
#10000 = DIRECTION('',(0.,0.,1.));
#10001 = PCURVE('',#3236,#10002);
#10002 = DEFINITIONAL_REPRESENTATION('',(#10003),#10006);
#10003 = B_SPLINE_CURVE_WITH_KNOTS('',1,(#10004,#10005),.UNSPECIFIED.,
  .F.,.F.,(2,2),(-6.E-07,4.4000006),.PIECEWISE_BEZIER_KNOTS.);
#10004 = CARTESIAN_POINT('',(0.9999994,4.787298334621));
#10005 = CARTESIAN_POINT('',(5.4000006,4.787298334621));
#10006 = ( GEOMETRIC_REPRESENTATION_CONTEXT(2) 
PARAMETRIC_REPRESENTATION_CONTEXT() REPRESENTATION_CONTEXT('2D SPACE',''
  ) );
#10007 = PCURVE('',#4584,#10008);
#10008 = DEFINITIONAL_REPRESENTATION('',(#10009),#10012);
#10009 = B_SPLINE_CURVE_WITH_KNOTS('',1,(#10010,#10011),.UNSPECIFIED.,
  .F.,.F.,(2,2),(-6.E-07,4.4000006),.PIECEWISE_BEZIER_KNOTS.);
#10010 = CARTESIAN_POINT('',(0.252680255142,-6.E-07));
#10011 = CARTESIAN_POINT('',(0.252680255142,4.4000006));
#10012 = ( GEOMETRIC_REPRESENTATION_CONTEXT(2) 
PARAMETRIC_REPRESENTATION_CONTEXT() REPRESENTATION_CONTEXT('2D SPACE',''
  ) );
#10013 = ORIENTED_EDGE('',*,*,#10014,.F.);
#10014 = EDGE_CURVE('',#10015,#9994,#10017,.T.);
#10015 = VERTEX_POINT('',#10016);
#10016 = CARTESIAN_POINT('',(75.812701665379,9.7,4.4));
#10017 = SURFACE_CURVE('',#10018,(#10022,#10028),.PCURVE_S1.);
#10018 = LINE('',#10019,#10020);
#10019 = CARTESIAN_POINT('',(75.2,9.7,4.4));
#10020 = VECTOR('',#10021,1.);
#10021 = DIRECTION('',(1.,0.,-0.));
#10022 = PCURVE('',#3236,#10023);
#10023 = DEFINITIONAL_REPRESENTATION('',(#10024),#10027);
#10024 = B_SPLINE_CURVE_WITH_KNOTS('',1,(#10025,#10026),.UNSPECIFIED.,
  .F.,.F.,(2,2),(-0.2,3.4),.PIECEWISE_BEZIER_KNOTS.);
#10025 = CARTESIAN_POINT('',(5.4,1.2));
#10026 = CARTESIAN_POINT('',(5.4,4.8));
#10027 = ( GEOMETRIC_REPRESENTATION_CONTEXT(2) 
PARAMETRIC_REPRESENTATION_CONTEXT() REPRESENTATION_CONTEXT('2D SPACE',''
  ) );
#10028 = PCURVE('',#10029,#10034);
#10029 = PLANE('',#10030);
#10030 = AXIS2_PLACEMENT_3D('',#10031,#10032,#10033);
#10031 = CARTESIAN_POINT('',(76.6,8.7,4.4));
#10032 = DIRECTION('',(0.,0.,1.));
#10033 = DIRECTION('',(1.,0.,-0.));
#10034 = DEFINITIONAL_REPRESENTATION('',(#10035),#10038);
#10035 = B_SPLINE_CURVE_WITH_KNOTS('',1,(#10036,#10037),.UNSPECIFIED.,
  .F.,.F.,(2,2),(-0.2,3.4),.PIECEWISE_BEZIER_KNOTS.);
#10036 = CARTESIAN_POINT('',(-1.6,1.));
#10037 = CARTESIAN_POINT('',(2.,1.));
#10038 = ( GEOMETRIC_REPRESENTATION_CONTEXT(2) 
PARAMETRIC_REPRESENTATION_CONTEXT() REPRESENTATION_CONTEXT('2D SPACE',''
  ) );
#10039 = ORIENTED_EDGE('',*,*,#10040,.F.);
#10040 = EDGE_CURVE('',#4849,#10015,#10041,.T.);
#10041 = SURFACE_CURVE('',#10042,(#10046,#10052),.PCURVE_S1.);
#10042 = LINE('',#10043,#10044);
#10043 = CARTESIAN_POINT('',(75.812701665379,9.7,0.));
#10044 = VECTOR('',#10045,1.);
#10045 = DIRECTION('',(0.,0.,1.));
#10046 = PCURVE('',#3236,#10047);
#10047 = DEFINITIONAL_REPRESENTATION('',(#10048),#10051);
#10048 = B_SPLINE_CURVE_WITH_KNOTS('',1,(#10049,#10050),.UNSPECIFIED.,
  .F.,.F.,(2,2),(-6.E-07,4.4000006),.PIECEWISE_BEZIER_KNOTS.);
#10049 = CARTESIAN_POINT('',(0.9999994,2.012701665379));
#10050 = CARTESIAN_POINT('',(5.4000006,2.012701665379));
#10051 = ( GEOMETRIC_REPRESENTATION_CONTEXT(2) 
PARAMETRIC_REPRESENTATION_CONTEXT() REPRESENTATION_CONTEXT('2D SPACE',''
  ) );
#10052 = PCURVE('',#4869,#10053);
#10053 = DEFINITIONAL_REPRESENTATION('',(#10054),#10057);
#10054 = B_SPLINE_CURVE_WITH_KNOTS('',1,(#10055,#10056),.UNSPECIFIED.,
  .F.,.F.,(2,2),(-6.E-07,4.4000006),.PIECEWISE_BEZIER_KNOTS.);
#10055 = CARTESIAN_POINT('',(-0.252680255142,-6.E-07));
#10056 = CARTESIAN_POINT('',(-0.252680255142,4.4000006));
#10057 = ( GEOMETRIC_REPRESENTATION_CONTEXT(2) 
PARAMETRIC_REPRESENTATION_CONTEXT() REPRESENTATION_CONTEXT('2D SPACE',''
  ) );
#10058 = ORIENTED_EDGE('',*,*,#4881,.T.);
#10059 = ORIENTED_EDGE('',*,*,#10060,.T.);
#10060 = EDGE_CURVE('',#4882,#10061,#10063,.T.);
#10061 = VERTEX_POINT('',#10062);
#10062 = CARTESIAN_POINT('',(73.8,9.7,3.));
#10063 = SURFACE_CURVE('',#10064,(#10068,#10075),.PCURVE_S1.);
#10064 = LINE('',#10065,#10066);
#10065 = CARTESIAN_POINT('',(73.8,9.7,-1.));
#10066 = VECTOR('',#10067,1.);
#10067 = DIRECTION('',(0.,0.,1.));
#10068 = PCURVE('',#3236,#10069);
#10069 = DEFINITIONAL_REPRESENTATION('',(#10070),#10074);
#10070 = LINE('',#10071,#10072);
#10071 = CARTESIAN_POINT('',(0.,0.));
#10072 = VECTOR('',#10073,1.);
#10073 = DIRECTION('',(1.,0.));
#10074 = ( GEOMETRIC_REPRESENTATION_CONTEXT(2) 
PARAMETRIC_REPRESENTATION_CONTEXT() REPRESENTATION_CONTEXT('2D SPACE',''
  ) );
#10075 = PCURVE('',#4919,#10076);
#10076 = DEFINITIONAL_REPRESENTATION('',(#10077),#10081);
#10077 = LINE('',#10078,#10079);
#10078 = CARTESIAN_POINT('',(0.,0.));
#10079 = VECTOR('',#10080,1.);
#10080 = DIRECTION('',(1.,0.));
#10081 = ( GEOMETRIC_REPRESENTATION_CONTEXT(2) 
PARAMETRIC_REPRESENTATION_CONTEXT() REPRESENTATION_CONTEXT('2D SPACE',''
  ) );
#10082 = ORIENTED_EDGE('',*,*,#10083,.F.);
#10083 = EDGE_CURVE('',#9790,#10061,#10084,.T.);
#10084 = SURFACE_CURVE('',#10085,(#10089,#10095),.PCURVE_S1.);
#10085 = LINE('',#10086,#10087);
#10086 = CARTESIAN_POINT('',(-0.9,9.7,3.));
#10087 = VECTOR('',#10088,1.);
#10088 = DIRECTION('',(-1.,-0.,0.));
#10089 = PCURVE('',#3236,#10090);
#10090 = DEFINITIONAL_REPRESENTATION('',(#10091),#10094);
#10091 = B_SPLINE_CURVE_WITH_KNOTS('',1,(#10092,#10093),.UNSPECIFIED.,
  .F.,.F.,(2,2),(-76.5,-74.7),.PIECEWISE_BEZIER_KNOTS.);
#10092 = CARTESIAN_POINT('',(4.,1.8));
#10093 = CARTESIAN_POINT('',(4.,0.));
#10094 = ( GEOMETRIC_REPRESENTATION_CONTEXT(2) 
PARAMETRIC_REPRESENTATION_CONTEXT() REPRESENTATION_CONTEXT('2D SPACE',''
  ) );
#10095 = PCURVE('',#8660,#10096);
#10096 = DEFINITIONAL_REPRESENTATION('',(#10097),#10100);
#10097 = B_SPLINE_CURVE_WITH_KNOTS('',1,(#10098,#10099),.UNSPECIFIED.,
  .F.,.F.,(2,2),(-76.5,-74.7),.PIECEWISE_BEZIER_KNOTS.);
#10098 = CARTESIAN_POINT('',(151.2,65.3));
#10099 = CARTESIAN_POINT('',(149.4,65.3));
#10100 = ( GEOMETRIC_REPRESENTATION_CONTEXT(2) 
PARAMETRIC_REPRESENTATION_CONTEXT() REPRESENTATION_CONTEXT('2D SPACE',''
  ) );
#10101 = ORIENTED_EDGE('',*,*,#9812,.T.);
#10102 = ORIENTED_EDGE('',*,*,#3221,.F.);
#10103 = ADVANCED_FACE('',(#10104),#3132,.F.);
#10104 = FACE_BOUND('',#10105,.F.);
#10105 = EDGE_LOOP('',(#10106,#10129,#10150,#10151));
#10106 = ORIENTED_EDGE('',*,*,#10107,.F.);
#10107 = EDGE_CURVE('',#10108,#3118,#10110,.T.);
#10108 = VERTEX_POINT('',#10109);
#10109 = CARTESIAN_POINT('',(75.6,55.6,3.));
#10110 = SURFACE_CURVE('',#10111,(#10115,#10122),.PCURVE_S1.);
#10111 = LINE('',#10112,#10113);
#10112 = CARTESIAN_POINT('',(75.6,55.6,3.));
#10113 = VECTOR('',#10114,1.);
#10114 = DIRECTION('',(0.,0.,1.));
#10115 = PCURVE('',#3132,#10116);
#10116 = DEFINITIONAL_REPRESENTATION('',(#10117),#10121);
#10117 = LINE('',#10118,#10119);
#10118 = CARTESIAN_POINT('',(0.,151.2));
#10119 = VECTOR('',#10120,1.);
#10120 = DIRECTION('',(1.,0.));
#10121 = ( GEOMETRIC_REPRESENTATION_CONTEXT(2) 
PARAMETRIC_REPRESENTATION_CONTEXT() REPRESENTATION_CONTEXT('2D SPACE',''
  ) );
#10122 = PCURVE('',#3158,#10123);
#10123 = DEFINITIONAL_REPRESENTATION('',(#10124),#10128);
#10124 = LINE('',#10125,#10126);
#10125 = CARTESIAN_POINT('',(0.,-111.2));
#10126 = VECTOR('',#10127,1.);
#10127 = DIRECTION('',(1.,0.));
#10128 = ( GEOMETRIC_REPRESENTATION_CONTEXT(2) 
PARAMETRIC_REPRESENTATION_CONTEXT() REPRESENTATION_CONTEXT('2D SPACE',''
  ) );
#10129 = ORIENTED_EDGE('',*,*,#10130,.F.);
#10130 = EDGE_CURVE('',#9928,#10108,#10131,.T.);
#10131 = SURFACE_CURVE('',#10132,(#10136,#10143),.PCURVE_S1.);
#10132 = LINE('',#10133,#10134);
#10133 = CARTESIAN_POINT('',(-75.6,55.6,3.));
#10134 = VECTOR('',#10135,1.);
#10135 = DIRECTION('',(1.,0.,-0.));
#10136 = PCURVE('',#3132,#10137);
#10137 = DEFINITIONAL_REPRESENTATION('',(#10138),#10142);
#10138 = LINE('',#10139,#10140);
#10139 = CARTESIAN_POINT('',(0.,0.));
#10140 = VECTOR('',#10141,1.);
#10141 = DIRECTION('',(0.,1.));
#10142 = ( GEOMETRIC_REPRESENTATION_CONTEXT(2) 
PARAMETRIC_REPRESENTATION_CONTEXT() REPRESENTATION_CONTEXT('2D SPACE',''
  ) );
#10143 = PCURVE('',#8660,#10144);
#10144 = DEFINITIONAL_REPRESENTATION('',(#10145),#10149);
#10145 = LINE('',#10146,#10147);
#10146 = CARTESIAN_POINT('',(0.,111.2));
#10147 = VECTOR('',#10148,1.);
#10148 = DIRECTION('',(1.,0.));
#10149 = ( GEOMETRIC_REPRESENTATION_CONTEXT(2) 
PARAMETRIC_REPRESENTATION_CONTEXT() REPRESENTATION_CONTEXT('2D SPACE',''
  ) );
#10150 = ORIENTED_EDGE('',*,*,#9948,.T.);
#10151 = ORIENTED_EDGE('',*,*,#3117,.F.);
#10152 = ADVANCED_FACE('',(#10153),#3210,.F.);
#10153 = FACE_BOUND('',#10154,.F.);
#10154 = EDGE_LOOP('',(#10155,#10156,#10157,#10178));
#10155 = ORIENTED_EDGE('',*,*,#9971,.F.);
#10156 = ORIENTED_EDGE('',*,*,#4521,.T.);
#10157 = ORIENTED_EDGE('',*,*,#10158,.T.);
#10158 = EDGE_CURVE('',#4524,#3170,#10159,.T.);
#10159 = SURFACE_CURVE('',#10160,(#10164,#10171),.PCURVE_S1.);
#10160 = LINE('',#10161,#10162);
#10161 = CARTESIAN_POINT('',(80.,32.9,-1.));
#10162 = VECTOR('',#10163,1.);
#10163 = DIRECTION('',(0.,0.,1.));
#10164 = PCURVE('',#3210,#10165);
#10165 = DEFINITIONAL_REPRESENTATION('',(#10166),#10170);
#10166 = LINE('',#10167,#10168);
#10167 = CARTESIAN_POINT('',(0.,-23.2));
#10168 = VECTOR('',#10169,1.);
#10169 = DIRECTION('',(1.,0.));
#10170 = ( GEOMETRIC_REPRESENTATION_CONTEXT(2) 
PARAMETRIC_REPRESENTATION_CONTEXT() REPRESENTATION_CONTEXT('2D SPACE',''
  ) );
#10171 = PCURVE('',#3184,#10172);
#10172 = DEFINITIONAL_REPRESENTATION('',(#10173),#10177);
#10173 = LINE('',#10174,#10175);
#10174 = CARTESIAN_POINT('',(0.,6.2));
#10175 = VECTOR('',#10176,1.);
#10176 = DIRECTION('',(1.,0.));
#10177 = ( GEOMETRIC_REPRESENTATION_CONTEXT(2) 
PARAMETRIC_REPRESENTATION_CONTEXT() REPRESENTATION_CONTEXT('2D SPACE',''
  ) );
#10178 = ORIENTED_EDGE('',*,*,#3195,.F.);
#10179 = ADVANCED_FACE('',(#10180),#3158,.F.);
#10180 = FACE_BOUND('',#10181,.F.);
#10181 = EDGE_LOOP('',(#10182,#10203,#10224,#10225));
#10182 = ORIENTED_EDGE('',*,*,#10183,.F.);
#10183 = EDGE_CURVE('',#10184,#3144,#10186,.T.);
#10184 = VERTEX_POINT('',#10185);
#10185 = CARTESIAN_POINT('',(75.6,32.9,3.));
#10186 = SURFACE_CURVE('',#10187,(#10191,#10197),.PCURVE_S1.);
#10187 = LINE('',#10188,#10189);
#10188 = CARTESIAN_POINT('',(75.6,32.9,1.));
#10189 = VECTOR('',#10190,1.);
#10190 = DIRECTION('',(0.,0.,1.));
#10191 = PCURVE('',#3158,#10192);
#10192 = DEFINITIONAL_REPRESENTATION('',(#10193),#10196);
#10193 = B_SPLINE_CURVE_WITH_KNOTS('',1,(#10194,#10195),.UNSPECIFIED.,
  .F.,.F.,(2,2),(2.,3.8),.PIECEWISE_BEZIER_KNOTS.);
#10194 = CARTESIAN_POINT('',(0.,-88.5));
#10195 = CARTESIAN_POINT('',(1.8,-88.5));
#10196 = ( GEOMETRIC_REPRESENTATION_CONTEXT(2) 
PARAMETRIC_REPRESENTATION_CONTEXT() REPRESENTATION_CONTEXT('2D SPACE',''
  ) );
#10197 = PCURVE('',#3184,#10198);
#10198 = DEFINITIONAL_REPRESENTATION('',(#10199),#10202);
#10199 = B_SPLINE_CURVE_WITH_KNOTS('',1,(#10200,#10201),.UNSPECIFIED.,
  .F.,.F.,(2,2),(2.,3.8),.PIECEWISE_BEZIER_KNOTS.);
#10200 = CARTESIAN_POINT('',(4.,1.8));
#10201 = CARTESIAN_POINT('',(5.8,1.8));
#10202 = ( GEOMETRIC_REPRESENTATION_CONTEXT(2) 
PARAMETRIC_REPRESENTATION_CONTEXT() REPRESENTATION_CONTEXT('2D SPACE',''
  ) );
#10203 = ORIENTED_EDGE('',*,*,#10204,.T.);
#10204 = EDGE_CURVE('',#10184,#10108,#10205,.T.);
#10205 = SURFACE_CURVE('',#10206,(#10210,#10217),.PCURVE_S1.);
#10206 = LINE('',#10207,#10208);
#10207 = CARTESIAN_POINT('',(75.6,-55.6,3.));
#10208 = VECTOR('',#10209,1.);
#10209 = DIRECTION('',(-0.,1.,0.));
#10210 = PCURVE('',#3158,#10211);
#10211 = DEFINITIONAL_REPRESENTATION('',(#10212),#10216);
#10212 = LINE('',#10213,#10214);
#10213 = CARTESIAN_POINT('',(0.,0.));
#10214 = VECTOR('',#10215,1.);
#10215 = DIRECTION('',(0.,-1.));
#10216 = ( GEOMETRIC_REPRESENTATION_CONTEXT(2) 
PARAMETRIC_REPRESENTATION_CONTEXT() REPRESENTATION_CONTEXT('2D SPACE',''
  ) );
#10217 = PCURVE('',#8660,#10218);
#10218 = DEFINITIONAL_REPRESENTATION('',(#10219),#10223);
#10219 = LINE('',#10220,#10221);
#10220 = CARTESIAN_POINT('',(151.2,0.));
#10221 = VECTOR('',#10222,1.);
#10222 = DIRECTION('',(0.,1.));
#10223 = ( GEOMETRIC_REPRESENTATION_CONTEXT(2) 
PARAMETRIC_REPRESENTATION_CONTEXT() REPRESENTATION_CONTEXT('2D SPACE',''
  ) );
#10224 = ORIENTED_EDGE('',*,*,#10107,.T.);
#10225 = ORIENTED_EDGE('',*,*,#3143,.F.);
#10226 = ADVANCED_FACE('',(#10227),#3184,.F.);
#10227 = FACE_BOUND('',#10228,.F.);
#10228 = EDGE_LOOP('',(#10229,#10230,#10231,#10254,#10273,#10274));
#10229 = ORIENTED_EDGE('',*,*,#10158,.F.);
#10230 = ORIENTED_EDGE('',*,*,#4930,.T.);
#10231 = ORIENTED_EDGE('',*,*,#10232,.T.);
#10232 = EDGE_CURVE('',#4904,#10233,#10235,.T.);
#10233 = VERTEX_POINT('',#10234);
#10234 = CARTESIAN_POINT('',(73.8,32.9,3.));
#10235 = SURFACE_CURVE('',#10236,(#10240,#10247),.PCURVE_S1.);
#10236 = LINE('',#10237,#10238);
#10237 = CARTESIAN_POINT('',(73.8,32.9,-1.));
#10238 = VECTOR('',#10239,1.);
#10239 = DIRECTION('',(0.,0.,1.));
#10240 = PCURVE('',#3184,#10241);
#10241 = DEFINITIONAL_REPRESENTATION('',(#10242),#10246);
#10242 = LINE('',#10243,#10244);
#10243 = CARTESIAN_POINT('',(0.,0.));
#10244 = VECTOR('',#10245,1.);
#10245 = DIRECTION('',(1.,0.));
#10246 = ( GEOMETRIC_REPRESENTATION_CONTEXT(2) 
PARAMETRIC_REPRESENTATION_CONTEXT() REPRESENTATION_CONTEXT('2D SPACE',''
  ) );
#10247 = PCURVE('',#4919,#10248);
#10248 = DEFINITIONAL_REPRESENTATION('',(#10249),#10253);
#10249 = LINE('',#10250,#10251);
#10250 = CARTESIAN_POINT('',(0.,-23.2));
#10251 = VECTOR('',#10252,1.);
#10252 = DIRECTION('',(1.,0.));
#10253 = ( GEOMETRIC_REPRESENTATION_CONTEXT(2) 
PARAMETRIC_REPRESENTATION_CONTEXT() REPRESENTATION_CONTEXT('2D SPACE',''
  ) );
#10254 = ORIENTED_EDGE('',*,*,#10255,.F.);
#10255 = EDGE_CURVE('',#10184,#10233,#10256,.T.);
#10256 = SURFACE_CURVE('',#10257,(#10261,#10267),.PCURVE_S1.);
#10257 = LINE('',#10258,#10259);
#10258 = CARTESIAN_POINT('',(-0.9,32.9,3.));
#10259 = VECTOR('',#10260,1.);
#10260 = DIRECTION('',(-1.,-0.,0.));
#10261 = PCURVE('',#3184,#10262);
#10262 = DEFINITIONAL_REPRESENTATION('',(#10263),#10266);
#10263 = B_SPLINE_CURVE_WITH_KNOTS('',1,(#10264,#10265),.UNSPECIFIED.,
  .F.,.F.,(2,2),(-76.5,-74.7),.PIECEWISE_BEZIER_KNOTS.);
#10264 = CARTESIAN_POINT('',(4.,1.8));
#10265 = CARTESIAN_POINT('',(4.,0.));
#10266 = ( GEOMETRIC_REPRESENTATION_CONTEXT(2) 
PARAMETRIC_REPRESENTATION_CONTEXT() REPRESENTATION_CONTEXT('2D SPACE',''
  ) );
#10267 = PCURVE('',#8660,#10268);
#10268 = DEFINITIONAL_REPRESENTATION('',(#10269),#10272);
#10269 = B_SPLINE_CURVE_WITH_KNOTS('',1,(#10270,#10271),.UNSPECIFIED.,
  .F.,.F.,(2,2),(-76.5,-74.7),.PIECEWISE_BEZIER_KNOTS.);
#10270 = CARTESIAN_POINT('',(151.2,88.5));
#10271 = CARTESIAN_POINT('',(149.4,88.5));
#10272 = ( GEOMETRIC_REPRESENTATION_CONTEXT(2) 
PARAMETRIC_REPRESENTATION_CONTEXT() REPRESENTATION_CONTEXT('2D SPACE',''
  ) );
#10273 = ORIENTED_EDGE('',*,*,#10183,.T.);
#10274 = ORIENTED_EDGE('',*,*,#3169,.F.);
#10275 = ADVANCED_FACE('',(#10276),#4057,.T.);
#10276 = FACE_BOUND('',#10277,.T.);
#10277 = EDGE_LOOP('',(#10278,#10279,#10280,#10281));
#10278 = ORIENTED_EDGE('',*,*,#8934,.F.);
#10279 = ORIENTED_EDGE('',*,*,#4041,.T.);
#10280 = ORIENTED_EDGE('',*,*,#9281,.T.);
#10281 = ORIENTED_EDGE('',*,*,#10282,.F.);
#10282 = EDGE_CURVE('',#8935,#9282,#10283,.T.);
#10283 = SURFACE_CURVE('',#10284,(#10288,#10294),.PCURVE_S1.);
#10284 = LINE('',#10285,#10286);
#10285 = CARTESIAN_POINT('',(73.8,-52.65,3.));
#10286 = VECTOR('',#10287,1.);
#10287 = DIRECTION('',(-0.,1.,0.));
#10288 = PCURVE('',#4057,#10289);
#10289 = DEFINITIONAL_REPRESENTATION('',(#10290),#10293);
#10290 = B_SPLINE_CURVE_WITH_KNOTS('',1,(#10291,#10292),.UNSPECIFIED.,
  .F.,.F.,(2,2),(2.95,26.15),.PIECEWISE_BEZIER_KNOTS.);
#10291 = CARTESIAN_POINT('',(4.,0.));
#10292 = CARTESIAN_POINT('',(4.,-23.2));
#10293 = ( GEOMETRIC_REPRESENTATION_CONTEXT(2) 
PARAMETRIC_REPRESENTATION_CONTEXT() REPRESENTATION_CONTEXT('2D SPACE',''
  ) );
#10294 = PCURVE('',#8660,#10295);
#10295 = DEFINITIONAL_REPRESENTATION('',(#10296),#10299);
#10296 = B_SPLINE_CURVE_WITH_KNOTS('',1,(#10297,#10298),.UNSPECIFIED.,
  .F.,.F.,(2,2),(2.95,26.15),.PIECEWISE_BEZIER_KNOTS.);
#10297 = CARTESIAN_POINT('',(149.4,5.9));
#10298 = CARTESIAN_POINT('',(149.4,29.1));
#10299 = ( GEOMETRIC_REPRESENTATION_CONTEXT(2) 
PARAMETRIC_REPRESENTATION_CONTEXT() REPRESENTATION_CONTEXT('2D SPACE',''
  ) );
#10300 = ADVANCED_FACE('',(#10301),#4488,.T.);
#10301 = FACE_BOUND('',#10302,.T.);
#10302 = EDGE_LOOP('',(#10303,#10304,#10305,#10306));
#10303 = ORIENTED_EDGE('',*,*,#9904,.F.);
#10304 = ORIENTED_EDGE('',*,*,#4472,.T.);
#10305 = ORIENTED_EDGE('',*,*,#9714,.T.);
#10306 = ORIENTED_EDGE('',*,*,#10307,.F.);
#10307 = EDGE_CURVE('',#9905,#9715,#10308,.T.);
#10308 = SURFACE_CURVE('',#10309,(#10313,#10319),.PCURVE_S1.);
#10309 = LINE('',#10310,#10311);
#10310 = CARTESIAN_POINT('',(-27.8,53.8,3.));
#10311 = VECTOR('',#10312,1.);
#10312 = DIRECTION('',(-1.,1.110223024625E-16,0.));
#10313 = PCURVE('',#4488,#10314);
#10314 = DEFINITIONAL_REPRESENTATION('',(#10315),#10318);
#10315 = B_SPLINE_CURVE_WITH_KNOTS('',1,(#10316,#10317),.UNSPECIFIED.,
  .F.,.F.,(2,2),(-47.8,-24.6),.PIECEWISE_BEZIER_KNOTS.);
#10316 = CARTESIAN_POINT('',(4.,0.));
#10317 = CARTESIAN_POINT('',(4.,-23.2));
#10318 = ( GEOMETRIC_REPRESENTATION_CONTEXT(2) 
PARAMETRIC_REPRESENTATION_CONTEXT() REPRESENTATION_CONTEXT('2D SPACE',''
  ) );
#10319 = PCURVE('',#8660,#10320);
#10320 = DEFINITIONAL_REPRESENTATION('',(#10321),#10324);
#10321 = B_SPLINE_CURVE_WITH_KNOTS('',1,(#10322,#10323),.UNSPECIFIED.,
  .F.,.F.,(2,2),(-47.8,-24.6),.PIECEWISE_BEZIER_KNOTS.);
#10322 = CARTESIAN_POINT('',(95.6,109.4));
#10323 = CARTESIAN_POINT('',(72.4,109.4));
#10324 = ( GEOMETRIC_REPRESENTATION_CONTEXT(2) 
PARAMETRIC_REPRESENTATION_CONTEXT() REPRESENTATION_CONTEXT('2D SPACE',''
  ) );
#10325 = ADVANCED_FACE('',(#10326),#4919,.T.);
#10326 = FACE_BOUND('',#10327,.T.);
#10327 = EDGE_LOOP('',(#10328,#10329,#10330,#10331));
#10328 = ORIENTED_EDGE('',*,*,#10060,.F.);
#10329 = ORIENTED_EDGE('',*,*,#4903,.T.);
#10330 = ORIENTED_EDGE('',*,*,#10232,.T.);
#10331 = ORIENTED_EDGE('',*,*,#10332,.F.);
#10332 = EDGE_CURVE('',#10061,#10233,#10333,.T.);
#10333 = SURFACE_CURVE('',#10334,(#10338,#10344),.PCURVE_S1.);
#10334 = LINE('',#10335,#10336);
#10335 = CARTESIAN_POINT('',(73.8,-22.95,3.));
#10336 = VECTOR('',#10337,1.);
#10337 = DIRECTION('',(-0.,1.,0.));
#10338 = PCURVE('',#4919,#10339);
#10339 = DEFINITIONAL_REPRESENTATION('',(#10340),#10343);
#10340 = B_SPLINE_CURVE_WITH_KNOTS('',1,(#10341,#10342),.UNSPECIFIED.,
  .F.,.F.,(2,2),(32.65,55.85),.PIECEWISE_BEZIER_KNOTS.);
#10341 = CARTESIAN_POINT('',(4.,0.));
#10342 = CARTESIAN_POINT('',(4.,-23.2));
#10343 = ( GEOMETRIC_REPRESENTATION_CONTEXT(2) 
PARAMETRIC_REPRESENTATION_CONTEXT() REPRESENTATION_CONTEXT('2D SPACE',''
  ) );
#10344 = PCURVE('',#8660,#10345);
#10345 = DEFINITIONAL_REPRESENTATION('',(#10346),#10349);
#10346 = B_SPLINE_CURVE_WITH_KNOTS('',1,(#10347,#10348),.UNSPECIFIED.,
  .F.,.F.,(2,2),(32.65,55.85),.PIECEWISE_BEZIER_KNOTS.);
#10347 = CARTESIAN_POINT('',(149.4,65.3));
#10348 = CARTESIAN_POINT('',(149.4,88.5));
#10349 = ( GEOMETRIC_REPRESENTATION_CONTEXT(2) 
PARAMETRIC_REPRESENTATION_CONTEXT() REPRESENTATION_CONTEXT('2D SPACE',''
  ) );
#10350 = ADVANCED_FACE('',(#10351),#5086,.T.);
#10351 = FACE_BOUND('',#10352,.F.);
#10352 = EDGE_LOOP('',(#10353,#10354,#10355,#10356,#10357,#10358,#10359,
    #10360,#10361,#10362,#10363,#10364,#10365,#10366,#10367));
#10353 = ORIENTED_EDGE('',*,*,#5068,.T.);
#10354 = ORIENTED_EDGE('',*,*,#5781,.T.);
#10355 = ORIENTED_EDGE('',*,*,#5732,.T.);
#10356 = ORIENTED_EDGE('',*,*,#5683,.T.);
#10357 = ORIENTED_EDGE('',*,*,#5634,.T.);
#10358 = ORIENTED_EDGE('',*,*,#5585,.T.);
#10359 = ORIENTED_EDGE('',*,*,#5536,.T.);
#10360 = ORIENTED_EDGE('',*,*,#5487,.T.);
#10361 = ORIENTED_EDGE('',*,*,#5438,.T.);
#10362 = ORIENTED_EDGE('',*,*,#5389,.T.);
#10363 = ORIENTED_EDGE('',*,*,#5340,.T.);
#10364 = ORIENTED_EDGE('',*,*,#5291,.T.);
#10365 = ORIENTED_EDGE('',*,*,#5242,.T.);
#10366 = ORIENTED_EDGE('',*,*,#5193,.T.);
#10367 = ORIENTED_EDGE('',*,*,#5144,.T.);
#10368 = ADVANCED_FACE('',(#10369,#10379),#5826,.T.);
#10369 = FACE_BOUND('',#10370,.F.);
#10370 = EDGE_LOOP('',(#10371,#10372,#10373,#10374,#10375,#10376,#10377,
    #10378));
#10371 = ORIENTED_EDGE('',*,*,#5808,.T.);
#10372 = ORIENTED_EDGE('',*,*,#6178,.T.);
#10373 = ORIENTED_EDGE('',*,*,#6129,.T.);
#10374 = ORIENTED_EDGE('',*,*,#6080,.T.);
#10375 = ORIENTED_EDGE('',*,*,#6031,.T.);
#10376 = ORIENTED_EDGE('',*,*,#5982,.T.);
#10377 = ORIENTED_EDGE('',*,*,#5933,.T.);
#10378 = ORIENTED_EDGE('',*,*,#5884,.T.);
#10379 = FACE_BOUND('',#10380,.F.);
#10380 = EDGE_LOOP('',(#10381,#10411,#10439,#10467,#10497));
#10381 = ORIENTED_EDGE('',*,*,#10382,.T.);
#10382 = EDGE_CURVE('',#10383,#10385,#10387,.T.);
#10383 = VERTEX_POINT('',#10384);
#10384 = CARTESIAN_POINT('',(-1.8671875,-98.3056640625,4.4));
#10385 = VERTEX_POINT('',#10386);
#10386 = CARTESIAN_POINT('',(-2.181640625,-99.1455078125,4.4));
#10387 = SURFACE_CURVE('',#10388,(#10392,#10399),.PCURVE_S1.);
#10388 = LINE('',#10389,#10390);
#10389 = CARTESIAN_POINT('',(-1.8671875,-98.3056640625,4.4));
#10390 = VECTOR('',#10391,1.);
#10391 = DIRECTION('',(-0.350646042374,-0.936508063482,0.));
#10392 = PCURVE('',#5826,#10393);
#10393 = DEFINITIONAL_REPRESENTATION('',(#10394),#10398);
#10394 = LINE('',#10395,#10396);
#10395 = CARTESIAN_POINT('',(1.134765625,2.015625));
#10396 = VECTOR('',#10397,1.);
#10397 = DIRECTION('',(-0.350646042374,-0.936508063482));
#10398 = ( GEOMETRIC_REPRESENTATION_CONTEXT(2) 
PARAMETRIC_REPRESENTATION_CONTEXT() REPRESENTATION_CONTEXT('2D SPACE',''
  ) );
#10399 = PCURVE('',#10400,#10405);
#10400 = PLANE('',#10401);
#10401 = AXIS2_PLACEMENT_3D('',#10402,#10403,#10404);
#10402 = CARTESIAN_POINT('',(-1.8671875,-98.3056640625,4.4));
#10403 = DIRECTION('',(0.936508063482,-0.350646042374,0.));
#10404 = DIRECTION('',(-0.350646042374,-0.936508063482,0.));
#10405 = DEFINITIONAL_REPRESENTATION('',(#10406),#10410);
#10406 = LINE('',#10407,#10408);
#10407 = CARTESIAN_POINT('',(0.,0.));
#10408 = VECTOR('',#10409,1.);
#10409 = DIRECTION('',(1.,0.));
#10410 = ( GEOMETRIC_REPRESENTATION_CONTEXT(2) 
PARAMETRIC_REPRESENTATION_CONTEXT() REPRESENTATION_CONTEXT('2D SPACE',''
  ) );
#10411 = ORIENTED_EDGE('',*,*,#10412,.T.);
#10412 = EDGE_CURVE('',#10385,#10413,#10415,.T.);
#10413 = VERTEX_POINT('',#10414);
#10414 = CARTESIAN_POINT('',(-1.2109375,-99.1455078125,4.4));
#10415 = SURFACE_CURVE('',#10416,(#10420,#10427),.PCURVE_S1.);
#10416 = LINE('',#10417,#10418);
#10417 = CARTESIAN_POINT('',(-2.181640625,-99.1455078125,4.4));
#10418 = VECTOR('',#10419,1.);
#10419 = DIRECTION('',(1.,0.,0.));
#10420 = PCURVE('',#5826,#10421);
#10421 = DEFINITIONAL_REPRESENTATION('',(#10422),#10426);
#10422 = LINE('',#10423,#10424);
#10423 = CARTESIAN_POINT('',(0.8203125,1.17578125));
#10424 = VECTOR('',#10425,1.);
#10425 = DIRECTION('',(1.,0.));
#10426 = ( GEOMETRIC_REPRESENTATION_CONTEXT(2) 
PARAMETRIC_REPRESENTATION_CONTEXT() REPRESENTATION_CONTEXT('2D SPACE',''
  ) );
#10427 = PCURVE('',#10428,#10433);
#10428 = PLANE('',#10429);
#10429 = AXIS2_PLACEMENT_3D('',#10430,#10431,#10432);
#10430 = CARTESIAN_POINT('',(-2.181640625,-99.1455078125,4.4));
#10431 = DIRECTION('',(0.,1.,0.));
#10432 = DIRECTION('',(1.,0.,0.));
#10433 = DEFINITIONAL_REPRESENTATION('',(#10434),#10438);
#10434 = LINE('',#10435,#10436);
#10435 = CARTESIAN_POINT('',(0.,0.));
#10436 = VECTOR('',#10437,1.);
#10437 = DIRECTION('',(1.,0.));
#10438 = ( GEOMETRIC_REPRESENTATION_CONTEXT(2) 
PARAMETRIC_REPRESENTATION_CONTEXT() REPRESENTATION_CONTEXT('2D SPACE',''
  ) );
#10439 = ORIENTED_EDGE('',*,*,#10440,.T.);
#10440 = EDGE_CURVE('',#10413,#10441,#10443,.T.);
#10441 = VERTEX_POINT('',#10442);
#10442 = CARTESIAN_POINT('',(-1.509765625,-98.3525390625,4.4));
#10443 = SURFACE_CURVE('',#10444,(#10448,#10455),.PCURVE_S1.);
#10444 = LINE('',#10445,#10446);
#10445 = CARTESIAN_POINT('',(-1.2109375,-99.1455078125,4.4));
#10446 = VECTOR('',#10447,1.);
#10447 = DIRECTION('',(-0.352638484148,0.935759637673,0.));
#10448 = PCURVE('',#5826,#10449);
#10449 = DEFINITIONAL_REPRESENTATION('',(#10450),#10454);
#10450 = LINE('',#10451,#10452);
#10451 = CARTESIAN_POINT('',(1.791015625,1.17578125));
#10452 = VECTOR('',#10453,1.);
#10453 = DIRECTION('',(-0.352638484148,0.935759637673));
#10454 = ( GEOMETRIC_REPRESENTATION_CONTEXT(2) 
PARAMETRIC_REPRESENTATION_CONTEXT() REPRESENTATION_CONTEXT('2D SPACE',''
  ) );
#10455 = PCURVE('',#10456,#10461);
#10456 = PLANE('',#10457);
#10457 = AXIS2_PLACEMENT_3D('',#10458,#10459,#10460);
#10458 = CARTESIAN_POINT('',(-1.2109375,-99.1455078125,4.4));
#10459 = DIRECTION('',(-0.935759637673,-0.352638484148,0.));
#10460 = DIRECTION('',(-0.352638484148,0.935759637673,0.));
#10461 = DEFINITIONAL_REPRESENTATION('',(#10462),#10466);
#10462 = LINE('',#10463,#10464);
#10463 = CARTESIAN_POINT('',(0.,0.));
#10464 = VECTOR('',#10465,1.);
#10465 = DIRECTION('',(1.,0.));
#10466 = ( GEOMETRIC_REPRESENTATION_CONTEXT(2) 
PARAMETRIC_REPRESENTATION_CONTEXT() REPRESENTATION_CONTEXT('2D SPACE',''
  ) );
#10467 = ORIENTED_EDGE('',*,*,#10468,.T.);
#10468 = EDGE_CURVE('',#10441,#10469,#10471,.T.);
#10469 = VERTEX_POINT('',#10470);
#10470 = CARTESIAN_POINT('',(-1.712890625,-97.7587890625,4.4));
#10471 = SURFACE_CURVE('',#10472,(#10476,#10483),.PCURVE_S1.);
#10472 = B_SPLINE_CURVE_WITH_KNOTS('',2,(#10473,#10474,#10475),
  .UNSPECIFIED.,.F.,.F.,(3,3),(0.,1.),.PIECEWISE_BEZIER_KNOTS.);
#10473 = CARTESIAN_POINT('',(-1.509765625,-98.3525390625,4.4));
#10474 = CARTESIAN_POINT('',(-1.646484375,-97.9912109375,4.4));
#10475 = CARTESIAN_POINT('',(-1.712890625,-97.7587890625,4.4));
#10476 = PCURVE('',#5826,#10477);
#10477 = DEFINITIONAL_REPRESENTATION('',(#10478),#10482);
#10478 = B_SPLINE_CURVE_WITH_KNOTS('',2,(#10479,#10480,#10481),
  .UNSPECIFIED.,.F.,.F.,(3,3),(0.,1.),.PIECEWISE_BEZIER_KNOTS.);
#10479 = CARTESIAN_POINT('',(1.4921875,1.96875));
#10480 = CARTESIAN_POINT('',(1.35546875,2.330078125));
#10481 = CARTESIAN_POINT('',(1.2890625,2.5625));
#10482 = ( GEOMETRIC_REPRESENTATION_CONTEXT(2) 
PARAMETRIC_REPRESENTATION_CONTEXT() REPRESENTATION_CONTEXT('2D SPACE',''
  ) );
#10483 = PCURVE('',#10484,#10491);
#10484 = SURFACE_OF_LINEAR_EXTRUSION('',#10485,#10489);
#10485 = B_SPLINE_CURVE_WITH_KNOTS('',2,(#10486,#10487,#10488),
  .UNSPECIFIED.,.F.,.F.,(3,3),(0.,1.),.PIECEWISE_BEZIER_KNOTS.);
#10486 = CARTESIAN_POINT('',(-1.509765625,-98.3525390625,4.4));
#10487 = CARTESIAN_POINT('',(-1.646484375,-97.9912109375,4.4));
#10488 = CARTESIAN_POINT('',(-1.712890625,-97.7587890625,4.4));
#10489 = VECTOR('',#10490,1.);
#10490 = DIRECTION('',(-0.,-0.,-1.));
#10491 = DEFINITIONAL_REPRESENTATION('',(#10492),#10496);
#10492 = LINE('',#10493,#10494);
#10493 = CARTESIAN_POINT('',(0.,0.));
#10494 = VECTOR('',#10495,1.);
#10495 = DIRECTION('',(1.,0.));
#10496 = ( GEOMETRIC_REPRESENTATION_CONTEXT(2) 
PARAMETRIC_REPRESENTATION_CONTEXT() REPRESENTATION_CONTEXT('2D SPACE',''
  ) );
#10497 = ORIENTED_EDGE('',*,*,#10498,.T.);
#10498 = EDGE_CURVE('',#10469,#10383,#10499,.T.);
#10499 = SURFACE_CURVE('',#10500,(#10504,#10511),.PCURVE_S1.);
#10500 = B_SPLINE_CURVE_WITH_KNOTS('',2,(#10501,#10502,#10503),
  .UNSPECIFIED.,.F.,.F.,(3,3),(0.,1.),.PIECEWISE_BEZIER_KNOTS.);
#10501 = CARTESIAN_POINT('',(-1.712890625,-97.7587890625,4.4));
#10502 = CARTESIAN_POINT('',(-1.767578125,-98.0341796875,4.4));
#10503 = CARTESIAN_POINT('',(-1.8671875,-98.3056640625,4.4));
#10504 = PCURVE('',#5826,#10505);
#10505 = DEFINITIONAL_REPRESENTATION('',(#10506),#10510);
#10506 = B_SPLINE_CURVE_WITH_KNOTS('',2,(#10507,#10508,#10509),
  .UNSPECIFIED.,.F.,.F.,(3,3),(0.,1.),.PIECEWISE_BEZIER_KNOTS.);
#10507 = CARTESIAN_POINT('',(1.2890625,2.5625));
#10508 = CARTESIAN_POINT('',(1.234375,2.287109375));
#10509 = CARTESIAN_POINT('',(1.134765625,2.015625));
#10510 = ( GEOMETRIC_REPRESENTATION_CONTEXT(2) 
PARAMETRIC_REPRESENTATION_CONTEXT() REPRESENTATION_CONTEXT('2D SPACE',''
  ) );
#10511 = PCURVE('',#10512,#10519);
#10512 = SURFACE_OF_LINEAR_EXTRUSION('',#10513,#10517);
#10513 = B_SPLINE_CURVE_WITH_KNOTS('',2,(#10514,#10515,#10516),
  .UNSPECIFIED.,.F.,.F.,(3,3),(0.,1.),.PIECEWISE_BEZIER_KNOTS.);
#10514 = CARTESIAN_POINT('',(-1.712890625,-97.7587890625,4.4));
#10515 = CARTESIAN_POINT('',(-1.767578125,-98.0341796875,4.4));
#10516 = CARTESIAN_POINT('',(-1.8671875,-98.3056640625,4.4));
#10517 = VECTOR('',#10518,1.);
#10518 = DIRECTION('',(-0.,-0.,-1.));
#10519 = DEFINITIONAL_REPRESENTATION('',(#10520),#10524);
#10520 = LINE('',#10521,#10522);
#10521 = CARTESIAN_POINT('',(0.,0.));
#10522 = VECTOR('',#10523,1.);
#10523 = DIRECTION('',(1.,0.));
#10524 = ( GEOMETRIC_REPRESENTATION_CONTEXT(2) 
PARAMETRIC_REPRESENTATION_CONTEXT() REPRESENTATION_CONTEXT('2D SPACE',''
  ) );
#10525 = ADVANCED_FACE('',(#10526),#6223,.T.);
#10526 = FACE_BOUND('',#10527,.F.);
#10527 = EDGE_LOOP('',(#10528,#10529,#10530,#10531));
#10528 = ORIENTED_EDGE('',*,*,#6205,.T.);
#10529 = ORIENTED_EDGE('',*,*,#6379,.T.);
#10530 = ORIENTED_EDGE('',*,*,#6330,.T.);
#10531 = ORIENTED_EDGE('',*,*,#6281,.T.);
#10532 = ADVANCED_FACE('',(#10533),#6424,.T.);
#10533 = FACE_BOUND('',#10534,.F.);
#10534 = EDGE_LOOP('',(#10535,#10536,#10537,#10538,#10539,#10540,#10541,
    #10542,#10543,#10544));
#10535 = ORIENTED_EDGE('',*,*,#6406,.T.);
#10536 = ORIENTED_EDGE('',*,*,#6874,.T.);
#10537 = ORIENTED_EDGE('',*,*,#6825,.T.);
#10538 = ORIENTED_EDGE('',*,*,#6776,.T.);
#10539 = ORIENTED_EDGE('',*,*,#6727,.T.);
#10540 = ORIENTED_EDGE('',*,*,#6678,.T.);
#10541 = ORIENTED_EDGE('',*,*,#6629,.T.);
#10542 = ORIENTED_EDGE('',*,*,#6580,.T.);
#10543 = ORIENTED_EDGE('',*,*,#6531,.T.);
#10544 = ORIENTED_EDGE('',*,*,#6482,.T.);
#10545 = ADVANCED_FACE('',(#10546),#6919,.T.);
#10546 = FACE_BOUND('',#10547,.F.);
#10547 = EDGE_LOOP('',(#10548,#10549,#10550,#10551,#10552,#10553,#10554,
    #10555,#10556,#10557,#10558,#10559,#10560,#10561,#10562,#10563,
    #10564,#10565,#10566,#10567,#10568,#10569,#10570,#10571,#10572,
    #10573,#10574,#10575,#10576,#10577,#10578,#10579,#10580,#10581,
    #10582));
#10548 = ORIENTED_EDGE('',*,*,#6901,.T.);
#10549 = ORIENTED_EDGE('',*,*,#8594,.T.);
#10550 = ORIENTED_EDGE('',*,*,#8545,.T.);
#10551 = ORIENTED_EDGE('',*,*,#8496,.T.);
#10552 = ORIENTED_EDGE('',*,*,#8447,.T.);
#10553 = ORIENTED_EDGE('',*,*,#8398,.T.);
#10554 = ORIENTED_EDGE('',*,*,#8349,.T.);
#10555 = ORIENTED_EDGE('',*,*,#8300,.T.);
#10556 = ORIENTED_EDGE('',*,*,#8251,.T.);
#10557 = ORIENTED_EDGE('',*,*,#8202,.T.);
#10558 = ORIENTED_EDGE('',*,*,#8153,.T.);
#10559 = ORIENTED_EDGE('',*,*,#8104,.T.);
#10560 = ORIENTED_EDGE('',*,*,#8055,.T.);
#10561 = ORIENTED_EDGE('',*,*,#8006,.T.);
#10562 = ORIENTED_EDGE('',*,*,#7957,.T.);
#10563 = ORIENTED_EDGE('',*,*,#7908,.T.);
#10564 = ORIENTED_EDGE('',*,*,#7859,.T.);
#10565 = ORIENTED_EDGE('',*,*,#7810,.T.);
#10566 = ORIENTED_EDGE('',*,*,#7761,.T.);
#10567 = ORIENTED_EDGE('',*,*,#7712,.T.);
#10568 = ORIENTED_EDGE('',*,*,#7663,.T.);
#10569 = ORIENTED_EDGE('',*,*,#7614,.T.);
#10570 = ORIENTED_EDGE('',*,*,#7565,.T.);
#10571 = ORIENTED_EDGE('',*,*,#7516,.T.);
#10572 = ORIENTED_EDGE('',*,*,#7467,.T.);
#10573 = ORIENTED_EDGE('',*,*,#7418,.T.);
#10574 = ORIENTED_EDGE('',*,*,#7369,.T.);
#10575 = ORIENTED_EDGE('',*,*,#7320,.T.);
#10576 = ORIENTED_EDGE('',*,*,#7271,.T.);
#10577 = ORIENTED_EDGE('',*,*,#7222,.T.);
#10578 = ORIENTED_EDGE('',*,*,#7173,.T.);
#10579 = ORIENTED_EDGE('',*,*,#7124,.T.);
#10580 = ORIENTED_EDGE('',*,*,#7075,.T.);
#10581 = ORIENTED_EDGE('',*,*,#7026,.T.);
#10582 = ORIENTED_EDGE('',*,*,#6977,.T.);
#10583 = ADVANCED_FACE('',(#10584),#8660,.T.);
#10584 = FACE_BOUND('',#10585,.T.);
#10585 = EDGE_LOOP('',(#10586,#10587,#10588,#10611,#10639,#10660,#10661,
    #10662,#10663,#10664,#10665,#10666,#10667,#10668,#10669,#10670,
    #10671,#10672,#10673,#10674,#10675,#10676,#10677,#10678,#10701,
    #10729,#10750,#10751,#10752,#10753,#10754,#10777,#10805));
#10586 = ORIENTED_EDGE('',*,*,#8982,.F.);
#10587 = ORIENTED_EDGE('',*,*,#8797,.T.);
#10588 = ORIENTED_EDGE('',*,*,#10589,.T.);
#10589 = EDGE_CURVE('',#8772,#10590,#10592,.T.);
#10590 = VERTEX_POINT('',#10591);
#10591 = CARTESIAN_POINT('',(-2.,-55.,3.));
#10592 = SURFACE_CURVE('',#10593,(#10597,#10604),.PCURVE_S1.);
#10593 = LINE('',#10594,#10595);
#10594 = CARTESIAN_POINT('',(-2.,-55.7,3.));
#10595 = VECTOR('',#10596,1.);
#10596 = DIRECTION('',(-0.,1.,0.));
#10597 = PCURVE('',#8660,#10598);
#10598 = DEFINITIONAL_REPRESENTATION('',(#10599),#10603);
#10599 = LINE('',#10600,#10601);
#10600 = CARTESIAN_POINT('',(73.6,-0.1));
#10601 = VECTOR('',#10602,1.);
#10602 = DIRECTION('',(0.,1.));
#10603 = ( GEOMETRIC_REPRESENTATION_CONTEXT(2) 
PARAMETRIC_REPRESENTATION_CONTEXT() REPRESENTATION_CONTEXT('2D SPACE',''
  ) );
#10604 = PCURVE('',#8786,#10605);
#10605 = DEFINITIONAL_REPRESENTATION('',(#10606),#10610);
#10606 = LINE('',#10607,#10608);
#10607 = CARTESIAN_POINT('',(0.,0.));
#10608 = VECTOR('',#10609,1.);
#10609 = DIRECTION('',(0.,-1.));
#10610 = ( GEOMETRIC_REPRESENTATION_CONTEXT(2) 
PARAMETRIC_REPRESENTATION_CONTEXT() REPRESENTATION_CONTEXT('2D SPACE',''
  ) );
#10611 = ORIENTED_EDGE('',*,*,#10612,.T.);
#10612 = EDGE_CURVE('',#10590,#10613,#10615,.T.);
#10613 = VERTEX_POINT('',#10614);
#10614 = CARTESIAN_POINT('',(2.,-55.,3.));
#10615 = SURFACE_CURVE('',#10616,(#10620,#10627),.PCURVE_S1.);
#10616 = LINE('',#10617,#10618);
#10617 = CARTESIAN_POINT('',(-2.,-55.,3.));
#10618 = VECTOR('',#10619,1.);
#10619 = DIRECTION('',(1.,0.,-0.));
#10620 = PCURVE('',#8660,#10621);
#10621 = DEFINITIONAL_REPRESENTATION('',(#10622),#10626);
#10622 = LINE('',#10623,#10624);
#10623 = CARTESIAN_POINT('',(73.6,0.6));
#10624 = VECTOR('',#10625,1.);
#10625 = DIRECTION('',(1.,0.));
#10626 = ( GEOMETRIC_REPRESENTATION_CONTEXT(2) 
PARAMETRIC_REPRESENTATION_CONTEXT() REPRESENTATION_CONTEXT('2D SPACE',''
  ) );
#10627 = PCURVE('',#10628,#10633);
#10628 = PLANE('',#10629);
#10629 = AXIS2_PLACEMENT_3D('',#10630,#10631,#10632);
#10630 = CARTESIAN_POINT('',(-2.,-55.,3.));
#10631 = DIRECTION('',(-0.,1.,0.));
#10632 = DIRECTION('',(0.,0.,1.));
#10633 = DEFINITIONAL_REPRESENTATION('',(#10634),#10638);
#10634 = LINE('',#10635,#10636);
#10635 = CARTESIAN_POINT('',(0.,0.));
#10636 = VECTOR('',#10637,1.);
#10637 = DIRECTION('',(0.,1.));
#10638 = ( GEOMETRIC_REPRESENTATION_CONTEXT(2) 
PARAMETRIC_REPRESENTATION_CONTEXT() REPRESENTATION_CONTEXT('2D SPACE',''
  ) );
#10639 = ORIENTED_EDGE('',*,*,#10640,.F.);
#10640 = EDGE_CURVE('',#8697,#10613,#10641,.T.);
#10641 = SURFACE_CURVE('',#10642,(#10646,#10653),.PCURVE_S1.);
#10642 = LINE('',#10643,#10644);
#10643 = CARTESIAN_POINT('',(2.,-55.7,3.));
#10644 = VECTOR('',#10645,1.);
#10645 = DIRECTION('',(-0.,1.,0.));
#10646 = PCURVE('',#8660,#10647);
#10647 = DEFINITIONAL_REPRESENTATION('',(#10648),#10652);
#10648 = LINE('',#10649,#10650);
#10649 = CARTESIAN_POINT('',(77.6,-0.1));
#10650 = VECTOR('',#10651,1.);
#10651 = DIRECTION('',(0.,1.));
#10652 = ( GEOMETRIC_REPRESENTATION_CONTEXT(2) 
PARAMETRIC_REPRESENTATION_CONTEXT() REPRESENTATION_CONTEXT('2D SPACE',''
  ) );
#10653 = PCURVE('',#8734,#10654);
#10654 = DEFINITIONAL_REPRESENTATION('',(#10655),#10659);
#10655 = LINE('',#10656,#10657);
#10656 = CARTESIAN_POINT('',(0.,0.));
#10657 = VECTOR('',#10658,1.);
#10658 = DIRECTION('',(0.,-1.));
#10659 = ( GEOMETRIC_REPRESENTATION_CONTEXT(2) 
PARAMETRIC_REPRESENTATION_CONTEXT() REPRESENTATION_CONTEXT('2D SPACE',''
  ) );
#10660 = ORIENTED_EDGE('',*,*,#8696,.T.);
#10661 = ORIENTED_EDGE('',*,*,#8644,.T.);
#10662 = ORIENTED_EDGE('',*,*,#8957,.T.);
#10663 = ORIENTED_EDGE('',*,*,#10282,.T.);
#10664 = ORIENTED_EDGE('',*,*,#9304,.F.);
#10665 = ORIENTED_EDGE('',*,*,#9499,.T.);
#10666 = ORIENTED_EDGE('',*,*,#9646,.F.);
#10667 = ORIENTED_EDGE('',*,*,#9789,.T.);
#10668 = ORIENTED_EDGE('',*,*,#10083,.T.);
#10669 = ORIENTED_EDGE('',*,*,#10332,.T.);
#10670 = ORIENTED_EDGE('',*,*,#10255,.F.);
#10671 = ORIENTED_EDGE('',*,*,#10204,.T.);
#10672 = ORIENTED_EDGE('',*,*,#10130,.F.);
#10673 = ORIENTED_EDGE('',*,*,#9927,.T.);
#10674 = ORIENTED_EDGE('',*,*,#10307,.T.);
#10675 = ORIENTED_EDGE('',*,*,#9737,.F.);
#10676 = ORIENTED_EDGE('',*,*,#9566,.F.);
#10677 = ORIENTED_EDGE('',*,*,#9451,.F.);
#10678 = ORIENTED_EDGE('',*,*,#10679,.T.);
#10679 = EDGE_CURVE('',#9426,#10680,#10682,.T.);
#10680 = VERTEX_POINT('',#10681);
#10681 = CARTESIAN_POINT('',(-75.,31.7,3.));
#10682 = SURFACE_CURVE('',#10683,(#10687,#10694),.PCURVE_S1.);
#10683 = LINE('',#10684,#10685);
#10684 = CARTESIAN_POINT('',(-75.7,31.7,3.));
#10685 = VECTOR('',#10686,1.);
#10686 = DIRECTION('',(1.,0.,-0.));
#10687 = PCURVE('',#8660,#10688);
#10688 = DEFINITIONAL_REPRESENTATION('',(#10689),#10693);
#10689 = LINE('',#10690,#10691);
#10690 = CARTESIAN_POINT('',(-9.999999999999E-02,87.3));
#10691 = VECTOR('',#10692,1.);
#10692 = DIRECTION('',(1.,0.));
#10693 = ( GEOMETRIC_REPRESENTATION_CONTEXT(2) 
PARAMETRIC_REPRESENTATION_CONTEXT() REPRESENTATION_CONTEXT('2D SPACE',''
  ) );
#10694 = PCURVE('',#9440,#10695);
#10695 = DEFINITIONAL_REPRESENTATION('',(#10696),#10700);
#10696 = LINE('',#10697,#10698);
#10697 = CARTESIAN_POINT('',(0.,0.));
#10698 = VECTOR('',#10699,1.);
#10699 = DIRECTION('',(0.,1.));
#10700 = ( GEOMETRIC_REPRESENTATION_CONTEXT(2) 
PARAMETRIC_REPRESENTATION_CONTEXT() REPRESENTATION_CONTEXT('2D SPACE',''
  ) );
#10701 = ORIENTED_EDGE('',*,*,#10702,.F.);
#10702 = EDGE_CURVE('',#10703,#10680,#10705,.T.);
#10703 = VERTEX_POINT('',#10704);
#10704 = CARTESIAN_POINT('',(-75.,27.7,3.));
#10705 = SURFACE_CURVE('',#10706,(#10710,#10717),.PCURVE_S1.);
#10706 = LINE('',#10707,#10708);
#10707 = CARTESIAN_POINT('',(-75.,27.7,3.));
#10708 = VECTOR('',#10709,1.);
#10709 = DIRECTION('',(-0.,1.,0.));
#10710 = PCURVE('',#8660,#10711);
#10711 = DEFINITIONAL_REPRESENTATION('',(#10712),#10716);
#10712 = LINE('',#10713,#10714);
#10713 = CARTESIAN_POINT('',(0.6,83.3));
#10714 = VECTOR('',#10715,1.);
#10715 = DIRECTION('',(0.,1.));
#10716 = ( GEOMETRIC_REPRESENTATION_CONTEXT(2) 
PARAMETRIC_REPRESENTATION_CONTEXT() REPRESENTATION_CONTEXT('2D SPACE',''
  ) );
#10717 = PCURVE('',#10718,#10723);
#10718 = PLANE('',#10719);
#10719 = AXIS2_PLACEMENT_3D('',#10720,#10721,#10722);
#10720 = CARTESIAN_POINT('',(-75.,27.7,3.));
#10721 = DIRECTION('',(1.,0.,-0.));
#10722 = DIRECTION('',(0.,0.,1.));
#10723 = DEFINITIONAL_REPRESENTATION('',(#10724),#10728);
#10724 = LINE('',#10725,#10726);
#10725 = CARTESIAN_POINT('',(0.,0.));
#10726 = VECTOR('',#10727,1.);
#10727 = DIRECTION('',(0.,-1.));
#10728 = ( GEOMETRIC_REPRESENTATION_CONTEXT(2) 
PARAMETRIC_REPRESENTATION_CONTEXT() REPRESENTATION_CONTEXT('2D SPACE',''
  ) );
#10729 = ORIENTED_EDGE('',*,*,#10730,.F.);
#10730 = EDGE_CURVE('',#9351,#10703,#10731,.T.);
#10731 = SURFACE_CURVE('',#10732,(#10736,#10743),.PCURVE_S1.);
#10732 = LINE('',#10733,#10734);
#10733 = CARTESIAN_POINT('',(-75.7,27.7,3.));
#10734 = VECTOR('',#10735,1.);
#10735 = DIRECTION('',(1.,0.,-0.));
#10736 = PCURVE('',#8660,#10737);
#10737 = DEFINITIONAL_REPRESENTATION('',(#10738),#10742);
#10738 = LINE('',#10739,#10740);
#10739 = CARTESIAN_POINT('',(-9.999999999999E-02,83.3));
#10740 = VECTOR('',#10741,1.);
#10741 = DIRECTION('',(1.,0.));
#10742 = ( GEOMETRIC_REPRESENTATION_CONTEXT(2) 
PARAMETRIC_REPRESENTATION_CONTEXT() REPRESENTATION_CONTEXT('2D SPACE',''
  ) );
#10743 = PCURVE('',#9388,#10744);
#10744 = DEFINITIONAL_REPRESENTATION('',(#10745),#10749);
#10745 = LINE('',#10746,#10747);
#10746 = CARTESIAN_POINT('',(0.,0.));
#10747 = VECTOR('',#10748,1.);
#10748 = DIRECTION('',(0.,1.));
#10749 = ( GEOMETRIC_REPRESENTATION_CONTEXT(2) 
PARAMETRIC_REPRESENTATION_CONTEXT() REPRESENTATION_CONTEXT('2D SPACE',''
  ) );
#10750 = ORIENTED_EDGE('',*,*,#9350,.F.);
#10751 = ORIENTED_EDGE('',*,*,#9156,.F.);
#10752 = ORIENTED_EDGE('',*,*,#9233,.F.);
#10753 = ORIENTED_EDGE('',*,*,#9083,.F.);
#10754 = ORIENTED_EDGE('',*,*,#10755,.T.);
#10755 = EDGE_CURVE('',#9058,#10756,#10758,.T.);
#10756 = VERTEX_POINT('',#10757);
#10757 = CARTESIAN_POINT('',(-75.,-27.7,3.));
#10758 = SURFACE_CURVE('',#10759,(#10763,#10770),.PCURVE_S1.);
#10759 = LINE('',#10760,#10761);
#10760 = CARTESIAN_POINT('',(-75.7,-27.7,3.));
#10761 = VECTOR('',#10762,1.);
#10762 = DIRECTION('',(1.,0.,-0.));
#10763 = PCURVE('',#8660,#10764);
#10764 = DEFINITIONAL_REPRESENTATION('',(#10765),#10769);
#10765 = LINE('',#10766,#10767);
#10766 = CARTESIAN_POINT('',(-9.999999999999E-02,27.9));
#10767 = VECTOR('',#10768,1.);
#10768 = DIRECTION('',(1.,0.));
#10769 = ( GEOMETRIC_REPRESENTATION_CONTEXT(2) 
PARAMETRIC_REPRESENTATION_CONTEXT() REPRESENTATION_CONTEXT('2D SPACE',''
  ) );
#10770 = PCURVE('',#9072,#10771);
#10771 = DEFINITIONAL_REPRESENTATION('',(#10772),#10776);
#10772 = LINE('',#10773,#10774);
#10773 = CARTESIAN_POINT('',(0.,0.));
#10774 = VECTOR('',#10775,1.);
#10775 = DIRECTION('',(0.,1.));
#10776 = ( GEOMETRIC_REPRESENTATION_CONTEXT(2) 
PARAMETRIC_REPRESENTATION_CONTEXT() REPRESENTATION_CONTEXT('2D SPACE',''
  ) );
#10777 = ORIENTED_EDGE('',*,*,#10778,.F.);
#10778 = EDGE_CURVE('',#10779,#10756,#10781,.T.);
#10779 = VERTEX_POINT('',#10780);
#10780 = CARTESIAN_POINT('',(-75.,-31.7,3.));
#10781 = SURFACE_CURVE('',#10782,(#10786,#10793),.PCURVE_S1.);
#10782 = LINE('',#10783,#10784);
#10783 = CARTESIAN_POINT('',(-75.,-31.7,3.));
#10784 = VECTOR('',#10785,1.);
#10785 = DIRECTION('',(-0.,1.,0.));
#10786 = PCURVE('',#8660,#10787);
#10787 = DEFINITIONAL_REPRESENTATION('',(#10788),#10792);
#10788 = LINE('',#10789,#10790);
#10789 = CARTESIAN_POINT('',(0.6,23.9));
#10790 = VECTOR('',#10791,1.);
#10791 = DIRECTION('',(0.,1.));
#10792 = ( GEOMETRIC_REPRESENTATION_CONTEXT(2) 
PARAMETRIC_REPRESENTATION_CONTEXT() REPRESENTATION_CONTEXT('2D SPACE',''
  ) );
#10793 = PCURVE('',#10794,#10799);
#10794 = PLANE('',#10795);
#10795 = AXIS2_PLACEMENT_3D('',#10796,#10797,#10798);
#10796 = CARTESIAN_POINT('',(-75.,-31.7,3.));
#10797 = DIRECTION('',(1.,0.,-0.));
#10798 = DIRECTION('',(0.,0.,1.));
#10799 = DEFINITIONAL_REPRESENTATION('',(#10800),#10804);
#10800 = LINE('',#10801,#10802);
#10801 = CARTESIAN_POINT('',(0.,0.));
#10802 = VECTOR('',#10803,1.);
#10803 = DIRECTION('',(0.,-1.));
#10804 = ( GEOMETRIC_REPRESENTATION_CONTEXT(2) 
PARAMETRIC_REPRESENTATION_CONTEXT() REPRESENTATION_CONTEXT('2D SPACE',''
  ) );
#10805 = ORIENTED_EDGE('',*,*,#10806,.F.);
#10806 = EDGE_CURVE('',#8983,#10779,#10807,.T.);
#10807 = SURFACE_CURVE('',#10808,(#10812,#10819),.PCURVE_S1.);
#10808 = LINE('',#10809,#10810);
#10809 = CARTESIAN_POINT('',(-75.7,-31.7,3.));
#10810 = VECTOR('',#10811,1.);
#10811 = DIRECTION('',(1.,0.,-0.));
#10812 = PCURVE('',#8660,#10813);
#10813 = DEFINITIONAL_REPRESENTATION('',(#10814),#10818);
#10814 = LINE('',#10815,#10816);
#10815 = CARTESIAN_POINT('',(-9.999999999999E-02,23.9));
#10816 = VECTOR('',#10817,1.);
#10817 = DIRECTION('',(1.,0.));
#10818 = ( GEOMETRIC_REPRESENTATION_CONTEXT(2) 
PARAMETRIC_REPRESENTATION_CONTEXT() REPRESENTATION_CONTEXT('2D SPACE',''
  ) );
#10819 = PCURVE('',#9020,#10820);
#10820 = DEFINITIONAL_REPRESENTATION('',(#10821),#10825);
#10821 = LINE('',#10822,#10823);
#10822 = CARTESIAN_POINT('',(0.,0.));
#10823 = VECTOR('',#10824,1.);
#10824 = DIRECTION('',(0.,1.));
#10825 = ( GEOMETRIC_REPRESENTATION_CONTEXT(2) 
PARAMETRIC_REPRESENTATION_CONTEXT() REPRESENTATION_CONTEXT('2D SPACE',''
  ) );
#10826 = ADVANCED_FACE('',(#10827),#8786,.F.);
#10827 = FACE_BOUND('',#10828,.F.);
#10828 = EDGE_LOOP('',(#10829,#10852,#10853,#10854));
#10829 = ORIENTED_EDGE('',*,*,#10830,.F.);
#10830 = EDGE_CURVE('',#8746,#10831,#10833,.T.);
#10831 = VERTEX_POINT('',#10832);
#10832 = CARTESIAN_POINT('',(-2.,-55.,4.4));
#10833 = SURFACE_CURVE('',#10834,(#10838,#10845),.PCURVE_S1.);
#10834 = LINE('',#10835,#10836);
#10835 = CARTESIAN_POINT('',(-2.,-55.7,4.4));
#10836 = VECTOR('',#10837,1.);
#10837 = DIRECTION('',(-0.,1.,0.));
#10838 = PCURVE('',#8786,#10839);
#10839 = DEFINITIONAL_REPRESENTATION('',(#10840),#10844);
#10840 = LINE('',#10841,#10842);
#10841 = CARTESIAN_POINT('',(1.4,0.));
#10842 = VECTOR('',#10843,1.);
#10843 = DIRECTION('',(0.,-1.));
#10844 = ( GEOMETRIC_REPRESENTATION_CONTEXT(2) 
PARAMETRIC_REPRESENTATION_CONTEXT() REPRESENTATION_CONTEXT('2D SPACE',''
  ) );
#10845 = PCURVE('',#8760,#10846);
#10846 = DEFINITIONAL_REPRESENTATION('',(#10847),#10851);
#10847 = LINE('',#10848,#10849);
#10848 = CARTESIAN_POINT('',(0.,0.));
#10849 = VECTOR('',#10850,1.);
#10850 = DIRECTION('',(0.,1.));
#10851 = ( GEOMETRIC_REPRESENTATION_CONTEXT(2) 
PARAMETRIC_REPRESENTATION_CONTEXT() REPRESENTATION_CONTEXT('2D SPACE',''
  ) );
#10852 = ORIENTED_EDGE('',*,*,#8771,.T.);
#10853 = ORIENTED_EDGE('',*,*,#10589,.T.);
#10854 = ORIENTED_EDGE('',*,*,#10855,.T.);
#10855 = EDGE_CURVE('',#10590,#10831,#10856,.T.);
#10856 = SURFACE_CURVE('',#10857,(#10861,#10868),.PCURVE_S1.);
#10857 = LINE('',#10858,#10859);
#10858 = CARTESIAN_POINT('',(-2.,-55.,3.));
#10859 = VECTOR('',#10860,1.);
#10860 = DIRECTION('',(0.,0.,1.));
#10861 = PCURVE('',#8786,#10862);
#10862 = DEFINITIONAL_REPRESENTATION('',(#10863),#10867);
#10863 = LINE('',#10864,#10865);
#10864 = CARTESIAN_POINT('',(0.,-0.7));
#10865 = VECTOR('',#10866,1.);
#10866 = DIRECTION('',(1.,0.));
#10867 = ( GEOMETRIC_REPRESENTATION_CONTEXT(2) 
PARAMETRIC_REPRESENTATION_CONTEXT() REPRESENTATION_CONTEXT('2D SPACE',''
  ) );
#10868 = PCURVE('',#10628,#10869);
#10869 = DEFINITIONAL_REPRESENTATION('',(#10870),#10874);
#10870 = LINE('',#10871,#10872);
#10871 = CARTESIAN_POINT('',(0.,0.));
#10872 = VECTOR('',#10873,1.);
#10873 = DIRECTION('',(1.,0.));
#10874 = ( GEOMETRIC_REPRESENTATION_CONTEXT(2) 
PARAMETRIC_REPRESENTATION_CONTEXT() REPRESENTATION_CONTEXT('2D SPACE',''
  ) );
#10875 = ADVANCED_FACE('',(#10876),#8760,.T.);
#10876 = FACE_BOUND('',#10877,.T.);
#10877 = EDGE_LOOP('',(#10878,#10879,#10880,#10903));
#10878 = ORIENTED_EDGE('',*,*,#10830,.F.);
#10879 = ORIENTED_EDGE('',*,*,#8745,.T.);
#10880 = ORIENTED_EDGE('',*,*,#10881,.T.);
#10881 = EDGE_CURVE('',#8720,#10882,#10884,.T.);
#10882 = VERTEX_POINT('',#10883);
#10883 = CARTESIAN_POINT('',(2.,-55.,4.4));
#10884 = SURFACE_CURVE('',#10885,(#10889,#10896),.PCURVE_S1.);
#10885 = LINE('',#10886,#10887);
#10886 = CARTESIAN_POINT('',(2.,-55.7,4.4));
#10887 = VECTOR('',#10888,1.);
#10888 = DIRECTION('',(-0.,1.,0.));
#10889 = PCURVE('',#8760,#10890);
#10890 = DEFINITIONAL_REPRESENTATION('',(#10891),#10895);
#10891 = LINE('',#10892,#10893);
#10892 = CARTESIAN_POINT('',(4.,0.));
#10893 = VECTOR('',#10894,1.);
#10894 = DIRECTION('',(0.,1.));
#10895 = ( GEOMETRIC_REPRESENTATION_CONTEXT(2) 
PARAMETRIC_REPRESENTATION_CONTEXT() REPRESENTATION_CONTEXT('2D SPACE',''
  ) );
#10896 = PCURVE('',#8734,#10897);
#10897 = DEFINITIONAL_REPRESENTATION('',(#10898),#10902);
#10898 = LINE('',#10899,#10900);
#10899 = CARTESIAN_POINT('',(1.4,0.));
#10900 = VECTOR('',#10901,1.);
#10901 = DIRECTION('',(0.,-1.));
#10902 = ( GEOMETRIC_REPRESENTATION_CONTEXT(2) 
PARAMETRIC_REPRESENTATION_CONTEXT() REPRESENTATION_CONTEXT('2D SPACE',''
  ) );
#10903 = ORIENTED_EDGE('',*,*,#10904,.F.);
#10904 = EDGE_CURVE('',#10831,#10882,#10905,.T.);
#10905 = SURFACE_CURVE('',#10906,(#10910,#10917),.PCURVE_S1.);
#10906 = LINE('',#10907,#10908);
#10907 = CARTESIAN_POINT('',(-2.,-55.,4.4));
#10908 = VECTOR('',#10909,1.);
#10909 = DIRECTION('',(1.,0.,-0.));
#10910 = PCURVE('',#8760,#10911);
#10911 = DEFINITIONAL_REPRESENTATION('',(#10912),#10916);
#10912 = LINE('',#10913,#10914);
#10913 = CARTESIAN_POINT('',(0.,0.7));
#10914 = VECTOR('',#10915,1.);
#10915 = DIRECTION('',(1.,0.));
#10916 = ( GEOMETRIC_REPRESENTATION_CONTEXT(2) 
PARAMETRIC_REPRESENTATION_CONTEXT() REPRESENTATION_CONTEXT('2D SPACE',''
  ) );
#10917 = PCURVE('',#10628,#10918);
#10918 = DEFINITIONAL_REPRESENTATION('',(#10919),#10923);
#10919 = LINE('',#10920,#10921);
#10920 = CARTESIAN_POINT('',(1.4,0.));
#10921 = VECTOR('',#10922,1.);
#10922 = DIRECTION('',(0.,1.));
#10923 = ( GEOMETRIC_REPRESENTATION_CONTEXT(2) 
PARAMETRIC_REPRESENTATION_CONTEXT() REPRESENTATION_CONTEXT('2D SPACE',''
  ) );
#10924 = ADVANCED_FACE('',(#10925),#8734,.T.);
#10925 = FACE_BOUND('',#10926,.T.);
#10926 = EDGE_LOOP('',(#10927,#10928,#10929,#10930));
#10927 = ORIENTED_EDGE('',*,*,#10881,.F.);
#10928 = ORIENTED_EDGE('',*,*,#8719,.T.);
#10929 = ORIENTED_EDGE('',*,*,#10640,.T.);
#10930 = ORIENTED_EDGE('',*,*,#10931,.T.);
#10931 = EDGE_CURVE('',#10613,#10882,#10932,.T.);
#10932 = SURFACE_CURVE('',#10933,(#10937,#10944),.PCURVE_S1.);
#10933 = LINE('',#10934,#10935);
#10934 = CARTESIAN_POINT('',(2.,-55.,3.));
#10935 = VECTOR('',#10936,1.);
#10936 = DIRECTION('',(0.,0.,1.));
#10937 = PCURVE('',#8734,#10938);
#10938 = DEFINITIONAL_REPRESENTATION('',(#10939),#10943);
#10939 = LINE('',#10940,#10941);
#10940 = CARTESIAN_POINT('',(0.,-0.7));
#10941 = VECTOR('',#10942,1.);
#10942 = DIRECTION('',(1.,0.));
#10943 = ( GEOMETRIC_REPRESENTATION_CONTEXT(2) 
PARAMETRIC_REPRESENTATION_CONTEXT() REPRESENTATION_CONTEXT('2D SPACE',''
  ) );
#10944 = PCURVE('',#10628,#10945);
#10945 = DEFINITIONAL_REPRESENTATION('',(#10946),#10950);
#10946 = LINE('',#10947,#10948);
#10947 = CARTESIAN_POINT('',(0.,4.));
#10948 = VECTOR('',#10949,1.);
#10949 = DIRECTION('',(1.,0.));
#10950 = ( GEOMETRIC_REPRESENTATION_CONTEXT(2) 
PARAMETRIC_REPRESENTATION_CONTEXT() REPRESENTATION_CONTEXT('2D SPACE',''
  ) );
#10951 = ADVANCED_FACE('',(#10952),#4007,.T.);
#10952 = FACE_BOUND('',#10953,.F.);
#10953 = EDGE_LOOP('',(#10954,#10955,#10956,#10979));
#10954 = ORIENTED_EDGE('',*,*,#8914,.F.);
#10955 = ORIENTED_EDGE('',*,*,#3986,.T.);
#10956 = ORIENTED_EDGE('',*,*,#10957,.T.);
#10957 = EDGE_CURVE('',#3959,#10958,#10960,.T.);
#10958 = VERTEX_POINT('',#10959);
#10959 = CARTESIAN_POINT('',(76.2,-49.4,4.4));
#10960 = SURFACE_CURVE('',#10961,(#10965,#10972),.PCURVE_S1.);
#10961 = LINE('',#10962,#10963);
#10962 = CARTESIAN_POINT('',(76.2,-49.4,0.));
#10963 = VECTOR('',#10964,1.);
#10964 = DIRECTION('',(0.,0.,1.));
#10965 = PCURVE('',#4007,#10966);
#10966 = DEFINITIONAL_REPRESENTATION('',(#10967),#10971);
#10967 = LINE('',#10968,#10969);
#10968 = CARTESIAN_POINT('',(-1.570796326795,0.));
#10969 = VECTOR('',#10970,1.);
#10970 = DIRECTION('',(-0.,1.));
#10971 = ( GEOMETRIC_REPRESENTATION_CONTEXT(2) 
PARAMETRIC_REPRESENTATION_CONTEXT() REPRESENTATION_CONTEXT('2D SPACE',''
  ) );
#10972 = PCURVE('',#3974,#10973);
#10973 = DEFINITIONAL_REPRESENTATION('',(#10974),#10978);
#10974 = LINE('',#10975,#10976);
#10975 = CARTESIAN_POINT('',(0.,0.4));
#10976 = VECTOR('',#10977,1.);
#10977 = DIRECTION('',(1.,0.));
#10978 = ( GEOMETRIC_REPRESENTATION_CONTEXT(2) 
PARAMETRIC_REPRESENTATION_CONTEXT() REPRESENTATION_CONTEXT('2D SPACE',''
  ) );
#10979 = ORIENTED_EDGE('',*,*,#10980,.F.);
#10980 = EDGE_CURVE('',#8889,#10958,#10981,.T.);
#10981 = SURFACE_CURVE('',#10982,(#10987,#10994),.PCURVE_S1.);
#10982 = CIRCLE('',#10983,0.4);
#10983 = AXIS2_PLACEMENT_3D('',#10984,#10985,#10986);
#10984 = CARTESIAN_POINT('',(76.2,-49.8,4.4));
#10985 = DIRECTION('',(-0.,-0.,-1.));
#10986 = DIRECTION('',(0.,-1.,0.));
#10987 = PCURVE('',#4007,#10988);
#10988 = DEFINITIONAL_REPRESENTATION('',(#10989),#10993);
#10989 = LINE('',#10990,#10991);
#10990 = CARTESIAN_POINT('',(1.570796326795,4.4));
#10991 = VECTOR('',#10992,1.);
#10992 = DIRECTION('',(-1.,0.));
#10993 = ( GEOMETRIC_REPRESENTATION_CONTEXT(2) 
PARAMETRIC_REPRESENTATION_CONTEXT() REPRESENTATION_CONTEXT('2D SPACE',''
  ) );
#10994 = PCURVE('',#8903,#10995);
#10995 = DEFINITIONAL_REPRESENTATION('',(#10996),#11004);
#10996 = ( BOUNDED_CURVE() B_SPLINE_CURVE(2,(#10997,#10998,#10999,#11000
    ,#11001,#11002,#11003),.UNSPECIFIED.,.T.,.F.) 
B_SPLINE_CURVE_WITH_KNOTS((1,2,2,2,2,1),(-2.094395102393,0.,
    2.094395102393,4.188790204786,6.28318530718,8.377580409573),
.UNSPECIFIED.) CURVE() GEOMETRIC_REPRESENTATION_ITEM() 
RATIONAL_B_SPLINE_CURVE((1.,0.5,1.,0.5,1.,0.5,1.)) REPRESENTATION_ITEM(
  '') );
#10997 = CARTESIAN_POINT('',(-0.4,0.5));
#10998 = CARTESIAN_POINT('',(-1.092820323028,0.5));
#10999 = CARTESIAN_POINT('',(-0.746410161514,1.1));
#11000 = CARTESIAN_POINT('',(-0.4,1.7));
#11001 = CARTESIAN_POINT('',(-5.358983848622E-02,1.1));
#11002 = CARTESIAN_POINT('',(0.292820323028,0.5));
#11003 = CARTESIAN_POINT('',(-0.4,0.5));
#11004 = ( GEOMETRIC_REPRESENTATION_CONTEXT(2) 
PARAMETRIC_REPRESENTATION_CONTEXT() REPRESENTATION_CONTEXT('2D SPACE',''
  ) );
#11005 = ADVANCED_FACE('',(#11006),#8903,.T.);
#11006 = FACE_BOUND('',#11007,.T.);
#11007 = EDGE_LOOP('',(#11008,#11009,#11010,#11034,#11057,#11080,#11103,
    #11126,#11154,#11177,#11200,#11223));
#11008 = ORIENTED_EDGE('',*,*,#10980,.F.);
#11009 = ORIENTED_EDGE('',*,*,#8888,.T.);
#11010 = ORIENTED_EDGE('',*,*,#11011,.T.);
#11011 = EDGE_CURVE('',#8868,#11012,#11014,.T.);
#11012 = VERTEX_POINT('',#11013);
#11013 = CARTESIAN_POINT('',(78.2,-49.4,4.4));
#11014 = SURFACE_CURVE('',#11015,(#11020,#11027),.PCURVE_S1.);
#11015 = CIRCLE('',#11016,0.4);
#11016 = AXIS2_PLACEMENT_3D('',#11017,#11018,#11019);
#11017 = CARTESIAN_POINT('',(78.2,-49.8,4.4));
#11018 = DIRECTION('',(0.,0.,1.));
#11019 = DIRECTION('',(0.,-1.,0.));
#11020 = PCURVE('',#8903,#11021);
#11021 = DEFINITIONAL_REPRESENTATION('',(#11022),#11026);
#11022 = CIRCLE('',#11023,0.4);
#11023 = AXIS2_PLACEMENT_2D('',#11024,#11025);
#11024 = CARTESIAN_POINT('',(1.6,0.9));
#11025 = DIRECTION('',(0.,-1.));
#11026 = ( GEOMETRIC_REPRESENTATION_CONTEXT(2) 
PARAMETRIC_REPRESENTATION_CONTEXT() REPRESENTATION_CONTEXT('2D SPACE',''
  ) );
#11027 = PCURVE('',#3722,#11028);
#11028 = DEFINITIONAL_REPRESENTATION('',(#11029),#11033);
#11029 = LINE('',#11030,#11031);
#11030 = CARTESIAN_POINT('',(-1.570796326795,4.4));
#11031 = VECTOR('',#11032,1.);
#11032 = DIRECTION('',(1.,0.));
#11033 = ( GEOMETRIC_REPRESENTATION_CONTEXT(2) 
PARAMETRIC_REPRESENTATION_CONTEXT() REPRESENTATION_CONTEXT('2D SPACE',''
  ) );
#11034 = ORIENTED_EDGE('',*,*,#11035,.F.);
#11035 = EDGE_CURVE('',#11036,#11012,#11038,.T.);
#11036 = VERTEX_POINT('',#11037);
#11037 = CARTESIAN_POINT('',(77.8,-49.4,4.4));
#11038 = SURFACE_CURVE('',#11039,(#11043,#11050),.PCURVE_S1.);
#11039 = LINE('',#11040,#11041);
#11040 = CARTESIAN_POINT('',(75.8,-49.4,4.4));
#11041 = VECTOR('',#11042,1.);
#11042 = DIRECTION('',(1.,0.,-0.));
#11043 = PCURVE('',#8903,#11044);
#11044 = DEFINITIONAL_REPRESENTATION('',(#11045),#11049);
#11045 = LINE('',#11046,#11047);
#11046 = CARTESIAN_POINT('',(-0.8,1.3));
#11047 = VECTOR('',#11048,1.);
#11048 = DIRECTION('',(1.,0.));
#11049 = ( GEOMETRIC_REPRESENTATION_CONTEXT(2) 
PARAMETRIC_REPRESENTATION_CONTEXT() REPRESENTATION_CONTEXT('2D SPACE',''
  ) );
#11050 = PCURVE('',#3750,#11051);
#11051 = DEFINITIONAL_REPRESENTATION('',(#11052),#11056);
#11052 = LINE('',#11053,#11054);
#11053 = CARTESIAN_POINT('',(4.4,0.));
#11054 = VECTOR('',#11055,1.);
#11055 = DIRECTION('',(0.,1.));
#11056 = ( GEOMETRIC_REPRESENTATION_CONTEXT(2) 
PARAMETRIC_REPRESENTATION_CONTEXT() REPRESENTATION_CONTEXT('2D SPACE',''
  ) );
#11057 = ORIENTED_EDGE('',*,*,#11058,.T.);
#11058 = EDGE_CURVE('',#11036,#11059,#11061,.T.);
#11059 = VERTEX_POINT('',#11060);
#11060 = CARTESIAN_POINT('',(77.8,-27.7,4.4));
#11061 = SURFACE_CURVE('',#11062,(#11066,#11073),.PCURVE_S1.);
#11062 = LINE('',#11063,#11064);
#11063 = CARTESIAN_POINT('',(77.8,-49.4,4.4));
#11064 = VECTOR('',#11065,1.);
#11065 = DIRECTION('',(0.,1.,0.));
#11066 = PCURVE('',#8903,#11067);
#11067 = DEFINITIONAL_REPRESENTATION('',(#11068),#11072);
#11068 = LINE('',#11069,#11070);
#11069 = CARTESIAN_POINT('',(1.2,1.3));
#11070 = VECTOR('',#11071,1.);
#11071 = DIRECTION('',(0.,1.));
#11072 = ( GEOMETRIC_REPRESENTATION_CONTEXT(2) 
PARAMETRIC_REPRESENTATION_CONTEXT() REPRESENTATION_CONTEXT('2D SPACE',''
  ) );
#11073 = PCURVE('',#3778,#11074);
#11074 = DEFINITIONAL_REPRESENTATION('',(#11075),#11079);
#11075 = LINE('',#11076,#11077);
#11076 = CARTESIAN_POINT('',(4.4,-1.3));
#11077 = VECTOR('',#11078,1.);
#11078 = DIRECTION('',(0.,-1.));
#11079 = ( GEOMETRIC_REPRESENTATION_CONTEXT(2) 
PARAMETRIC_REPRESENTATION_CONTEXT() REPRESENTATION_CONTEXT('2D SPACE',''
  ) );
#11080 = ORIENTED_EDGE('',*,*,#11081,.T.);
#11081 = EDGE_CURVE('',#11059,#11082,#11084,.T.);
#11082 = VERTEX_POINT('',#11083);
#11083 = CARTESIAN_POINT('',(75.6,-27.7,4.4));
#11084 = SURFACE_CURVE('',#11085,(#11089,#11096),.PCURVE_S1.);
#11085 = LINE('',#11086,#11087);
#11086 = CARTESIAN_POINT('',(77.8,-27.7,4.4));
#11087 = VECTOR('',#11088,1.);
#11088 = DIRECTION('',(-1.,0.,0.));
#11089 = PCURVE('',#8903,#11090);
#11090 = DEFINITIONAL_REPRESENTATION('',(#11091),#11095);
#11091 = LINE('',#11092,#11093);
#11092 = CARTESIAN_POINT('',(1.2,23.));
#11093 = VECTOR('',#11094,1.);
#11094 = DIRECTION('',(-1.,0.));
#11095 = ( GEOMETRIC_REPRESENTATION_CONTEXT(2) 
PARAMETRIC_REPRESENTATION_CONTEXT() REPRESENTATION_CONTEXT('2D SPACE',''
  ) );
#11096 = PCURVE('',#3806,#11097);
#11097 = DEFINITIONAL_REPRESENTATION('',(#11098),#11102);
#11098 = LINE('',#11099,#11100);
#11099 = CARTESIAN_POINT('',(0.,-4.4));
#11100 = VECTOR('',#11101,1.);
#11101 = DIRECTION('',(1.,0.));
#11102 = ( GEOMETRIC_REPRESENTATION_CONTEXT(2) 
PARAMETRIC_REPRESENTATION_CONTEXT() REPRESENTATION_CONTEXT('2D SPACE',''
  ) );
#11103 = ORIENTED_EDGE('',*,*,#11104,.T.);
#11104 = EDGE_CURVE('',#11082,#11105,#11107,.T.);
#11105 = VERTEX_POINT('',#11106);
#11106 = CARTESIAN_POINT('',(75.,-28.3,4.4));
#11107 = SURFACE_CURVE('',#11108,(#11112,#11119),.PCURVE_S1.);
#11108 = LINE('',#11109,#11110);
#11109 = CARTESIAN_POINT('',(75.6,-27.7,4.4));
#11110 = VECTOR('',#11111,1.);
#11111 = DIRECTION('',(-0.707106781187,-0.707106781187,0.));
#11112 = PCURVE('',#8903,#11113);
#11113 = DEFINITIONAL_REPRESENTATION('',(#11114),#11118);
#11114 = LINE('',#11115,#11116);
#11115 = CARTESIAN_POINT('',(-1.,23.));
#11116 = VECTOR('',#11117,1.);
#11117 = DIRECTION('',(-0.707106781187,-0.707106781187));
#11118 = ( GEOMETRIC_REPRESENTATION_CONTEXT(2) 
PARAMETRIC_REPRESENTATION_CONTEXT() REPRESENTATION_CONTEXT('2D SPACE',''
  ) );
#11119 = PCURVE('',#3834,#11120);
#11120 = DEFINITIONAL_REPRESENTATION('',(#11121),#11125);
#11121 = LINE('',#11122,#11123);
#11122 = CARTESIAN_POINT('',(0.,-4.4));
#11123 = VECTOR('',#11124,1.);
#11124 = DIRECTION('',(1.,0.));
#11125 = ( GEOMETRIC_REPRESENTATION_CONTEXT(2) 
PARAMETRIC_REPRESENTATION_CONTEXT() REPRESENTATION_CONTEXT('2D SPACE',''
  ) );
#11126 = ORIENTED_EDGE('',*,*,#11127,.T.);
#11127 = EDGE_CURVE('',#11105,#11128,#11130,.T.);
#11128 = VERTEX_POINT('',#11129);
#11129 = CARTESIAN_POINT('',(75.,-31.1,4.4));
#11130 = SURFACE_CURVE('',#11131,(#11135,#11142),.PCURVE_S1.);
#11131 = LINE('',#11132,#11133);
#11132 = CARTESIAN_POINT('',(75.,-19.7,4.4));
#11133 = VECTOR('',#11134,1.);
#11134 = DIRECTION('',(0.,-1.,0.));
#11135 = PCURVE('',#8903,#11136);
#11136 = DEFINITIONAL_REPRESENTATION('',(#11137),#11141);
#11137 = LINE('',#11138,#11139);
#11138 = CARTESIAN_POINT('',(-1.6,31.));
#11139 = VECTOR('',#11140,1.);
#11140 = DIRECTION('',(0.,-1.));
#11141 = ( GEOMETRIC_REPRESENTATION_CONTEXT(2) 
PARAMETRIC_REPRESENTATION_CONTEXT() REPRESENTATION_CONTEXT('2D SPACE',''
  ) );
#11142 = PCURVE('',#11143,#11148);
#11143 = PLANE('',#11144);
#11144 = AXIS2_PLACEMENT_3D('',#11145,#11146,#11147);
#11145 = CARTESIAN_POINT('',(74.4,-29.7,3.8));
#11146 = DIRECTION('',(-0.707106781187,0.,0.707106781187));
#11147 = DIRECTION('',(0.707106781187,0.,0.707106781187));
#11148 = DEFINITIONAL_REPRESENTATION('',(#11149),#11153);
#11149 = LINE('',#11150,#11151);
#11150 = CARTESIAN_POINT('',(0.848528137424,10.));
#11151 = VECTOR('',#11152,1.);
#11152 = DIRECTION('',(0.,-1.));
#11153 = ( GEOMETRIC_REPRESENTATION_CONTEXT(2) 
PARAMETRIC_REPRESENTATION_CONTEXT() REPRESENTATION_CONTEXT('2D SPACE',''
  ) );
#11154 = ORIENTED_EDGE('',*,*,#11155,.T.);
#11155 = EDGE_CURVE('',#11128,#11156,#11158,.T.);
#11156 = VERTEX_POINT('',#11157);
#11157 = CARTESIAN_POINT('',(75.6,-31.7,4.4));
#11158 = SURFACE_CURVE('',#11159,(#11163,#11170),.PCURVE_S1.);
#11159 = LINE('',#11160,#11161);
#11160 = CARTESIAN_POINT('',(74.4,-30.5,4.4));
#11161 = VECTOR('',#11162,1.);
#11162 = DIRECTION('',(0.707106781187,-0.707106781187,0.));
#11163 = PCURVE('',#8903,#11164);
#11164 = DEFINITIONAL_REPRESENTATION('',(#11165),#11169);
#11165 = LINE('',#11166,#11167);
#11166 = CARTESIAN_POINT('',(-2.2,20.2));
#11167 = VECTOR('',#11168,1.);
#11168 = DIRECTION('',(0.707106781187,-0.707106781187));
#11169 = ( GEOMETRIC_REPRESENTATION_CONTEXT(2) 
PARAMETRIC_REPRESENTATION_CONTEXT() REPRESENTATION_CONTEXT('2D SPACE',''
  ) );
#11170 = PCURVE('',#3890,#11171);
#11171 = DEFINITIONAL_REPRESENTATION('',(#11172),#11176);
#11172 = LINE('',#11173,#11174);
#11173 = CARTESIAN_POINT('',(0.,-4.4));
#11174 = VECTOR('',#11175,1.);
#11175 = DIRECTION('',(1.,0.));
#11176 = ( GEOMETRIC_REPRESENTATION_CONTEXT(2) 
PARAMETRIC_REPRESENTATION_CONTEXT() REPRESENTATION_CONTEXT('2D SPACE',''
  ) );
#11177 = ORIENTED_EDGE('',*,*,#11178,.T.);
#11178 = EDGE_CURVE('',#11156,#11179,#11181,.T.);
#11179 = VERTEX_POINT('',#11180);
#11180 = CARTESIAN_POINT('',(76.6,-32.53333333333,4.4));
#11181 = SURFACE_CURVE('',#11182,(#11186,#11193),.PCURVE_S1.);
#11182 = LINE('',#11183,#11184);
#11183 = CARTESIAN_POINT('',(75.6,-31.7,4.4));
#11184 = VECTOR('',#11185,1.);
#11185 = DIRECTION('',(0.768221279597,-0.640184399664,0.));
#11186 = PCURVE('',#8903,#11187);
#11187 = DEFINITIONAL_REPRESENTATION('',(#11188),#11192);
#11188 = LINE('',#11189,#11190);
#11189 = CARTESIAN_POINT('',(-1.,19.));
#11190 = VECTOR('',#11191,1.);
#11191 = DIRECTION('',(0.768221279597,-0.640184399664));
#11192 = ( GEOMETRIC_REPRESENTATION_CONTEXT(2) 
PARAMETRIC_REPRESENTATION_CONTEXT() REPRESENTATION_CONTEXT('2D SPACE',''
  ) );
#11193 = PCURVE('',#3918,#11194);
#11194 = DEFINITIONAL_REPRESENTATION('',(#11195),#11199);
#11195 = LINE('',#11196,#11197);
#11196 = CARTESIAN_POINT('',(0.,-4.4));
#11197 = VECTOR('',#11198,1.);
#11198 = DIRECTION('',(1.,0.));
#11199 = ( GEOMETRIC_REPRESENTATION_CONTEXT(2) 
PARAMETRIC_REPRESENTATION_CONTEXT() REPRESENTATION_CONTEXT('2D SPACE',''
  ) );
#11200 = ORIENTED_EDGE('',*,*,#11201,.F.);
#11201 = EDGE_CURVE('',#11202,#11179,#11204,.T.);
#11202 = VERTEX_POINT('',#11203);
#11203 = CARTESIAN_POINT('',(76.6,-49.4,4.4));
#11204 = SURFACE_CURVE('',#11205,(#11209,#11216),.PCURVE_S1.);
#11205 = LINE('',#11206,#11207);
#11206 = CARTESIAN_POINT('',(76.6,-50.7,4.4));
#11207 = VECTOR('',#11208,1.);
#11208 = DIRECTION('',(-0.,1.,0.));
#11209 = PCURVE('',#8903,#11210);
#11210 = DEFINITIONAL_REPRESENTATION('',(#11211),#11215);
#11211 = LINE('',#11212,#11213);
#11212 = CARTESIAN_POINT('',(0.,0.));
#11213 = VECTOR('',#11214,1.);
#11214 = DIRECTION('',(0.,1.));
#11215 = ( GEOMETRIC_REPRESENTATION_CONTEXT(2) 
PARAMETRIC_REPRESENTATION_CONTEXT() REPRESENTATION_CONTEXT('2D SPACE',''
  ) );
#11216 = PCURVE('',#3946,#11217);
#11217 = DEFINITIONAL_REPRESENTATION('',(#11218),#11222);
#11218 = LINE('',#11219,#11220);
#11219 = CARTESIAN_POINT('',(4.4,0.));
#11220 = VECTOR('',#11221,1.);
#11221 = DIRECTION('',(0.,-1.));
#11222 = ( GEOMETRIC_REPRESENTATION_CONTEXT(2) 
PARAMETRIC_REPRESENTATION_CONTEXT() REPRESENTATION_CONTEXT('2D SPACE',''
  ) );
#11223 = ORIENTED_EDGE('',*,*,#11224,.F.);
#11224 = EDGE_CURVE('',#10958,#11202,#11225,.T.);
#11225 = SURFACE_CURVE('',#11226,(#11230,#11237),.PCURVE_S1.);
#11226 = LINE('',#11227,#11228);
#11227 = CARTESIAN_POINT('',(75.8,-49.4,4.4));
#11228 = VECTOR('',#11229,1.);
#11229 = DIRECTION('',(1.,0.,-0.));
#11230 = PCURVE('',#8903,#11231);
#11231 = DEFINITIONAL_REPRESENTATION('',(#11232),#11236);
#11232 = LINE('',#11233,#11234);
#11233 = CARTESIAN_POINT('',(-0.8,1.3));
#11234 = VECTOR('',#11235,1.);
#11235 = DIRECTION('',(1.,0.));
#11236 = ( GEOMETRIC_REPRESENTATION_CONTEXT(2) 
PARAMETRIC_REPRESENTATION_CONTEXT() REPRESENTATION_CONTEXT('2D SPACE',''
  ) );
#11237 = PCURVE('',#3974,#11238);
#11238 = DEFINITIONAL_REPRESENTATION('',(#11239),#11243);
#11239 = LINE('',#11240,#11241);
#11240 = CARTESIAN_POINT('',(4.4,0.));
#11241 = VECTOR('',#11242,1.);
#11242 = DIRECTION('',(0.,1.));
#11243 = ( GEOMETRIC_REPRESENTATION_CONTEXT(2) 
PARAMETRIC_REPRESENTATION_CONTEXT() REPRESENTATION_CONTEXT('2D SPACE',''
  ) );
#11244 = ADVANCED_FACE('',(#11245),#3722,.T.);
#11245 = FACE_BOUND('',#11246,.T.);
#11246 = EDGE_LOOP('',(#11247,#11248,#11249,#11270));
#11247 = ORIENTED_EDGE('',*,*,#8867,.F.);
#11248 = ORIENTED_EDGE('',*,*,#3705,.T.);
#11249 = ORIENTED_EDGE('',*,*,#11250,.T.);
#11250 = EDGE_CURVE('',#3706,#11012,#11251,.T.);
#11251 = SURFACE_CURVE('',#11252,(#11256,#11263),.PCURVE_S1.);
#11252 = LINE('',#11253,#11254);
#11253 = CARTESIAN_POINT('',(78.2,-49.4,0.));
#11254 = VECTOR('',#11255,1.);
#11255 = DIRECTION('',(0.,0.,1.));
#11256 = PCURVE('',#3722,#11257);
#11257 = DEFINITIONAL_REPRESENTATION('',(#11258),#11262);
#11258 = LINE('',#11259,#11260);
#11259 = CARTESIAN_POINT('',(1.570796326795,0.));
#11260 = VECTOR('',#11261,1.);
#11261 = DIRECTION('',(0.,1.));
#11262 = ( GEOMETRIC_REPRESENTATION_CONTEXT(2) 
PARAMETRIC_REPRESENTATION_CONTEXT() REPRESENTATION_CONTEXT('2D SPACE',''
  ) );
#11263 = PCURVE('',#3750,#11264);
#11264 = DEFINITIONAL_REPRESENTATION('',(#11265),#11269);
#11265 = LINE('',#11266,#11267);
#11266 = CARTESIAN_POINT('',(0.,2.4));
#11267 = VECTOR('',#11268,1.);
#11268 = DIRECTION('',(1.,0.));
#11269 = ( GEOMETRIC_REPRESENTATION_CONTEXT(2) 
PARAMETRIC_REPRESENTATION_CONTEXT() REPRESENTATION_CONTEXT('2D SPACE',''
  ) );
#11270 = ORIENTED_EDGE('',*,*,#11011,.F.);
#11271 = ADVANCED_FACE('',(#11272),#9072,.T.);
#11272 = FACE_BOUND('',#11273,.T.);
#11273 = EDGE_LOOP('',(#11274,#11275,#11276,#11299));
#11274 = ORIENTED_EDGE('',*,*,#10755,.F.);
#11275 = ORIENTED_EDGE('',*,*,#9057,.T.);
#11276 = ORIENTED_EDGE('',*,*,#11277,.T.);
#11277 = EDGE_CURVE('',#9032,#11278,#11280,.T.);
#11278 = VERTEX_POINT('',#11279);
#11279 = CARTESIAN_POINT('',(-75.,-27.7,4.4));
#11280 = SURFACE_CURVE('',#11281,(#11285,#11292),.PCURVE_S1.);
#11281 = LINE('',#11282,#11283);
#11282 = CARTESIAN_POINT('',(-75.7,-27.7,4.4));
#11283 = VECTOR('',#11284,1.);
#11284 = DIRECTION('',(1.,0.,-0.));
#11285 = PCURVE('',#9072,#11286);
#11286 = DEFINITIONAL_REPRESENTATION('',(#11287),#11291);
#11287 = LINE('',#11288,#11289);
#11288 = CARTESIAN_POINT('',(1.4,0.));
#11289 = VECTOR('',#11290,1.);
#11290 = DIRECTION('',(0.,1.));
#11291 = ( GEOMETRIC_REPRESENTATION_CONTEXT(2) 
PARAMETRIC_REPRESENTATION_CONTEXT() REPRESENTATION_CONTEXT('2D SPACE',''
  ) );
#11292 = PCURVE('',#9046,#11293);
#11293 = DEFINITIONAL_REPRESENTATION('',(#11294),#11298);
#11294 = LINE('',#11295,#11296);
#11295 = CARTESIAN_POINT('',(0.,4.));
#11296 = VECTOR('',#11297,1.);
#11297 = DIRECTION('',(1.,0.));
#11298 = ( GEOMETRIC_REPRESENTATION_CONTEXT(2) 
PARAMETRIC_REPRESENTATION_CONTEXT() REPRESENTATION_CONTEXT('2D SPACE',''
  ) );
#11299 = ORIENTED_EDGE('',*,*,#11300,.F.);
#11300 = EDGE_CURVE('',#10756,#11278,#11301,.T.);
#11301 = SURFACE_CURVE('',#11302,(#11306,#11313),.PCURVE_S1.);
#11302 = LINE('',#11303,#11304);
#11303 = CARTESIAN_POINT('',(-75.,-27.7,3.));
#11304 = VECTOR('',#11305,1.);
#11305 = DIRECTION('',(0.,0.,1.));
#11306 = PCURVE('',#9072,#11307);
#11307 = DEFINITIONAL_REPRESENTATION('',(#11308),#11312);
#11308 = LINE('',#11309,#11310);
#11309 = CARTESIAN_POINT('',(0.,0.7));
#11310 = VECTOR('',#11311,1.);
#11311 = DIRECTION('',(1.,0.));
#11312 = ( GEOMETRIC_REPRESENTATION_CONTEXT(2) 
PARAMETRIC_REPRESENTATION_CONTEXT() REPRESENTATION_CONTEXT('2D SPACE',''
  ) );
#11313 = PCURVE('',#10794,#11314);
#11314 = DEFINITIONAL_REPRESENTATION('',(#11315),#11319);
#11315 = LINE('',#11316,#11317);
#11316 = CARTESIAN_POINT('',(0.,-4.));
#11317 = VECTOR('',#11318,1.);
#11318 = DIRECTION('',(1.,0.));
#11319 = ( GEOMETRIC_REPRESENTATION_CONTEXT(2) 
PARAMETRIC_REPRESENTATION_CONTEXT() REPRESENTATION_CONTEXT('2D SPACE',''
  ) );
#11320 = ADVANCED_FACE('',(#11321),#9046,.T.);
#11321 = FACE_BOUND('',#11322,.T.);
#11322 = EDGE_LOOP('',(#11323,#11324,#11325,#11348));
#11323 = ORIENTED_EDGE('',*,*,#11277,.F.);
#11324 = ORIENTED_EDGE('',*,*,#9031,.T.);
#11325 = ORIENTED_EDGE('',*,*,#11326,.T.);
#11326 = EDGE_CURVE('',#9006,#11327,#11329,.T.);
#11327 = VERTEX_POINT('',#11328);
#11328 = CARTESIAN_POINT('',(-75.,-31.7,4.4));
#11329 = SURFACE_CURVE('',#11330,(#11334,#11341),.PCURVE_S1.);
#11330 = LINE('',#11331,#11332);
#11331 = CARTESIAN_POINT('',(-75.7,-31.7,4.4));
#11332 = VECTOR('',#11333,1.);
#11333 = DIRECTION('',(1.,0.,-0.));
#11334 = PCURVE('',#9046,#11335);
#11335 = DEFINITIONAL_REPRESENTATION('',(#11336),#11340);
#11336 = LINE('',#11337,#11338);
#11337 = CARTESIAN_POINT('',(0.,0.));
#11338 = VECTOR('',#11339,1.);
#11339 = DIRECTION('',(1.,0.));
#11340 = ( GEOMETRIC_REPRESENTATION_CONTEXT(2) 
PARAMETRIC_REPRESENTATION_CONTEXT() REPRESENTATION_CONTEXT('2D SPACE',''
  ) );
#11341 = PCURVE('',#9020,#11342);
#11342 = DEFINITIONAL_REPRESENTATION('',(#11343),#11347);
#11343 = LINE('',#11344,#11345);
#11344 = CARTESIAN_POINT('',(1.4,0.));
#11345 = VECTOR('',#11346,1.);
#11346 = DIRECTION('',(0.,1.));
#11347 = ( GEOMETRIC_REPRESENTATION_CONTEXT(2) 
PARAMETRIC_REPRESENTATION_CONTEXT() REPRESENTATION_CONTEXT('2D SPACE',''
  ) );
#11348 = ORIENTED_EDGE('',*,*,#11349,.T.);
#11349 = EDGE_CURVE('',#11327,#11278,#11350,.T.);
#11350 = SURFACE_CURVE('',#11351,(#11355,#11362),.PCURVE_S1.);
#11351 = LINE('',#11352,#11353);
#11352 = CARTESIAN_POINT('',(-75.,-31.7,4.4));
#11353 = VECTOR('',#11354,1.);
#11354 = DIRECTION('',(-0.,1.,0.));
#11355 = PCURVE('',#9046,#11356);
#11356 = DEFINITIONAL_REPRESENTATION('',(#11357),#11361);
#11357 = LINE('',#11358,#11359);
#11358 = CARTESIAN_POINT('',(0.7,0.));
#11359 = VECTOR('',#11360,1.);
#11360 = DIRECTION('',(0.,1.));
#11361 = ( GEOMETRIC_REPRESENTATION_CONTEXT(2) 
PARAMETRIC_REPRESENTATION_CONTEXT() REPRESENTATION_CONTEXT('2D SPACE',''
  ) );
#11362 = PCURVE('',#10794,#11363);
#11363 = DEFINITIONAL_REPRESENTATION('',(#11364),#11368);
#11364 = LINE('',#11365,#11366);
#11365 = CARTESIAN_POINT('',(1.4,0.));
#11366 = VECTOR('',#11367,1.);
#11367 = DIRECTION('',(0.,-1.));
#11368 = ( GEOMETRIC_REPRESENTATION_CONTEXT(2) 
PARAMETRIC_REPRESENTATION_CONTEXT() REPRESENTATION_CONTEXT('2D SPACE',''
  ) );
#11369 = ADVANCED_FACE('',(#11370),#9020,.F.);
#11370 = FACE_BOUND('',#11371,.F.);
#11371 = EDGE_LOOP('',(#11372,#11373,#11374,#11375));
#11372 = ORIENTED_EDGE('',*,*,#10806,.F.);
#11373 = ORIENTED_EDGE('',*,*,#9005,.T.);
#11374 = ORIENTED_EDGE('',*,*,#11326,.T.);
#11375 = ORIENTED_EDGE('',*,*,#11376,.F.);
#11376 = EDGE_CURVE('',#10779,#11327,#11377,.T.);
#11377 = SURFACE_CURVE('',#11378,(#11382,#11389),.PCURVE_S1.);
#11378 = LINE('',#11379,#11380);
#11379 = CARTESIAN_POINT('',(-75.,-31.7,3.));
#11380 = VECTOR('',#11381,1.);
#11381 = DIRECTION('',(0.,0.,1.));
#11382 = PCURVE('',#9020,#11383);
#11383 = DEFINITIONAL_REPRESENTATION('',(#11384),#11388);
#11384 = LINE('',#11385,#11386);
#11385 = CARTESIAN_POINT('',(0.,0.7));
#11386 = VECTOR('',#11387,1.);
#11387 = DIRECTION('',(1.,0.));
#11388 = ( GEOMETRIC_REPRESENTATION_CONTEXT(2) 
PARAMETRIC_REPRESENTATION_CONTEXT() REPRESENTATION_CONTEXT('2D SPACE',''
  ) );
#11389 = PCURVE('',#10794,#11390);
#11390 = DEFINITIONAL_REPRESENTATION('',(#11391),#11395);
#11391 = LINE('',#11392,#11393);
#11392 = CARTESIAN_POINT('',(0.,0.));
#11393 = VECTOR('',#11394,1.);
#11394 = DIRECTION('',(1.,0.));
#11395 = ( GEOMETRIC_REPRESENTATION_CONTEXT(2) 
PARAMETRIC_REPRESENTATION_CONTEXT() REPRESENTATION_CONTEXT('2D SPACE',''
  ) );
#11396 = ADVANCED_FACE('',(#11397),#9220,.T.);
#11397 = FACE_BOUND('',#11398,.F.);
#11398 = EDGE_LOOP('',(#11399));
#11399 = ORIENTED_EDGE('',*,*,#9205,.F.);
#11400 = ADVANCED_FACE('',(#11401),#9440,.T.);
#11401 = FACE_BOUND('',#11402,.T.);
#11402 = EDGE_LOOP('',(#11403,#11404,#11405,#11428));
#11403 = ORIENTED_EDGE('',*,*,#10679,.F.);
#11404 = ORIENTED_EDGE('',*,*,#9425,.T.);
#11405 = ORIENTED_EDGE('',*,*,#11406,.T.);
#11406 = EDGE_CURVE('',#9400,#11407,#11409,.T.);
#11407 = VERTEX_POINT('',#11408);
#11408 = CARTESIAN_POINT('',(-75.,31.7,4.4));
#11409 = SURFACE_CURVE('',#11410,(#11414,#11421),.PCURVE_S1.);
#11410 = LINE('',#11411,#11412);
#11411 = CARTESIAN_POINT('',(-75.7,31.7,4.4));
#11412 = VECTOR('',#11413,1.);
#11413 = DIRECTION('',(1.,0.,-0.));
#11414 = PCURVE('',#9440,#11415);
#11415 = DEFINITIONAL_REPRESENTATION('',(#11416),#11420);
#11416 = LINE('',#11417,#11418);
#11417 = CARTESIAN_POINT('',(1.4,0.));
#11418 = VECTOR('',#11419,1.);
#11419 = DIRECTION('',(0.,1.));
#11420 = ( GEOMETRIC_REPRESENTATION_CONTEXT(2) 
PARAMETRIC_REPRESENTATION_CONTEXT() REPRESENTATION_CONTEXT('2D SPACE',''
  ) );
#11421 = PCURVE('',#9414,#11422);
#11422 = DEFINITIONAL_REPRESENTATION('',(#11423),#11427);
#11423 = LINE('',#11424,#11425);
#11424 = CARTESIAN_POINT('',(0.,4.));
#11425 = VECTOR('',#11426,1.);
#11426 = DIRECTION('',(1.,0.));
#11427 = ( GEOMETRIC_REPRESENTATION_CONTEXT(2) 
PARAMETRIC_REPRESENTATION_CONTEXT() REPRESENTATION_CONTEXT('2D SPACE',''
  ) );
#11428 = ORIENTED_EDGE('',*,*,#11429,.F.);
#11429 = EDGE_CURVE('',#10680,#11407,#11430,.T.);
#11430 = SURFACE_CURVE('',#11431,(#11435,#11442),.PCURVE_S1.);
#11431 = LINE('',#11432,#11433);
#11432 = CARTESIAN_POINT('',(-75.,31.7,3.));
#11433 = VECTOR('',#11434,1.);
#11434 = DIRECTION('',(0.,0.,1.));
#11435 = PCURVE('',#9440,#11436);
#11436 = DEFINITIONAL_REPRESENTATION('',(#11437),#11441);
#11437 = LINE('',#11438,#11439);
#11438 = CARTESIAN_POINT('',(0.,0.7));
#11439 = VECTOR('',#11440,1.);
#11440 = DIRECTION('',(1.,0.));
#11441 = ( GEOMETRIC_REPRESENTATION_CONTEXT(2) 
PARAMETRIC_REPRESENTATION_CONTEXT() REPRESENTATION_CONTEXT('2D SPACE',''
  ) );
#11442 = PCURVE('',#10718,#11443);
#11443 = DEFINITIONAL_REPRESENTATION('',(#11444),#11448);
#11444 = LINE('',#11445,#11446);
#11445 = CARTESIAN_POINT('',(0.,-4.));
#11446 = VECTOR('',#11447,1.);
#11447 = DIRECTION('',(1.,0.));
#11448 = ( GEOMETRIC_REPRESENTATION_CONTEXT(2) 
PARAMETRIC_REPRESENTATION_CONTEXT() REPRESENTATION_CONTEXT('2D SPACE',''
  ) );
#11449 = ADVANCED_FACE('',(#11450),#9414,.T.);
#11450 = FACE_BOUND('',#11451,.T.);
#11451 = EDGE_LOOP('',(#11452,#11453,#11454,#11477));
#11452 = ORIENTED_EDGE('',*,*,#11406,.F.);
#11453 = ORIENTED_EDGE('',*,*,#9399,.T.);
#11454 = ORIENTED_EDGE('',*,*,#11455,.T.);
#11455 = EDGE_CURVE('',#9374,#11456,#11458,.T.);
#11456 = VERTEX_POINT('',#11457);
#11457 = CARTESIAN_POINT('',(-75.,27.7,4.4));
#11458 = SURFACE_CURVE('',#11459,(#11463,#11470),.PCURVE_S1.);
#11459 = LINE('',#11460,#11461);
#11460 = CARTESIAN_POINT('',(-75.7,27.7,4.4));
#11461 = VECTOR('',#11462,1.);
#11462 = DIRECTION('',(1.,0.,-0.));
#11463 = PCURVE('',#9414,#11464);
#11464 = DEFINITIONAL_REPRESENTATION('',(#11465),#11469);
#11465 = LINE('',#11466,#11467);
#11466 = CARTESIAN_POINT('',(0.,0.));
#11467 = VECTOR('',#11468,1.);
#11468 = DIRECTION('',(1.,0.));
#11469 = ( GEOMETRIC_REPRESENTATION_CONTEXT(2) 
PARAMETRIC_REPRESENTATION_CONTEXT() REPRESENTATION_CONTEXT('2D SPACE',''
  ) );
#11470 = PCURVE('',#9388,#11471);
#11471 = DEFINITIONAL_REPRESENTATION('',(#11472),#11476);
#11472 = LINE('',#11473,#11474);
#11473 = CARTESIAN_POINT('',(1.4,0.));
#11474 = VECTOR('',#11475,1.);
#11475 = DIRECTION('',(0.,1.));
#11476 = ( GEOMETRIC_REPRESENTATION_CONTEXT(2) 
PARAMETRIC_REPRESENTATION_CONTEXT() REPRESENTATION_CONTEXT('2D SPACE',''
  ) );
#11477 = ORIENTED_EDGE('',*,*,#11478,.T.);
#11478 = EDGE_CURVE('',#11456,#11407,#11479,.T.);
#11479 = SURFACE_CURVE('',#11480,(#11484,#11491),.PCURVE_S1.);
#11480 = LINE('',#11481,#11482);
#11481 = CARTESIAN_POINT('',(-75.,27.7,4.4));
#11482 = VECTOR('',#11483,1.);
#11483 = DIRECTION('',(-0.,1.,0.));
#11484 = PCURVE('',#9414,#11485);
#11485 = DEFINITIONAL_REPRESENTATION('',(#11486),#11490);
#11486 = LINE('',#11487,#11488);
#11487 = CARTESIAN_POINT('',(0.7,0.));
#11488 = VECTOR('',#11489,1.);
#11489 = DIRECTION('',(0.,1.));
#11490 = ( GEOMETRIC_REPRESENTATION_CONTEXT(2) 
PARAMETRIC_REPRESENTATION_CONTEXT() REPRESENTATION_CONTEXT('2D SPACE',''
  ) );
#11491 = PCURVE('',#10718,#11492);
#11492 = DEFINITIONAL_REPRESENTATION('',(#11493),#11497);
#11493 = LINE('',#11494,#11495);
#11494 = CARTESIAN_POINT('',(1.4,0.));
#11495 = VECTOR('',#11496,1.);
#11496 = DIRECTION('',(0.,-1.));
#11497 = ( GEOMETRIC_REPRESENTATION_CONTEXT(2) 
PARAMETRIC_REPRESENTATION_CONTEXT() REPRESENTATION_CONTEXT('2D SPACE',''
  ) );
#11498 = ADVANCED_FACE('',(#11499),#9388,.F.);
#11499 = FACE_BOUND('',#11500,.F.);
#11500 = EDGE_LOOP('',(#11501,#11502,#11503,#11504));
#11501 = ORIENTED_EDGE('',*,*,#10730,.F.);
#11502 = ORIENTED_EDGE('',*,*,#9373,.T.);
#11503 = ORIENTED_EDGE('',*,*,#11455,.T.);
#11504 = ORIENTED_EDGE('',*,*,#11505,.F.);
#11505 = EDGE_CURVE('',#10703,#11456,#11506,.T.);
#11506 = SURFACE_CURVE('',#11507,(#11511,#11518),.PCURVE_S1.);
#11507 = LINE('',#11508,#11509);
#11508 = CARTESIAN_POINT('',(-75.,27.7,3.));
#11509 = VECTOR('',#11510,1.);
#11510 = DIRECTION('',(0.,0.,1.));
#11511 = PCURVE('',#9388,#11512);
#11512 = DEFINITIONAL_REPRESENTATION('',(#11513),#11517);
#11513 = LINE('',#11514,#11515);
#11514 = CARTESIAN_POINT('',(0.,0.7));
#11515 = VECTOR('',#11516,1.);
#11516 = DIRECTION('',(1.,0.));
#11517 = ( GEOMETRIC_REPRESENTATION_CONTEXT(2) 
PARAMETRIC_REPRESENTATION_CONTEXT() REPRESENTATION_CONTEXT('2D SPACE',''
  ) );
#11518 = PCURVE('',#10718,#11519);
#11519 = DEFINITIONAL_REPRESENTATION('',(#11520),#11524);
#11520 = LINE('',#11521,#11522);
#11521 = CARTESIAN_POINT('',(0.,0.));
#11522 = VECTOR('',#11523,1.);
#11523 = DIRECTION('',(1.,0.));
#11524 = ( GEOMETRIC_REPRESENTATION_CONTEXT(2) 
PARAMETRIC_REPRESENTATION_CONTEXT() REPRESENTATION_CONTEXT('2D SPACE',''
  ) );
#11525 = ADVANCED_FACE('',(#11526),#9631,.T.);
#11526 = FACE_BOUND('',#11527,.F.);
#11527 = EDGE_LOOP('',(#11528));
#11528 = ORIENTED_EDGE('',*,*,#9616,.F.);
#11529 = ADVANCED_FACE('',(#11530),#4438,.T.);
#11530 = FACE_BOUND('',#11531,.F.);
#11531 = EDGE_LOOP('',(#11532,#11533,#11534,#11557));
#11532 = ORIENTED_EDGE('',*,*,#9884,.F.);
#11533 = ORIENTED_EDGE('',*,*,#4417,.T.);
#11534 = ORIENTED_EDGE('',*,*,#11535,.T.);
#11535 = EDGE_CURVE('',#4390,#11536,#11538,.T.);
#11536 = VERTEX_POINT('',#11537);
#11537 = CARTESIAN_POINT('',(19.7,56.2,4.4));
#11538 = SURFACE_CURVE('',#11539,(#11543,#11550),.PCURVE_S1.);
#11539 = LINE('',#11540,#11541);
#11540 = CARTESIAN_POINT('',(19.7,56.2,0.));
#11541 = VECTOR('',#11542,1.);
#11542 = DIRECTION('',(0.,0.,1.));
#11543 = PCURVE('',#4438,#11544);
#11544 = DEFINITIONAL_REPRESENTATION('',(#11545),#11549);
#11545 = LINE('',#11546,#11547);
#11546 = CARTESIAN_POINT('',(-1.570796326795,0.));
#11547 = VECTOR('',#11548,1.);
#11548 = DIRECTION('',(-0.,1.));
#11549 = ( GEOMETRIC_REPRESENTATION_CONTEXT(2) 
PARAMETRIC_REPRESENTATION_CONTEXT() REPRESENTATION_CONTEXT('2D SPACE',''
  ) );
#11550 = PCURVE('',#4405,#11551);
#11551 = DEFINITIONAL_REPRESENTATION('',(#11552),#11556);
#11552 = LINE('',#11553,#11554);
#11553 = CARTESIAN_POINT('',(0.,0.4));
#11554 = VECTOR('',#11555,1.);
#11555 = DIRECTION('',(1.,0.));
#11556 = ( GEOMETRIC_REPRESENTATION_CONTEXT(2) 
PARAMETRIC_REPRESENTATION_CONTEXT() REPRESENTATION_CONTEXT('2D SPACE',''
  ) );
#11557 = ORIENTED_EDGE('',*,*,#11558,.F.);
#11558 = EDGE_CURVE('',#9859,#11536,#11559,.T.);
#11559 = SURFACE_CURVE('',#11560,(#11565,#11572),.PCURVE_S1.);
#11560 = CIRCLE('',#11561,0.4);
#11561 = AXIS2_PLACEMENT_3D('',#11562,#11563,#11564);
#11562 = CARTESIAN_POINT('',(20.1,56.2,4.4));
#11563 = DIRECTION('',(0.,-0.,-1.));
#11564 = DIRECTION('',(1.,-1.110223024625E-16,0.));
#11565 = PCURVE('',#4438,#11566);
#11566 = DEFINITIONAL_REPRESENTATION('',(#11567),#11571);
#11567 = LINE('',#11568,#11569);
#11568 = CARTESIAN_POINT('',(1.570796326795,4.4));
#11569 = VECTOR('',#11570,1.);
#11570 = DIRECTION('',(-1.,0.));
#11571 = ( GEOMETRIC_REPRESENTATION_CONTEXT(2) 
PARAMETRIC_REPRESENTATION_CONTEXT() REPRESENTATION_CONTEXT('2D SPACE',''
  ) );
#11572 = PCURVE('',#9873,#11573);
#11573 = DEFINITIONAL_REPRESENTATION('',(#11574),#11582);
#11574 = ( BOUNDED_CURVE() B_SPLINE_CURVE(2,(#11575,#11576,#11577,#11578
    ,#11579,#11580,#11581),.UNSPECIFIED.,.T.,.F.) 
B_SPLINE_CURVE_WITH_KNOTS((1,2,2,2,2,1),(-2.094395102393,0.,
    2.094395102393,4.188790204786,6.28318530718,8.377580409573),
.UNSPECIFIED.) CURVE() GEOMETRIC_REPRESENTATION_ITEM() 
RATIONAL_B_SPLINE_CURVE((1.,0.5,1.,0.5,1.,0.5,1.)) REPRESENTATION_ITEM(
  '') );
#11575 = CARTESIAN_POINT('',(-0.4,0.5));
#11576 = CARTESIAN_POINT('',(-1.092820323028,0.5));
#11577 = CARTESIAN_POINT('',(-0.746410161514,1.1));
#11578 = CARTESIAN_POINT('',(-0.4,1.7));
#11579 = CARTESIAN_POINT('',(-5.358983848622E-02,1.1));
#11580 = CARTESIAN_POINT('',(0.292820323028,0.5));
#11581 = CARTESIAN_POINT('',(-0.4,0.5));
#11582 = ( GEOMETRIC_REPRESENTATION_CONTEXT(2) 
PARAMETRIC_REPRESENTATION_CONTEXT() REPRESENTATION_CONTEXT('2D SPACE',''
  ) );
#11583 = ADVANCED_FACE('',(#11584),#9873,.T.);
#11584 = FACE_BOUND('',#11585,.T.);
#11585 = EDGE_LOOP('',(#11586,#11587,#11588,#11612,#11635,#11658,#11681,
    #11704,#11732,#11755,#11778,#11801));
#11586 = ORIENTED_EDGE('',*,*,#11558,.F.);
#11587 = ORIENTED_EDGE('',*,*,#9858,.T.);
#11588 = ORIENTED_EDGE('',*,*,#11589,.T.);
#11589 = EDGE_CURVE('',#9838,#11590,#11592,.T.);
#11590 = VERTEX_POINT('',#11591);
#11591 = CARTESIAN_POINT('',(19.7,58.2,4.4));
#11592 = SURFACE_CURVE('',#11593,(#11598,#11605),.PCURVE_S1.);
#11593 = CIRCLE('',#11594,0.4);
#11594 = AXIS2_PLACEMENT_3D('',#11595,#11596,#11597);
#11595 = CARTESIAN_POINT('',(20.1,58.2,4.4));
#11596 = DIRECTION('',(-0.,0.,1.));
#11597 = DIRECTION('',(1.,-1.110223024625E-16,0.));
#11598 = PCURVE('',#9873,#11599);
#11599 = DEFINITIONAL_REPRESENTATION('',(#11600),#11604);
#11600 = CIRCLE('',#11601,0.4);
#11601 = AXIS2_PLACEMENT_2D('',#11602,#11603);
#11602 = CARTESIAN_POINT('',(1.6,0.9));
#11603 = DIRECTION('',(0.,-1.));
#11604 = ( GEOMETRIC_REPRESENTATION_CONTEXT(2) 
PARAMETRIC_REPRESENTATION_CONTEXT() REPRESENTATION_CONTEXT('2D SPACE',''
  ) );
#11605 = PCURVE('',#4153,#11606);
#11606 = DEFINITIONAL_REPRESENTATION('',(#11607),#11611);
#11607 = LINE('',#11608,#11609);
#11608 = CARTESIAN_POINT('',(-1.570796326795,4.4));
#11609 = VECTOR('',#11610,1.);
#11610 = DIRECTION('',(1.,0.));
#11611 = ( GEOMETRIC_REPRESENTATION_CONTEXT(2) 
PARAMETRIC_REPRESENTATION_CONTEXT() REPRESENTATION_CONTEXT('2D SPACE',''
  ) );
#11612 = ORIENTED_EDGE('',*,*,#11613,.F.);
#11613 = EDGE_CURVE('',#11614,#11590,#11616,.T.);
#11614 = VERTEX_POINT('',#11615);
#11615 = CARTESIAN_POINT('',(19.7,57.8,4.4));
#11616 = SURFACE_CURVE('',#11617,(#11621,#11628),.PCURVE_S1.);
#11617 = LINE('',#11618,#11619);
#11618 = CARTESIAN_POINT('',(19.7,55.8,4.4));
#11619 = VECTOR('',#11620,1.);
#11620 = DIRECTION('',(1.110223024625E-16,1.,0.));
#11621 = PCURVE('',#9873,#11622);
#11622 = DEFINITIONAL_REPRESENTATION('',(#11623),#11627);
#11623 = LINE('',#11624,#11625);
#11624 = CARTESIAN_POINT('',(-0.8,1.3));
#11625 = VECTOR('',#11626,1.);
#11626 = DIRECTION('',(1.,0.));
#11627 = ( GEOMETRIC_REPRESENTATION_CONTEXT(2) 
PARAMETRIC_REPRESENTATION_CONTEXT() REPRESENTATION_CONTEXT('2D SPACE',''
  ) );
#11628 = PCURVE('',#4181,#11629);
#11629 = DEFINITIONAL_REPRESENTATION('',(#11630),#11634);
#11630 = LINE('',#11631,#11632);
#11631 = CARTESIAN_POINT('',(4.4,0.));
#11632 = VECTOR('',#11633,1.);
#11633 = DIRECTION('',(0.,1.));
#11634 = ( GEOMETRIC_REPRESENTATION_CONTEXT(2) 
PARAMETRIC_REPRESENTATION_CONTEXT() REPRESENTATION_CONTEXT('2D SPACE',''
  ) );
#11635 = ORIENTED_EDGE('',*,*,#11636,.T.);
#11636 = EDGE_CURVE('',#11614,#11637,#11639,.T.);
#11637 = VERTEX_POINT('',#11638);
#11638 = CARTESIAN_POINT('',(-2.,57.8,4.4));
#11639 = SURFACE_CURVE('',#11640,(#11644,#11651),.PCURVE_S1.);
#11640 = LINE('',#11641,#11642);
#11641 = CARTESIAN_POINT('',(19.7,57.8,4.4));
#11642 = VECTOR('',#11643,1.);
#11643 = DIRECTION('',(-1.,1.110223024625E-16,0.));
#11644 = PCURVE('',#9873,#11645);
#11645 = DEFINITIONAL_REPRESENTATION('',(#11646),#11650);
#11646 = LINE('',#11647,#11648);
#11647 = CARTESIAN_POINT('',(1.2,1.3));
#11648 = VECTOR('',#11649,1.);
#11649 = DIRECTION('',(0.,1.));
#11650 = ( GEOMETRIC_REPRESENTATION_CONTEXT(2) 
PARAMETRIC_REPRESENTATION_CONTEXT() REPRESENTATION_CONTEXT('2D SPACE',''
  ) );
#11651 = PCURVE('',#4209,#11652);
#11652 = DEFINITIONAL_REPRESENTATION('',(#11653),#11657);
#11653 = LINE('',#11654,#11655);
#11654 = CARTESIAN_POINT('',(4.4,-1.3));
#11655 = VECTOR('',#11656,1.);
#11656 = DIRECTION('',(0.,-1.));
#11657 = ( GEOMETRIC_REPRESENTATION_CONTEXT(2) 
PARAMETRIC_REPRESENTATION_CONTEXT() REPRESENTATION_CONTEXT('2D SPACE',''
  ) );
#11658 = ORIENTED_EDGE('',*,*,#11659,.T.);
#11659 = EDGE_CURVE('',#11637,#11660,#11662,.T.);
#11660 = VERTEX_POINT('',#11661);
#11661 = CARTESIAN_POINT('',(-2.,55.6,4.4));
#11662 = SURFACE_CURVE('',#11663,(#11667,#11674),.PCURVE_S1.);
#11663 = LINE('',#11664,#11665);
#11664 = CARTESIAN_POINT('',(-2.,57.8,4.4));
#11665 = VECTOR('',#11666,1.);
#11666 = DIRECTION('',(-1.110223024625E-16,-1.,0.));
#11667 = PCURVE('',#9873,#11668);
#11668 = DEFINITIONAL_REPRESENTATION('',(#11669),#11673);
#11669 = LINE('',#11670,#11671);
#11670 = CARTESIAN_POINT('',(1.2,23.));
#11671 = VECTOR('',#11672,1.);
#11672 = DIRECTION('',(-1.,0.));
#11673 = ( GEOMETRIC_REPRESENTATION_CONTEXT(2) 
PARAMETRIC_REPRESENTATION_CONTEXT() REPRESENTATION_CONTEXT('2D SPACE',''
  ) );
#11674 = PCURVE('',#4237,#11675);
#11675 = DEFINITIONAL_REPRESENTATION('',(#11676),#11680);
#11676 = LINE('',#11677,#11678);
#11677 = CARTESIAN_POINT('',(0.,-4.4));
#11678 = VECTOR('',#11679,1.);
#11679 = DIRECTION('',(1.,0.));
#11680 = ( GEOMETRIC_REPRESENTATION_CONTEXT(2) 
PARAMETRIC_REPRESENTATION_CONTEXT() REPRESENTATION_CONTEXT('2D SPACE',''
  ) );
#11681 = ORIENTED_EDGE('',*,*,#11682,.T.);
#11682 = EDGE_CURVE('',#11660,#11683,#11685,.T.);
#11683 = VERTEX_POINT('',#11684);
#11684 = CARTESIAN_POINT('',(-1.4,55.,4.4));
#11685 = SURFACE_CURVE('',#11686,(#11690,#11697),.PCURVE_S1.);
#11686 = LINE('',#11687,#11688);
#11687 = CARTESIAN_POINT('',(-2.,55.6,4.4));
#11688 = VECTOR('',#11689,1.);
#11689 = DIRECTION('',(0.707106781187,-0.707106781187,0.));
#11690 = PCURVE('',#9873,#11691);
#11691 = DEFINITIONAL_REPRESENTATION('',(#11692),#11696);
#11692 = LINE('',#11693,#11694);
#11693 = CARTESIAN_POINT('',(-1.,23.));
#11694 = VECTOR('',#11695,1.);
#11695 = DIRECTION('',(-0.707106781187,-0.707106781187));
#11696 = ( GEOMETRIC_REPRESENTATION_CONTEXT(2) 
PARAMETRIC_REPRESENTATION_CONTEXT() REPRESENTATION_CONTEXT('2D SPACE',''
  ) );
#11697 = PCURVE('',#4265,#11698);
#11698 = DEFINITIONAL_REPRESENTATION('',(#11699),#11703);
#11699 = LINE('',#11700,#11701);
#11700 = CARTESIAN_POINT('',(0.,-4.4));
#11701 = VECTOR('',#11702,1.);
#11702 = DIRECTION('',(1.,0.));
#11703 = ( GEOMETRIC_REPRESENTATION_CONTEXT(2) 
PARAMETRIC_REPRESENTATION_CONTEXT() REPRESENTATION_CONTEXT('2D SPACE',''
  ) );
#11704 = ORIENTED_EDGE('',*,*,#11705,.T.);
#11705 = EDGE_CURVE('',#11683,#11706,#11708,.T.);
#11706 = VERTEX_POINT('',#11707);
#11707 = CARTESIAN_POINT('',(1.4,55.,4.4));
#11708 = SURFACE_CURVE('',#11709,(#11713,#11720),.PCURVE_S1.);
#11709 = LINE('',#11710,#11711);
#11710 = CARTESIAN_POINT('',(-10.,55.,4.4));
#11711 = VECTOR('',#11712,1.);
#11712 = DIRECTION('',(1.,-1.110223024625E-16,0.));
#11713 = PCURVE('',#9873,#11714);
#11714 = DEFINITIONAL_REPRESENTATION('',(#11715),#11719);
#11715 = LINE('',#11716,#11717);
#11716 = CARTESIAN_POINT('',(-1.6,31.));
#11717 = VECTOR('',#11718,1.);
#11718 = DIRECTION('',(0.,-1.));
#11719 = ( GEOMETRIC_REPRESENTATION_CONTEXT(2) 
PARAMETRIC_REPRESENTATION_CONTEXT() REPRESENTATION_CONTEXT('2D SPACE',''
  ) );
#11720 = PCURVE('',#11721,#11726);
#11721 = PLANE('',#11722);
#11722 = AXIS2_PLACEMENT_3D('',#11723,#11724,#11725);
#11723 = CARTESIAN_POINT('',(-6.661338147751E-17,54.4,3.8));
#11724 = DIRECTION('',(-7.850462293419E-17,-0.707106781187,
    0.707106781187));
#11725 = DIRECTION('',(7.850462293419E-17,0.707106781187,0.707106781187)
  );
#11726 = DEFINITIONAL_REPRESENTATION('',(#11727),#11731);
#11727 = LINE('',#11728,#11729);
#11728 = CARTESIAN_POINT('',(0.848528137424,10.));
#11729 = VECTOR('',#11730,1.);
#11730 = DIRECTION('',(0.,-1.));
#11731 = ( GEOMETRIC_REPRESENTATION_CONTEXT(2) 
PARAMETRIC_REPRESENTATION_CONTEXT() REPRESENTATION_CONTEXT('2D SPACE',''
  ) );
#11732 = ORIENTED_EDGE('',*,*,#11733,.T.);
#11733 = EDGE_CURVE('',#11706,#11734,#11736,.T.);
#11734 = VERTEX_POINT('',#11735);
#11735 = CARTESIAN_POINT('',(2.,55.6,4.4));
#11736 = SURFACE_CURVE('',#11737,(#11741,#11748),.PCURVE_S1.);
#11737 = LINE('',#11738,#11739);
#11738 = CARTESIAN_POINT('',(0.8,54.4,4.4));
#11739 = VECTOR('',#11740,1.);
#11740 = DIRECTION('',(0.707106781187,0.707106781187,0.));
#11741 = PCURVE('',#9873,#11742);
#11742 = DEFINITIONAL_REPRESENTATION('',(#11743),#11747);
#11743 = LINE('',#11744,#11745);
#11744 = CARTESIAN_POINT('',(-2.2,20.2));
#11745 = VECTOR('',#11746,1.);
#11746 = DIRECTION('',(0.707106781187,-0.707106781187));
#11747 = ( GEOMETRIC_REPRESENTATION_CONTEXT(2) 
PARAMETRIC_REPRESENTATION_CONTEXT() REPRESENTATION_CONTEXT('2D SPACE',''
  ) );
#11748 = PCURVE('',#4321,#11749);
#11749 = DEFINITIONAL_REPRESENTATION('',(#11750),#11754);
#11750 = LINE('',#11751,#11752);
#11751 = CARTESIAN_POINT('',(0.,-4.4));
#11752 = VECTOR('',#11753,1.);
#11753 = DIRECTION('',(1.,0.));
#11754 = ( GEOMETRIC_REPRESENTATION_CONTEXT(2) 
PARAMETRIC_REPRESENTATION_CONTEXT() REPRESENTATION_CONTEXT('2D SPACE',''
  ) );
#11755 = ORIENTED_EDGE('',*,*,#11756,.T.);
#11756 = EDGE_CURVE('',#11734,#11757,#11759,.T.);
#11757 = VERTEX_POINT('',#11758);
#11758 = CARTESIAN_POINT('',(2.833333333333,56.6,4.4));
#11759 = SURFACE_CURVE('',#11760,(#11764,#11771),.PCURVE_S1.);
#11760 = LINE('',#11761,#11762);
#11761 = CARTESIAN_POINT('',(2.,55.6,4.4));
#11762 = VECTOR('',#11763,1.);
#11763 = DIRECTION('',(0.640184399664,0.768221279597,0.));
#11764 = PCURVE('',#9873,#11765);
#11765 = DEFINITIONAL_REPRESENTATION('',(#11766),#11770);
#11766 = LINE('',#11767,#11768);
#11767 = CARTESIAN_POINT('',(-1.,19.));
#11768 = VECTOR('',#11769,1.);
#11769 = DIRECTION('',(0.768221279597,-0.640184399664));
#11770 = ( GEOMETRIC_REPRESENTATION_CONTEXT(2) 
PARAMETRIC_REPRESENTATION_CONTEXT() REPRESENTATION_CONTEXT('2D SPACE',''
  ) );
#11771 = PCURVE('',#4349,#11772);
#11772 = DEFINITIONAL_REPRESENTATION('',(#11773),#11777);
#11773 = LINE('',#11774,#11775);
#11774 = CARTESIAN_POINT('',(0.,-4.4));
#11775 = VECTOR('',#11776,1.);
#11776 = DIRECTION('',(1.,0.));
#11777 = ( GEOMETRIC_REPRESENTATION_CONTEXT(2) 
PARAMETRIC_REPRESENTATION_CONTEXT() REPRESENTATION_CONTEXT('2D SPACE',''
  ) );
#11778 = ORIENTED_EDGE('',*,*,#11779,.F.);
#11779 = EDGE_CURVE('',#11780,#11757,#11782,.T.);
#11780 = VERTEX_POINT('',#11781);
#11781 = CARTESIAN_POINT('',(19.7,56.6,4.4));
#11782 = SURFACE_CURVE('',#11783,(#11787,#11794),.PCURVE_S1.);
#11783 = LINE('',#11784,#11785);
#11784 = CARTESIAN_POINT('',(21.,56.6,4.4));
#11785 = VECTOR('',#11786,1.);
#11786 = DIRECTION('',(-1.,1.110223024625E-16,0.));
#11787 = PCURVE('',#9873,#11788);
#11788 = DEFINITIONAL_REPRESENTATION('',(#11789),#11793);
#11789 = LINE('',#11790,#11791);
#11790 = CARTESIAN_POINT('',(0.,0.));
#11791 = VECTOR('',#11792,1.);
#11792 = DIRECTION('',(0.,1.));
#11793 = ( GEOMETRIC_REPRESENTATION_CONTEXT(2) 
PARAMETRIC_REPRESENTATION_CONTEXT() REPRESENTATION_CONTEXT('2D SPACE',''
  ) );
#11794 = PCURVE('',#4377,#11795);
#11795 = DEFINITIONAL_REPRESENTATION('',(#11796),#11800);
#11796 = LINE('',#11797,#11798);
#11797 = CARTESIAN_POINT('',(4.4,0.));
#11798 = VECTOR('',#11799,1.);
#11799 = DIRECTION('',(0.,-1.));
#11800 = ( GEOMETRIC_REPRESENTATION_CONTEXT(2) 
PARAMETRIC_REPRESENTATION_CONTEXT() REPRESENTATION_CONTEXT('2D SPACE',''
  ) );
#11801 = ORIENTED_EDGE('',*,*,#11802,.F.);
#11802 = EDGE_CURVE('',#11536,#11780,#11803,.T.);
#11803 = SURFACE_CURVE('',#11804,(#11808,#11815),.PCURVE_S1.);
#11804 = LINE('',#11805,#11806);
#11805 = CARTESIAN_POINT('',(19.7,55.8,4.4));
#11806 = VECTOR('',#11807,1.);
#11807 = DIRECTION('',(1.110223024625E-16,1.,0.));
#11808 = PCURVE('',#9873,#11809);
#11809 = DEFINITIONAL_REPRESENTATION('',(#11810),#11814);
#11810 = LINE('',#11811,#11812);
#11811 = CARTESIAN_POINT('',(-0.8,1.3));
#11812 = VECTOR('',#11813,1.);
#11813 = DIRECTION('',(1.,0.));
#11814 = ( GEOMETRIC_REPRESENTATION_CONTEXT(2) 
PARAMETRIC_REPRESENTATION_CONTEXT() REPRESENTATION_CONTEXT('2D SPACE',''
  ) );
#11815 = PCURVE('',#4405,#11816);
#11816 = DEFINITIONAL_REPRESENTATION('',(#11817),#11821);
#11817 = LINE('',#11818,#11819);
#11818 = CARTESIAN_POINT('',(4.4,0.));
#11819 = VECTOR('',#11820,1.);
#11820 = DIRECTION('',(0.,1.));
#11821 = ( GEOMETRIC_REPRESENTATION_CONTEXT(2) 
PARAMETRIC_REPRESENTATION_CONTEXT() REPRESENTATION_CONTEXT('2D SPACE',''
  ) );
#11822 = ADVANCED_FACE('',(#11823),#4153,.T.);
#11823 = FACE_BOUND('',#11824,.T.);
#11824 = EDGE_LOOP('',(#11825,#11826,#11827,#11848));
#11825 = ORIENTED_EDGE('',*,*,#9837,.F.);
#11826 = ORIENTED_EDGE('',*,*,#4136,.T.);
#11827 = ORIENTED_EDGE('',*,*,#11828,.T.);
#11828 = EDGE_CURVE('',#4137,#11590,#11829,.T.);
#11829 = SURFACE_CURVE('',#11830,(#11834,#11841),.PCURVE_S1.);
#11830 = LINE('',#11831,#11832);
#11831 = CARTESIAN_POINT('',(19.7,58.2,0.));
#11832 = VECTOR('',#11833,1.);
#11833 = DIRECTION('',(0.,0.,1.));
#11834 = PCURVE('',#4153,#11835);
#11835 = DEFINITIONAL_REPRESENTATION('',(#11836),#11840);
#11836 = LINE('',#11837,#11838);
#11837 = CARTESIAN_POINT('',(1.570796326795,0.));
#11838 = VECTOR('',#11839,1.);
#11839 = DIRECTION('',(0.,1.));
#11840 = ( GEOMETRIC_REPRESENTATION_CONTEXT(2) 
PARAMETRIC_REPRESENTATION_CONTEXT() REPRESENTATION_CONTEXT('2D SPACE',''
  ) );
#11841 = PCURVE('',#4181,#11842);
#11842 = DEFINITIONAL_REPRESENTATION('',(#11843),#11847);
#11843 = LINE('',#11844,#11845);
#11844 = CARTESIAN_POINT('',(0.,2.4));
#11845 = VECTOR('',#11846,1.);
#11846 = DIRECTION('',(1.,0.));
#11847 = ( GEOMETRIC_REPRESENTATION_CONTEXT(2) 
PARAMETRIC_REPRESENTATION_CONTEXT() REPRESENTATION_CONTEXT('2D SPACE',''
  ) );
#11848 = ORIENTED_EDGE('',*,*,#11589,.F.);
#11849 = ADVANCED_FACE('',(#11850),#4869,.T.);
#11850 = FACE_BOUND('',#11851,.F.);
#11851 = EDGE_LOOP('',(#11852,#11853,#11854,#11877));
#11852 = ORIENTED_EDGE('',*,*,#10040,.F.);
#11853 = ORIENTED_EDGE('',*,*,#4848,.T.);
#11854 = ORIENTED_EDGE('',*,*,#11855,.T.);
#11855 = EDGE_CURVE('',#4821,#11856,#11858,.T.);
#11856 = VERTEX_POINT('',#11857);
#11857 = CARTESIAN_POINT('',(76.2,10.,4.4));
#11858 = SURFACE_CURVE('',#11859,(#11863,#11870),.PCURVE_S1.);
#11859 = LINE('',#11860,#11861);
#11860 = CARTESIAN_POINT('',(76.2,10.,0.));
#11861 = VECTOR('',#11862,1.);
#11862 = DIRECTION('',(0.,0.,1.));
#11863 = PCURVE('',#4869,#11864);
#11864 = DEFINITIONAL_REPRESENTATION('',(#11865),#11869);
#11865 = LINE('',#11866,#11867);
#11866 = CARTESIAN_POINT('',(-1.570796326795,0.));
#11867 = VECTOR('',#11868,1.);
#11868 = DIRECTION('',(-0.,1.));
#11869 = ( GEOMETRIC_REPRESENTATION_CONTEXT(2) 
PARAMETRIC_REPRESENTATION_CONTEXT() REPRESENTATION_CONTEXT('2D SPACE',''
  ) );
#11870 = PCURVE('',#4836,#11871);
#11871 = DEFINITIONAL_REPRESENTATION('',(#11872),#11876);
#11872 = LINE('',#11873,#11874);
#11873 = CARTESIAN_POINT('',(0.,0.4));
#11874 = VECTOR('',#11875,1.);
#11875 = DIRECTION('',(1.,0.));
#11876 = ( GEOMETRIC_REPRESENTATION_CONTEXT(2) 
PARAMETRIC_REPRESENTATION_CONTEXT() REPRESENTATION_CONTEXT('2D SPACE',''
  ) );
#11877 = ORIENTED_EDGE('',*,*,#11878,.F.);
#11878 = EDGE_CURVE('',#10015,#11856,#11879,.T.);
#11879 = SURFACE_CURVE('',#11880,(#11885,#11892),.PCURVE_S1.);
#11880 = CIRCLE('',#11881,0.4);
#11881 = AXIS2_PLACEMENT_3D('',#11882,#11883,#11884);
#11882 = CARTESIAN_POINT('',(76.2,9.6,4.4));
#11883 = DIRECTION('',(-0.,-0.,-1.));
#11884 = DIRECTION('',(0.,-1.,0.));
#11885 = PCURVE('',#4869,#11886);
#11886 = DEFINITIONAL_REPRESENTATION('',(#11887),#11891);
#11887 = LINE('',#11888,#11889);
#11888 = CARTESIAN_POINT('',(1.570796326795,4.4));
#11889 = VECTOR('',#11890,1.);
#11890 = DIRECTION('',(-1.,0.));
#11891 = ( GEOMETRIC_REPRESENTATION_CONTEXT(2) 
PARAMETRIC_REPRESENTATION_CONTEXT() REPRESENTATION_CONTEXT('2D SPACE',''
  ) );
#11892 = PCURVE('',#10029,#11893);
#11893 = DEFINITIONAL_REPRESENTATION('',(#11894),#11902);
#11894 = ( BOUNDED_CURVE() B_SPLINE_CURVE(2,(#11895,#11896,#11897,#11898
    ,#11899,#11900,#11901),.UNSPECIFIED.,.T.,.F.) 
B_SPLINE_CURVE_WITH_KNOTS((1,2,2,2,2,1),(-2.094395102393,0.,
    2.094395102393,4.188790204786,6.28318530718,8.377580409573),
.UNSPECIFIED.) CURVE() GEOMETRIC_REPRESENTATION_ITEM() 
RATIONAL_B_SPLINE_CURVE((1.,0.5,1.,0.5,1.,0.5,1.)) REPRESENTATION_ITEM(
  '') );
#11895 = CARTESIAN_POINT('',(-0.4,0.5));
#11896 = CARTESIAN_POINT('',(-1.092820323028,0.5));
#11897 = CARTESIAN_POINT('',(-0.746410161514,1.1));
#11898 = CARTESIAN_POINT('',(-0.4,1.7));
#11899 = CARTESIAN_POINT('',(-5.358983848622E-02,1.1));
#11900 = CARTESIAN_POINT('',(0.292820323028,0.5));
#11901 = CARTESIAN_POINT('',(-0.4,0.5));
#11902 = ( GEOMETRIC_REPRESENTATION_CONTEXT(2) 
PARAMETRIC_REPRESENTATION_CONTEXT() REPRESENTATION_CONTEXT('2D SPACE',''
  ) );
#11903 = ADVANCED_FACE('',(#11904),#10029,.T.);
#11904 = FACE_BOUND('',#11905,.T.);
#11905 = EDGE_LOOP('',(#11906,#11907,#11908,#11932,#11955,#11978,#12001,
    #12024,#12052,#12075,#12098,#12121));
#11906 = ORIENTED_EDGE('',*,*,#11878,.F.);
#11907 = ORIENTED_EDGE('',*,*,#10014,.T.);
#11908 = ORIENTED_EDGE('',*,*,#11909,.T.);
#11909 = EDGE_CURVE('',#9994,#11910,#11912,.T.);
#11910 = VERTEX_POINT('',#11911);
#11911 = CARTESIAN_POINT('',(78.2,10.,4.4));
#11912 = SURFACE_CURVE('',#11913,(#11918,#11925),.PCURVE_S1.);
#11913 = CIRCLE('',#11914,0.4);
#11914 = AXIS2_PLACEMENT_3D('',#11915,#11916,#11917);
#11915 = CARTESIAN_POINT('',(78.2,9.6,4.4));
#11916 = DIRECTION('',(0.,0.,1.));
#11917 = DIRECTION('',(0.,-1.,0.));
#11918 = PCURVE('',#10029,#11919);
#11919 = DEFINITIONAL_REPRESENTATION('',(#11920),#11924);
#11920 = CIRCLE('',#11921,0.4);
#11921 = AXIS2_PLACEMENT_2D('',#11922,#11923);
#11922 = CARTESIAN_POINT('',(1.6,0.9));
#11923 = DIRECTION('',(0.,-1.));
#11924 = ( GEOMETRIC_REPRESENTATION_CONTEXT(2) 
PARAMETRIC_REPRESENTATION_CONTEXT() REPRESENTATION_CONTEXT('2D SPACE',''
  ) );
#11925 = PCURVE('',#4584,#11926);
#11926 = DEFINITIONAL_REPRESENTATION('',(#11927),#11931);
#11927 = LINE('',#11928,#11929);
#11928 = CARTESIAN_POINT('',(-1.570796326795,4.4));
#11929 = VECTOR('',#11930,1.);
#11930 = DIRECTION('',(1.,0.));
#11931 = ( GEOMETRIC_REPRESENTATION_CONTEXT(2) 
PARAMETRIC_REPRESENTATION_CONTEXT() REPRESENTATION_CONTEXT('2D SPACE',''
  ) );
#11932 = ORIENTED_EDGE('',*,*,#11933,.F.);
#11933 = EDGE_CURVE('',#11934,#11910,#11936,.T.);
#11934 = VERTEX_POINT('',#11935);
#11935 = CARTESIAN_POINT('',(77.8,10.,4.4));
#11936 = SURFACE_CURVE('',#11937,(#11941,#11948),.PCURVE_S1.);
#11937 = LINE('',#11938,#11939);
#11938 = CARTESIAN_POINT('',(75.8,10.,4.4));
#11939 = VECTOR('',#11940,1.);
#11940 = DIRECTION('',(1.,0.,-0.));
#11941 = PCURVE('',#10029,#11942);
#11942 = DEFINITIONAL_REPRESENTATION('',(#11943),#11947);
#11943 = LINE('',#11944,#11945);
#11944 = CARTESIAN_POINT('',(-0.8,1.3));
#11945 = VECTOR('',#11946,1.);
#11946 = DIRECTION('',(1.,0.));
#11947 = ( GEOMETRIC_REPRESENTATION_CONTEXT(2) 
PARAMETRIC_REPRESENTATION_CONTEXT() REPRESENTATION_CONTEXT('2D SPACE',''
  ) );
#11948 = PCURVE('',#4612,#11949);
#11949 = DEFINITIONAL_REPRESENTATION('',(#11950),#11954);
#11950 = LINE('',#11951,#11952);
#11951 = CARTESIAN_POINT('',(4.4,0.));
#11952 = VECTOR('',#11953,1.);
#11953 = DIRECTION('',(0.,1.));
#11954 = ( GEOMETRIC_REPRESENTATION_CONTEXT(2) 
PARAMETRIC_REPRESENTATION_CONTEXT() REPRESENTATION_CONTEXT('2D SPACE',''
  ) );
#11955 = ORIENTED_EDGE('',*,*,#11956,.T.);
#11956 = EDGE_CURVE('',#11934,#11957,#11959,.T.);
#11957 = VERTEX_POINT('',#11958);
#11958 = CARTESIAN_POINT('',(77.8,31.7,4.4));
#11959 = SURFACE_CURVE('',#11960,(#11964,#11971),.PCURVE_S1.);
#11960 = LINE('',#11961,#11962);
#11961 = CARTESIAN_POINT('',(77.8,10.,4.4));
#11962 = VECTOR('',#11963,1.);
#11963 = DIRECTION('',(0.,1.,0.));
#11964 = PCURVE('',#10029,#11965);
#11965 = DEFINITIONAL_REPRESENTATION('',(#11966),#11970);
#11966 = LINE('',#11967,#11968);
#11967 = CARTESIAN_POINT('',(1.2,1.3));
#11968 = VECTOR('',#11969,1.);
#11969 = DIRECTION('',(0.,1.));
#11970 = ( GEOMETRIC_REPRESENTATION_CONTEXT(2) 
PARAMETRIC_REPRESENTATION_CONTEXT() REPRESENTATION_CONTEXT('2D SPACE',''
  ) );
#11971 = PCURVE('',#4640,#11972);
#11972 = DEFINITIONAL_REPRESENTATION('',(#11973),#11977);
#11973 = LINE('',#11974,#11975);
#11974 = CARTESIAN_POINT('',(4.4,-1.3));
#11975 = VECTOR('',#11976,1.);
#11976 = DIRECTION('',(0.,-1.));
#11977 = ( GEOMETRIC_REPRESENTATION_CONTEXT(2) 
PARAMETRIC_REPRESENTATION_CONTEXT() REPRESENTATION_CONTEXT('2D SPACE',''
  ) );
#11978 = ORIENTED_EDGE('',*,*,#11979,.T.);
#11979 = EDGE_CURVE('',#11957,#11980,#11982,.T.);
#11980 = VERTEX_POINT('',#11981);
#11981 = CARTESIAN_POINT('',(75.6,31.7,4.4));
#11982 = SURFACE_CURVE('',#11983,(#11987,#11994),.PCURVE_S1.);
#11983 = LINE('',#11984,#11985);
#11984 = CARTESIAN_POINT('',(77.8,31.7,4.4));
#11985 = VECTOR('',#11986,1.);
#11986 = DIRECTION('',(-1.,0.,0.));
#11987 = PCURVE('',#10029,#11988);
#11988 = DEFINITIONAL_REPRESENTATION('',(#11989),#11993);
#11989 = LINE('',#11990,#11991);
#11990 = CARTESIAN_POINT('',(1.2,23.));
#11991 = VECTOR('',#11992,1.);
#11992 = DIRECTION('',(-1.,0.));
#11993 = ( GEOMETRIC_REPRESENTATION_CONTEXT(2) 
PARAMETRIC_REPRESENTATION_CONTEXT() REPRESENTATION_CONTEXT('2D SPACE',''
  ) );
#11994 = PCURVE('',#4668,#11995);
#11995 = DEFINITIONAL_REPRESENTATION('',(#11996),#12000);
#11996 = LINE('',#11997,#11998);
#11997 = CARTESIAN_POINT('',(0.,-4.4));
#11998 = VECTOR('',#11999,1.);
#11999 = DIRECTION('',(1.,0.));
#12000 = ( GEOMETRIC_REPRESENTATION_CONTEXT(2) 
PARAMETRIC_REPRESENTATION_CONTEXT() REPRESENTATION_CONTEXT('2D SPACE',''
  ) );
#12001 = ORIENTED_EDGE('',*,*,#12002,.T.);
#12002 = EDGE_CURVE('',#11980,#12003,#12005,.T.);
#12003 = VERTEX_POINT('',#12004);
#12004 = CARTESIAN_POINT('',(75.,31.1,4.4));
#12005 = SURFACE_CURVE('',#12006,(#12010,#12017),.PCURVE_S1.);
#12006 = LINE('',#12007,#12008);
#12007 = CARTESIAN_POINT('',(75.6,31.7,4.4));
#12008 = VECTOR('',#12009,1.);
#12009 = DIRECTION('',(-0.707106781187,-0.707106781187,0.));
#12010 = PCURVE('',#10029,#12011);
#12011 = DEFINITIONAL_REPRESENTATION('',(#12012),#12016);
#12012 = LINE('',#12013,#12014);
#12013 = CARTESIAN_POINT('',(-1.,23.));
#12014 = VECTOR('',#12015,1.);
#12015 = DIRECTION('',(-0.707106781187,-0.707106781187));
#12016 = ( GEOMETRIC_REPRESENTATION_CONTEXT(2) 
PARAMETRIC_REPRESENTATION_CONTEXT() REPRESENTATION_CONTEXT('2D SPACE',''
  ) );
#12017 = PCURVE('',#4696,#12018);
#12018 = DEFINITIONAL_REPRESENTATION('',(#12019),#12023);
#12019 = LINE('',#12020,#12021);
#12020 = CARTESIAN_POINT('',(0.,-4.4));
#12021 = VECTOR('',#12022,1.);
#12022 = DIRECTION('',(1.,0.));
#12023 = ( GEOMETRIC_REPRESENTATION_CONTEXT(2) 
PARAMETRIC_REPRESENTATION_CONTEXT() REPRESENTATION_CONTEXT('2D SPACE',''
  ) );
#12024 = ORIENTED_EDGE('',*,*,#12025,.T.);
#12025 = EDGE_CURVE('',#12003,#12026,#12028,.T.);
#12026 = VERTEX_POINT('',#12027);
#12027 = CARTESIAN_POINT('',(75.,28.3,4.4));
#12028 = SURFACE_CURVE('',#12029,(#12033,#12040),.PCURVE_S1.);
#12029 = LINE('',#12030,#12031);
#12030 = CARTESIAN_POINT('',(75.,39.7,4.4));
#12031 = VECTOR('',#12032,1.);
#12032 = DIRECTION('',(0.,-1.,0.));
#12033 = PCURVE('',#10029,#12034);
#12034 = DEFINITIONAL_REPRESENTATION('',(#12035),#12039);
#12035 = LINE('',#12036,#12037);
#12036 = CARTESIAN_POINT('',(-1.6,31.));
#12037 = VECTOR('',#12038,1.);
#12038 = DIRECTION('',(0.,-1.));
#12039 = ( GEOMETRIC_REPRESENTATION_CONTEXT(2) 
PARAMETRIC_REPRESENTATION_CONTEXT() REPRESENTATION_CONTEXT('2D SPACE',''
  ) );
#12040 = PCURVE('',#12041,#12046);
#12041 = PLANE('',#12042);
#12042 = AXIS2_PLACEMENT_3D('',#12043,#12044,#12045);
#12043 = CARTESIAN_POINT('',(74.4,29.7,3.8));
#12044 = DIRECTION('',(-0.707106781187,0.,0.707106781187));
#12045 = DIRECTION('',(0.707106781187,0.,0.707106781187));
#12046 = DEFINITIONAL_REPRESENTATION('',(#12047),#12051);
#12047 = LINE('',#12048,#12049);
#12048 = CARTESIAN_POINT('',(0.848528137424,10.));
#12049 = VECTOR('',#12050,1.);
#12050 = DIRECTION('',(0.,-1.));
#12051 = ( GEOMETRIC_REPRESENTATION_CONTEXT(2) 
PARAMETRIC_REPRESENTATION_CONTEXT() REPRESENTATION_CONTEXT('2D SPACE',''
  ) );
#12052 = ORIENTED_EDGE('',*,*,#12053,.T.);
#12053 = EDGE_CURVE('',#12026,#12054,#12056,.T.);
#12054 = VERTEX_POINT('',#12055);
#12055 = CARTESIAN_POINT('',(75.6,27.7,4.4));
#12056 = SURFACE_CURVE('',#12057,(#12061,#12068),.PCURVE_S1.);
#12057 = LINE('',#12058,#12059);
#12058 = CARTESIAN_POINT('',(74.4,28.9,4.4));
#12059 = VECTOR('',#12060,1.);
#12060 = DIRECTION('',(0.707106781187,-0.707106781187,0.));
#12061 = PCURVE('',#10029,#12062);
#12062 = DEFINITIONAL_REPRESENTATION('',(#12063),#12067);
#12063 = LINE('',#12064,#12065);
#12064 = CARTESIAN_POINT('',(-2.2,20.2));
#12065 = VECTOR('',#12066,1.);
#12066 = DIRECTION('',(0.707106781187,-0.707106781187));
#12067 = ( GEOMETRIC_REPRESENTATION_CONTEXT(2) 
PARAMETRIC_REPRESENTATION_CONTEXT() REPRESENTATION_CONTEXT('2D SPACE',''
  ) );
#12068 = PCURVE('',#4752,#12069);
#12069 = DEFINITIONAL_REPRESENTATION('',(#12070),#12074);
#12070 = LINE('',#12071,#12072);
#12071 = CARTESIAN_POINT('',(0.,-4.4));
#12072 = VECTOR('',#12073,1.);
#12073 = DIRECTION('',(1.,0.));
#12074 = ( GEOMETRIC_REPRESENTATION_CONTEXT(2) 
PARAMETRIC_REPRESENTATION_CONTEXT() REPRESENTATION_CONTEXT('2D SPACE',''
  ) );
#12075 = ORIENTED_EDGE('',*,*,#12076,.T.);
#12076 = EDGE_CURVE('',#12054,#12077,#12079,.T.);
#12077 = VERTEX_POINT('',#12078);
#12078 = CARTESIAN_POINT('',(76.6,26.866666666667,4.4));
#12079 = SURFACE_CURVE('',#12080,(#12084,#12091),.PCURVE_S1.);
#12080 = LINE('',#12081,#12082);
#12081 = CARTESIAN_POINT('',(75.6,27.7,4.4));
#12082 = VECTOR('',#12083,1.);
#12083 = DIRECTION('',(0.768221279597,-0.640184399664,0.));
#12084 = PCURVE('',#10029,#12085);
#12085 = DEFINITIONAL_REPRESENTATION('',(#12086),#12090);
#12086 = LINE('',#12087,#12088);
#12087 = CARTESIAN_POINT('',(-1.,19.));
#12088 = VECTOR('',#12089,1.);
#12089 = DIRECTION('',(0.768221279597,-0.640184399664));
#12090 = ( GEOMETRIC_REPRESENTATION_CONTEXT(2) 
PARAMETRIC_REPRESENTATION_CONTEXT() REPRESENTATION_CONTEXT('2D SPACE',''
  ) );
#12091 = PCURVE('',#4780,#12092);
#12092 = DEFINITIONAL_REPRESENTATION('',(#12093),#12097);
#12093 = LINE('',#12094,#12095);
#12094 = CARTESIAN_POINT('',(0.,-4.4));
#12095 = VECTOR('',#12096,1.);
#12096 = DIRECTION('',(1.,0.));
#12097 = ( GEOMETRIC_REPRESENTATION_CONTEXT(2) 
PARAMETRIC_REPRESENTATION_CONTEXT() REPRESENTATION_CONTEXT('2D SPACE',''
  ) );
#12098 = ORIENTED_EDGE('',*,*,#12099,.F.);
#12099 = EDGE_CURVE('',#12100,#12077,#12102,.T.);
#12100 = VERTEX_POINT('',#12101);
#12101 = CARTESIAN_POINT('',(76.6,10.,4.4));
#12102 = SURFACE_CURVE('',#12103,(#12107,#12114),.PCURVE_S1.);
#12103 = LINE('',#12104,#12105);
#12104 = CARTESIAN_POINT('',(76.6,8.7,4.4));
#12105 = VECTOR('',#12106,1.);
#12106 = DIRECTION('',(-0.,1.,0.));
#12107 = PCURVE('',#10029,#12108);
#12108 = DEFINITIONAL_REPRESENTATION('',(#12109),#12113);
#12109 = LINE('',#12110,#12111);
#12110 = CARTESIAN_POINT('',(0.,0.));
#12111 = VECTOR('',#12112,1.);
#12112 = DIRECTION('',(0.,1.));
#12113 = ( GEOMETRIC_REPRESENTATION_CONTEXT(2) 
PARAMETRIC_REPRESENTATION_CONTEXT() REPRESENTATION_CONTEXT('2D SPACE',''
  ) );
#12114 = PCURVE('',#4808,#12115);
#12115 = DEFINITIONAL_REPRESENTATION('',(#12116),#12120);
#12116 = LINE('',#12117,#12118);
#12117 = CARTESIAN_POINT('',(4.4,0.));
#12118 = VECTOR('',#12119,1.);
#12119 = DIRECTION('',(0.,-1.));
#12120 = ( GEOMETRIC_REPRESENTATION_CONTEXT(2) 
PARAMETRIC_REPRESENTATION_CONTEXT() REPRESENTATION_CONTEXT('2D SPACE',''
  ) );
#12121 = ORIENTED_EDGE('',*,*,#12122,.F.);
#12122 = EDGE_CURVE('',#11856,#12100,#12123,.T.);
#12123 = SURFACE_CURVE('',#12124,(#12128,#12135),.PCURVE_S1.);
#12124 = LINE('',#12125,#12126);
#12125 = CARTESIAN_POINT('',(75.8,10.,4.4));
#12126 = VECTOR('',#12127,1.);
#12127 = DIRECTION('',(1.,0.,-0.));
#12128 = PCURVE('',#10029,#12129);
#12129 = DEFINITIONAL_REPRESENTATION('',(#12130),#12134);
#12130 = LINE('',#12131,#12132);
#12131 = CARTESIAN_POINT('',(-0.8,1.3));
#12132 = VECTOR('',#12133,1.);
#12133 = DIRECTION('',(1.,0.));
#12134 = ( GEOMETRIC_REPRESENTATION_CONTEXT(2) 
PARAMETRIC_REPRESENTATION_CONTEXT() REPRESENTATION_CONTEXT('2D SPACE',''
  ) );
#12135 = PCURVE('',#4836,#12136);
#12136 = DEFINITIONAL_REPRESENTATION('',(#12137),#12141);
#12137 = LINE('',#12138,#12139);
#12138 = CARTESIAN_POINT('',(4.4,0.));
#12139 = VECTOR('',#12140,1.);
#12140 = DIRECTION('',(0.,1.));
#12141 = ( GEOMETRIC_REPRESENTATION_CONTEXT(2) 
PARAMETRIC_REPRESENTATION_CONTEXT() REPRESENTATION_CONTEXT('2D SPACE',''
  ) );
#12142 = ADVANCED_FACE('',(#12143),#4584,.T.);
#12143 = FACE_BOUND('',#12144,.T.);
#12144 = EDGE_LOOP('',(#12145,#12146,#12147,#12168));
#12145 = ORIENTED_EDGE('',*,*,#9993,.F.);
#12146 = ORIENTED_EDGE('',*,*,#4567,.T.);
#12147 = ORIENTED_EDGE('',*,*,#12148,.T.);
#12148 = EDGE_CURVE('',#4568,#11910,#12149,.T.);
#12149 = SURFACE_CURVE('',#12150,(#12154,#12161),.PCURVE_S1.);
#12150 = LINE('',#12151,#12152);
#12151 = CARTESIAN_POINT('',(78.2,10.,0.));
#12152 = VECTOR('',#12153,1.);
#12153 = DIRECTION('',(0.,0.,1.));
#12154 = PCURVE('',#4584,#12155);
#12155 = DEFINITIONAL_REPRESENTATION('',(#12156),#12160);
#12156 = LINE('',#12157,#12158);
#12157 = CARTESIAN_POINT('',(1.570796326795,0.));
#12158 = VECTOR('',#12159,1.);
#12159 = DIRECTION('',(0.,1.));
#12160 = ( GEOMETRIC_REPRESENTATION_CONTEXT(2) 
PARAMETRIC_REPRESENTATION_CONTEXT() REPRESENTATION_CONTEXT('2D SPACE',''
  ) );
#12161 = PCURVE('',#4612,#12162);
#12162 = DEFINITIONAL_REPRESENTATION('',(#12163),#12167);
#12163 = LINE('',#12164,#12165);
#12164 = CARTESIAN_POINT('',(0.,2.4));
#12165 = VECTOR('',#12166,1.);
#12166 = DIRECTION('',(1.,0.));
#12167 = ( GEOMETRIC_REPRESENTATION_CONTEXT(2) 
PARAMETRIC_REPRESENTATION_CONTEXT() REPRESENTATION_CONTEXT('2D SPACE',''
  ) );
#12168 = ORIENTED_EDGE('',*,*,#11909,.F.);
#12169 = ADVANCED_FACE('',(#12170),#10400,.F.);
#12170 = FACE_BOUND('',#12171,.F.);
#12171 = EDGE_LOOP('',(#12172,#12173,#12196,#12222));
#12172 = ORIENTED_EDGE('',*,*,#10382,.F.);
#12173 = ORIENTED_EDGE('',*,*,#12174,.T.);
#12174 = EDGE_CURVE('',#10383,#12175,#12177,.T.);
#12175 = VERTEX_POINT('',#12176);
#12176 = CARTESIAN_POINT('',(-1.8671875,-98.3056640625,4.8));
#12177 = SURFACE_CURVE('',#12178,(#12182,#12189),.PCURVE_S1.);
#12178 = LINE('',#12179,#12180);
#12179 = CARTESIAN_POINT('',(-1.8671875,-98.3056640625,4.4));
#12180 = VECTOR('',#12181,1.);
#12181 = DIRECTION('',(0.,0.,1.));
#12182 = PCURVE('',#10400,#12183);
#12183 = DEFINITIONAL_REPRESENTATION('',(#12184),#12188);
#12184 = LINE('',#12185,#12186);
#12185 = CARTESIAN_POINT('',(0.,0.));
#12186 = VECTOR('',#12187,1.);
#12187 = DIRECTION('',(0.,-1.));
#12188 = ( GEOMETRIC_REPRESENTATION_CONTEXT(2) 
PARAMETRIC_REPRESENTATION_CONTEXT() REPRESENTATION_CONTEXT('2D SPACE',''
  ) );
#12189 = PCURVE('',#10512,#12190);
#12190 = DEFINITIONAL_REPRESENTATION('',(#12191),#12195);
#12191 = LINE('',#12192,#12193);
#12192 = CARTESIAN_POINT('',(1.,0.));
#12193 = VECTOR('',#12194,1.);
#12194 = DIRECTION('',(0.,-1.));
#12195 = ( GEOMETRIC_REPRESENTATION_CONTEXT(2) 
PARAMETRIC_REPRESENTATION_CONTEXT() REPRESENTATION_CONTEXT('2D SPACE',''
  ) );
#12196 = ORIENTED_EDGE('',*,*,#12197,.F.);
#12197 = EDGE_CURVE('',#12198,#12175,#12200,.T.);
#12198 = VERTEX_POINT('',#12199);
#12199 = CARTESIAN_POINT('',(-2.181640625,-99.1455078125,4.8));
#12200 = SURFACE_CURVE('',#12201,(#12205,#12211),.PCURVE_S1.);
#12201 = LINE('',#12202,#12203);
#12202 = CARTESIAN_POINT('',(-9.306566190372,-118.1748121175,4.8));
#12203 = VECTOR('',#12204,1.);
#12204 = DIRECTION('',(0.350646042374,0.936508063482,-0.));
#12205 = PCURVE('',#10400,#12206);
#12206 = DEFINITIONAL_REPRESENTATION('',(#12207),#12210);
#12207 = B_SPLINE_CURVE_WITH_KNOTS('',1,(#12208,#12209),.UNSPECIFIED.,
  .F.,.F.,(2,2),(20.319423875826,21.21620606356),
  .PIECEWISE_BEZIER_KNOTS.);
#12208 = CARTESIAN_POINT('',(0.896782187734,-0.4));
#12209 = CARTESIAN_POINT('',(0.,-0.4));
#12210 = ( GEOMETRIC_REPRESENTATION_CONTEXT(2) 
PARAMETRIC_REPRESENTATION_CONTEXT() REPRESENTATION_CONTEXT('2D SPACE',''
  ) );
#12211 = PCURVE('',#12212,#12217);
#12212 = PLANE('',#12213);
#12213 = AXIS2_PLACEMENT_3D('',#12214,#12215,#12216);
#12214 = CARTESIAN_POINT('',(-105.,-105.,4.8));
#12215 = DIRECTION('',(0.,0.,1.));
#12216 = DIRECTION('',(1.,0.,0.));
#12217 = DEFINITIONAL_REPRESENTATION('',(#12218),#12221);
#12218 = B_SPLINE_CURVE_WITH_KNOTS('',1,(#12219,#12220),.UNSPECIFIED.,
  .F.,.F.,(2,2),(20.319423875826,21.21620606356),
  .PIECEWISE_BEZIER_KNOTS.);
#12219 = CARTESIAN_POINT('',(102.818359375,5.8544921875));
#12220 = CARTESIAN_POINT('',(103.1328125,6.6943359375));
#12221 = ( GEOMETRIC_REPRESENTATION_CONTEXT(2) 
PARAMETRIC_REPRESENTATION_CONTEXT() REPRESENTATION_CONTEXT('2D SPACE',''
  ) );
#12222 = ORIENTED_EDGE('',*,*,#12223,.F.);
#12223 = EDGE_CURVE('',#10385,#12198,#12224,.T.);
#12224 = SURFACE_CURVE('',#12225,(#12229,#12236),.PCURVE_S1.);
#12225 = LINE('',#12226,#12227);
#12226 = CARTESIAN_POINT('',(-2.181640625,-99.1455078125,4.4));
#12227 = VECTOR('',#12228,1.);
#12228 = DIRECTION('',(0.,0.,1.));
#12229 = PCURVE('',#10400,#12230);
#12230 = DEFINITIONAL_REPRESENTATION('',(#12231),#12235);
#12231 = LINE('',#12232,#12233);
#12232 = CARTESIAN_POINT('',(0.896782187734,0.));
#12233 = VECTOR('',#12234,1.);
#12234 = DIRECTION('',(0.,-1.));
#12235 = ( GEOMETRIC_REPRESENTATION_CONTEXT(2) 
PARAMETRIC_REPRESENTATION_CONTEXT() REPRESENTATION_CONTEXT('2D SPACE',''
  ) );
#12236 = PCURVE('',#10428,#12237);
#12237 = DEFINITIONAL_REPRESENTATION('',(#12238),#12242);
#12238 = LINE('',#12239,#12240);
#12239 = CARTESIAN_POINT('',(0.,0.));
#12240 = VECTOR('',#12241,1.);
#12241 = DIRECTION('',(0.,-1.));
#12242 = ( GEOMETRIC_REPRESENTATION_CONTEXT(2) 
PARAMETRIC_REPRESENTATION_CONTEXT() REPRESENTATION_CONTEXT('2D SPACE',''
  ) );
#12243 = ADVANCED_FACE('',(#12244),#10428,.F.);
#12244 = FACE_BOUND('',#12245,.F.);
#12245 = EDGE_LOOP('',(#12246,#12247,#12248,#12269));
#12246 = ORIENTED_EDGE('',*,*,#10412,.F.);
#12247 = ORIENTED_EDGE('',*,*,#12223,.T.);
#12248 = ORIENTED_EDGE('',*,*,#12249,.F.);
#12249 = EDGE_CURVE('',#12250,#12198,#12252,.T.);
#12250 = VERTEX_POINT('',#12251);
#12251 = CARTESIAN_POINT('',(-1.2109375,-99.1455078125,4.8));
#12252 = SURFACE_CURVE('',#12253,(#12257,#12263),.PCURVE_S1.);
#12253 = LINE('',#12254,#12255);
#12254 = CARTESIAN_POINT('',(-53.5908203125,-99.1455078125,4.8));
#12255 = VECTOR('',#12256,1.);
#12256 = DIRECTION('',(-1.,0.,0.));
#12257 = PCURVE('',#10428,#12258);
#12258 = DEFINITIONAL_REPRESENTATION('',(#12259),#12262);
#12259 = B_SPLINE_CURVE_WITH_KNOTS('',1,(#12260,#12261),.UNSPECIFIED.,
  .F.,.F.,(2,2),(-52.3798828125,-51.4091796875),
  .PIECEWISE_BEZIER_KNOTS.);
#12260 = CARTESIAN_POINT('',(0.970703125,-0.4));
#12261 = CARTESIAN_POINT('',(0.,-0.4));
#12262 = ( GEOMETRIC_REPRESENTATION_CONTEXT(2) 
PARAMETRIC_REPRESENTATION_CONTEXT() REPRESENTATION_CONTEXT('2D SPACE',''
  ) );
#12263 = PCURVE('',#12212,#12264);
#12264 = DEFINITIONAL_REPRESENTATION('',(#12265),#12268);
#12265 = B_SPLINE_CURVE_WITH_KNOTS('',1,(#12266,#12267),.UNSPECIFIED.,
  .F.,.F.,(2,2),(-52.3798828125,-51.4091796875),
  .PIECEWISE_BEZIER_KNOTS.);
#12266 = CARTESIAN_POINT('',(103.7890625,5.8544921875));
#12267 = CARTESIAN_POINT('',(102.818359375,5.8544921875));
#12268 = ( GEOMETRIC_REPRESENTATION_CONTEXT(2) 
PARAMETRIC_REPRESENTATION_CONTEXT() REPRESENTATION_CONTEXT('2D SPACE',''
  ) );
#12269 = ORIENTED_EDGE('',*,*,#12270,.F.);
#12270 = EDGE_CURVE('',#10413,#12250,#12271,.T.);
#12271 = SURFACE_CURVE('',#12272,(#12276,#12283),.PCURVE_S1.);
#12272 = LINE('',#12273,#12274);
#12273 = CARTESIAN_POINT('',(-1.2109375,-99.1455078125,4.4));
#12274 = VECTOR('',#12275,1.);
#12275 = DIRECTION('',(0.,0.,1.));
#12276 = PCURVE('',#10428,#12277);
#12277 = DEFINITIONAL_REPRESENTATION('',(#12278),#12282);
#12278 = LINE('',#12279,#12280);
#12279 = CARTESIAN_POINT('',(0.970703125,0.));
#12280 = VECTOR('',#12281,1.);
#12281 = DIRECTION('',(0.,-1.));
#12282 = ( GEOMETRIC_REPRESENTATION_CONTEXT(2) 
PARAMETRIC_REPRESENTATION_CONTEXT() REPRESENTATION_CONTEXT('2D SPACE',''
  ) );
#12283 = PCURVE('',#10456,#12284);
#12284 = DEFINITIONAL_REPRESENTATION('',(#12285),#12289);
#12285 = LINE('',#12286,#12287);
#12286 = CARTESIAN_POINT('',(0.,0.));
#12287 = VECTOR('',#12288,1.);
#12288 = DIRECTION('',(0.,-1.));
#12289 = ( GEOMETRIC_REPRESENTATION_CONTEXT(2) 
PARAMETRIC_REPRESENTATION_CONTEXT() REPRESENTATION_CONTEXT('2D SPACE',''
  ) );
#12290 = ADVANCED_FACE('',(#12291),#10456,.F.);
#12291 = FACE_BOUND('',#12292,.F.);
#12292 = EDGE_LOOP('',(#12293,#12294,#12295,#12316));
#12293 = ORIENTED_EDGE('',*,*,#10440,.F.);
#12294 = ORIENTED_EDGE('',*,*,#12270,.T.);
#12295 = ORIENTED_EDGE('',*,*,#12296,.F.);
#12296 = EDGE_CURVE('',#12297,#12250,#12299,.T.);
#12297 = VERTEX_POINT('',#12298);
#12298 = CARTESIAN_POINT('',(-1.509765625,-98.3525390625,4.8));
#12299 = SURFACE_CURVE('',#12300,(#12304,#12310),.PCURVE_S1.);
#12300 = LINE('',#12301,#12302);
#12301 = CARTESIAN_POINT('',(-6.698277982773,-84.58432979938,4.8));
#12302 = VECTOR('',#12303,1.);
#12303 = DIRECTION('',(0.352638484148,-0.935759637673,0.));
#12304 = PCURVE('',#10456,#12305);
#12305 = DEFINITIONAL_REPRESENTATION('',(#12306),#12309);
#12306 = B_SPLINE_CURVE_WITH_KNOTS('',1,(#12307,#12308),.UNSPECIFIED.,
  .F.,.F.,(2,2),(14.713403644283,15.560810091489),
  .PIECEWISE_BEZIER_KNOTS.);
#12307 = CARTESIAN_POINT('',(0.847406447207,-0.4));
#12308 = CARTESIAN_POINT('',(0.,-0.4));
#12309 = ( GEOMETRIC_REPRESENTATION_CONTEXT(2) 
PARAMETRIC_REPRESENTATION_CONTEXT() REPRESENTATION_CONTEXT('2D SPACE',''
  ) );
#12310 = PCURVE('',#12212,#12311);
#12311 = DEFINITIONAL_REPRESENTATION('',(#12312),#12315);
#12312 = B_SPLINE_CURVE_WITH_KNOTS('',1,(#12313,#12314),.UNSPECIFIED.,
  .F.,.F.,(2,2),(14.713403644283,15.560810091489),
  .PIECEWISE_BEZIER_KNOTS.);
#12313 = CARTESIAN_POINT('',(103.490234375,6.6474609375));
#12314 = CARTESIAN_POINT('',(103.7890625,5.8544921875));
#12315 = ( GEOMETRIC_REPRESENTATION_CONTEXT(2) 
PARAMETRIC_REPRESENTATION_CONTEXT() REPRESENTATION_CONTEXT('2D SPACE',''
  ) );
#12316 = ORIENTED_EDGE('',*,*,#12317,.F.);
#12317 = EDGE_CURVE('',#10441,#12297,#12318,.T.);
#12318 = SURFACE_CURVE('',#12319,(#12323,#12330),.PCURVE_S1.);
#12319 = LINE('',#12320,#12321);
#12320 = CARTESIAN_POINT('',(-1.509765625,-98.3525390625,4.4));
#12321 = VECTOR('',#12322,1.);
#12322 = DIRECTION('',(0.,0.,1.));
#12323 = PCURVE('',#10456,#12324);
#12324 = DEFINITIONAL_REPRESENTATION('',(#12325),#12329);
#12325 = LINE('',#12326,#12327);
#12326 = CARTESIAN_POINT('',(0.847406447207,0.));
#12327 = VECTOR('',#12328,1.);
#12328 = DIRECTION('',(0.,-1.));
#12329 = ( GEOMETRIC_REPRESENTATION_CONTEXT(2) 
PARAMETRIC_REPRESENTATION_CONTEXT() REPRESENTATION_CONTEXT('2D SPACE',''
  ) );
#12330 = PCURVE('',#10484,#12331);
#12331 = DEFINITIONAL_REPRESENTATION('',(#12332),#12336);
#12332 = LINE('',#12333,#12334);
#12333 = CARTESIAN_POINT('',(0.,0.));
#12334 = VECTOR('',#12335,1.);
#12335 = DIRECTION('',(0.,-1.));
#12336 = ( GEOMETRIC_REPRESENTATION_CONTEXT(2) 
PARAMETRIC_REPRESENTATION_CONTEXT() REPRESENTATION_CONTEXT('2D SPACE',''
  ) );
#12337 = ADVANCED_FACE('',(#12338),#10484,.F.);
#12338 = FACE_BOUND('',#12339,.F.);
#12339 = EDGE_LOOP('',(#12340,#12341,#12342,#12377));
#12340 = ORIENTED_EDGE('',*,*,#10468,.F.);
#12341 = ORIENTED_EDGE('',*,*,#12317,.T.);
#12342 = ORIENTED_EDGE('',*,*,#12343,.F.);
#12343 = EDGE_CURVE('',#12344,#12297,#12346,.T.);
#12344 = VERTEX_POINT('',#12345);
#12345 = CARTESIAN_POINT('',(-1.712890625,-97.7587890625,4.8));
#12346 = SURFACE_CURVE('',#12347,(#12355,#12366),.PCURVE_S1.);
#12347 = B_SPLINE_CURVE_WITH_KNOTS('',6,(#12348,#12349,#12350,#12351,
    #12352,#12353,#12354),.UNSPECIFIED.,.F.,.F.,(7,7),(0.,1.),
  .PIECEWISE_BEZIER_KNOTS.);
#12348 = CARTESIAN_POINT('',(-1.712890625,-97.7587890625,4.8));
#12349 = CARTESIAN_POINT('',(-1.689318023512,-97.8412931677,4.8));
#12350 = CARTESIAN_POINT('',(-1.660995868938,-97.93156070898,4.8));
#12351 = CARTESIAN_POINT('',(-1.628423933455,-98.02864144868,4.8));
#12352 = CARTESIAN_POINT('',(-1.592090467932,-98.13164195534,4.8));
#12353 = CARTESIAN_POINT('',(-1.552421104136,-98.23980672478,4.8));
#12354 = CARTESIAN_POINT('',(-1.509765625,-98.3525390625,4.8));
#12355 = PCURVE('',#10484,#12356);
#12356 = DEFINITIONAL_REPRESENTATION('',(#12357),#12365);
#12357 = B_SPLINE_CURVE_WITH_KNOTS('',6,(#12358,#12359,#12360,#12361,
    #12362,#12363,#12364),.UNSPECIFIED.,.F.,.F.,(7,7),(0.,1.),
  .PIECEWISE_BEZIER_KNOTS.);
#12358 = CARTESIAN_POINT('',(1.,-0.4));
#12359 = CARTESIAN_POINT('',(0.822512177034,-0.4));
#12360 = CARTESIAN_POINT('',(0.649289364914,-0.4));
#12361 = CARTESIAN_POINT('',(0.480485112367,-0.4));
#12362 = CARTESIAN_POINT('',(0.316091761468,-0.4));
#12363 = CARTESIAN_POINT('',(0.15599718084,-0.4));
#12364 = CARTESIAN_POINT('',(0.,-0.4));
#12365 = ( GEOMETRIC_REPRESENTATION_CONTEXT(2) 
PARAMETRIC_REPRESENTATION_CONTEXT() REPRESENTATION_CONTEXT('2D SPACE',''
  ) );
#12366 = PCURVE('',#12212,#12367);
#12367 = DEFINITIONAL_REPRESENTATION('',(#12368),#12376);
#12368 = B_SPLINE_CURVE_WITH_KNOTS('',6,(#12369,#12370,#12371,#12372,
    #12373,#12374,#12375),.UNSPECIFIED.,.F.,.F.,(7,7),(0.,1.),
  .PIECEWISE_BEZIER_KNOTS.);
#12369 = CARTESIAN_POINT('',(103.287109375,7.2412109375));
#12370 = CARTESIAN_POINT('',(103.31068197648,7.158706832293));
#12371 = CARTESIAN_POINT('',(103.33900413106,7.068439291016));
#12372 = CARTESIAN_POINT('',(103.37157606654,6.971358551311));
#12373 = CARTESIAN_POINT('',(103.40790953206,6.868358044658));
#12374 = CARTESIAN_POINT('',(103.44757889586,6.760193275217));
#12375 = CARTESIAN_POINT('',(103.490234375,6.6474609375));
#12376 = ( GEOMETRIC_REPRESENTATION_CONTEXT(2) 
PARAMETRIC_REPRESENTATION_CONTEXT() REPRESENTATION_CONTEXT('2D SPACE',''
  ) );
#12377 = ORIENTED_EDGE('',*,*,#12378,.F.);
#12378 = EDGE_CURVE('',#10469,#12344,#12379,.T.);
#12379 = SURFACE_CURVE('',#12380,(#12384,#12391),.PCURVE_S1.);
#12380 = LINE('',#12381,#12382);
#12381 = CARTESIAN_POINT('',(-1.712890625,-97.7587890625,4.4));
#12382 = VECTOR('',#12383,1.);
#12383 = DIRECTION('',(0.,0.,1.));
#12384 = PCURVE('',#10484,#12385);
#12385 = DEFINITIONAL_REPRESENTATION('',(#12386),#12390);
#12386 = LINE('',#12387,#12388);
#12387 = CARTESIAN_POINT('',(1.,0.));
#12388 = VECTOR('',#12389,1.);
#12389 = DIRECTION('',(0.,-1.));
#12390 = ( GEOMETRIC_REPRESENTATION_CONTEXT(2) 
PARAMETRIC_REPRESENTATION_CONTEXT() REPRESENTATION_CONTEXT('2D SPACE',''
  ) );
#12391 = PCURVE('',#10512,#12392);
#12392 = DEFINITIONAL_REPRESENTATION('',(#12393),#12397);
#12393 = LINE('',#12394,#12395);
#12394 = CARTESIAN_POINT('',(0.,0.));
#12395 = VECTOR('',#12396,1.);
#12396 = DIRECTION('',(0.,-1.));
#12397 = ( GEOMETRIC_REPRESENTATION_CONTEXT(2) 
PARAMETRIC_REPRESENTATION_CONTEXT() REPRESENTATION_CONTEXT('2D SPACE',''
  ) );
#12398 = ADVANCED_FACE('',(#12399),#10512,.F.);
#12399 = FACE_BOUND('',#12400,.F.);
#12400 = EDGE_LOOP('',(#12401,#12402,#12403,#12430));
#12401 = ORIENTED_EDGE('',*,*,#10498,.F.);
#12402 = ORIENTED_EDGE('',*,*,#12378,.T.);
#12403 = ORIENTED_EDGE('',*,*,#12404,.F.);
#12404 = EDGE_CURVE('',#12175,#12344,#12405,.T.);
#12405 = SURFACE_CURVE('',#12406,(#12412,#12421),.PCURVE_S1.);
#12406 = B_SPLINE_CURVE_WITH_KNOTS('',4,(#12407,#12408,#12409,#12410,
    #12411),.UNSPECIFIED.,.F.,.F.,(5,5),(0.,1.),
  .PIECEWISE_BEZIER_KNOTS.);
#12407 = CARTESIAN_POINT('',(-1.8671875,-98.3056640625,4.8));
#12408 = CARTESIAN_POINT('',(-1.817587610537,-98.17048005004,4.8));
#12409 = CARTESIAN_POINT('',(-1.775244454278,-98.03419085145,4.8));
#12410 = CARTESIAN_POINT('',(-1.740319766981,-97.89691438462,4.8));
#12411 = CARTESIAN_POINT('',(-1.712890625,-97.7587890625,4.8));
#12412 = PCURVE('',#10512,#12413);
#12413 = DEFINITIONAL_REPRESENTATION('',(#12414),#12420);
#12414 = B_SPLINE_CURVE_WITH_KNOTS('',4,(#12415,#12416,#12417,#12418,
    #12419),.UNSPECIFIED.,.F.,.F.,(5,5),(0.,1.),
  .PIECEWISE_BEZIER_KNOTS.);
#12415 = CARTESIAN_POINT('',(1.,-0.4));
#12416 = CARTESIAN_POINT('',(0.751028005831,-0.4));
#12417 = CARTESIAN_POINT('',(0.501209728389,-0.4));
#12418 = CARTESIAN_POINT('',(0.250780726686,-0.4));
#12419 = CARTESIAN_POINT('',(0.,-0.4));
#12420 = ( GEOMETRIC_REPRESENTATION_CONTEXT(2) 
PARAMETRIC_REPRESENTATION_CONTEXT() REPRESENTATION_CONTEXT('2D SPACE',''
  ) );
#12421 = PCURVE('',#12212,#12422);
#12422 = DEFINITIONAL_REPRESENTATION('',(#12423),#12429);
#12423 = B_SPLINE_CURVE_WITH_KNOTS('',4,(#12424,#12425,#12426,#12427,
    #12428),.UNSPECIFIED.,.F.,.F.,(5,5),(0.,1.),
  .PIECEWISE_BEZIER_KNOTS.);
#12424 = CARTESIAN_POINT('',(103.1328125,6.6943359375));
#12425 = CARTESIAN_POINT('',(103.18241238946,6.829519949959));
#12426 = CARTESIAN_POINT('',(103.22475554572,6.965809148545));
#12427 = CARTESIAN_POINT('',(103.25968023301,7.10308561538));
#12428 = CARTESIAN_POINT('',(103.287109375,7.2412109375));
#12429 = ( GEOMETRIC_REPRESENTATION_CONTEXT(2) 
PARAMETRIC_REPRESENTATION_CONTEXT() REPRESENTATION_CONTEXT('2D SPACE',''
  ) );
#12430 = ORIENTED_EDGE('',*,*,#12174,.F.);
#12431 = ADVANCED_FACE('',(#12432),#10794,.T.);
#12432 = FACE_BOUND('',#12433,.T.);
#12433 = EDGE_LOOP('',(#12434,#12435,#12436,#12437));
#12434 = ORIENTED_EDGE('',*,*,#11376,.F.);
#12435 = ORIENTED_EDGE('',*,*,#10778,.T.);
#12436 = ORIENTED_EDGE('',*,*,#11300,.T.);
#12437 = ORIENTED_EDGE('',*,*,#11349,.F.);
#12438 = ADVANCED_FACE('',(#12439),#10718,.T.);
#12439 = FACE_BOUND('',#12440,.T.);
#12440 = EDGE_LOOP('',(#12441,#12442,#12443,#12444));
#12441 = ORIENTED_EDGE('',*,*,#11505,.F.);
#12442 = ORIENTED_EDGE('',*,*,#10702,.T.);
#12443 = ORIENTED_EDGE('',*,*,#11429,.T.);
#12444 = ORIENTED_EDGE('',*,*,#11478,.F.);
#12445 = ADVANCED_FACE('',(#12446),#10628,.T.);
#12446 = FACE_BOUND('',#12447,.T.);
#12447 = EDGE_LOOP('',(#12448,#12449,#12450,#12451));
#12448 = ORIENTED_EDGE('',*,*,#10612,.F.);
#12449 = ORIENTED_EDGE('',*,*,#10855,.T.);
#12450 = ORIENTED_EDGE('',*,*,#10904,.T.);
#12451 = ORIENTED_EDGE('',*,*,#10931,.F.);
#12452 = ADVANCED_FACE('',(#12453),#3974,.T.);
#12453 = FACE_BOUND('',#12454,.T.);
#12454 = EDGE_LOOP('',(#12455,#12456,#12457,#12458));
#12455 = ORIENTED_EDGE('',*,*,#3958,.F.);
#12456 = ORIENTED_EDGE('',*,*,#10957,.T.);
#12457 = ORIENTED_EDGE('',*,*,#11224,.T.);
#12458 = ORIENTED_EDGE('',*,*,#12459,.F.);
#12459 = EDGE_CURVE('',#3931,#11202,#12460,.T.);
#12460 = SURFACE_CURVE('',#12461,(#12465,#12472),.PCURVE_S1.);
#12461 = LINE('',#12462,#12463);
#12462 = CARTESIAN_POINT('',(76.6,-49.4,0.));
#12463 = VECTOR('',#12464,1.);
#12464 = DIRECTION('',(0.,0.,1.));
#12465 = PCURVE('',#3974,#12466);
#12466 = DEFINITIONAL_REPRESENTATION('',(#12467),#12471);
#12467 = LINE('',#12468,#12469);
#12468 = CARTESIAN_POINT('',(0.,0.8));
#12469 = VECTOR('',#12470,1.);
#12470 = DIRECTION('',(1.,0.));
#12471 = ( GEOMETRIC_REPRESENTATION_CONTEXT(2) 
PARAMETRIC_REPRESENTATION_CONTEXT() REPRESENTATION_CONTEXT('2D SPACE',''
  ) );
#12472 = PCURVE('',#3946,#12473);
#12473 = DEFINITIONAL_REPRESENTATION('',(#12474),#12478);
#12474 = LINE('',#12475,#12476);
#12475 = CARTESIAN_POINT('',(0.,-1.3));
#12476 = VECTOR('',#12477,1.);
#12477 = DIRECTION('',(1.,0.));
#12478 = ( GEOMETRIC_REPRESENTATION_CONTEXT(2) 
PARAMETRIC_REPRESENTATION_CONTEXT() REPRESENTATION_CONTEXT('2D SPACE',''
  ) );
#12479 = ADVANCED_FACE('',(#12480),#3946,.F.);
#12480 = FACE_BOUND('',#12481,.F.);
#12481 = EDGE_LOOP('',(#12482,#12483,#12484,#12485));
#12482 = ORIENTED_EDGE('',*,*,#11201,.F.);
#12483 = ORIENTED_EDGE('',*,*,#12459,.F.);
#12484 = ORIENTED_EDGE('',*,*,#3930,.T.);
#12485 = ORIENTED_EDGE('',*,*,#12486,.T.);
#12486 = EDGE_CURVE('',#3903,#11179,#12487,.T.);
#12487 = SURFACE_CURVE('',#12488,(#12492,#12499),.PCURVE_S1.);
#12488 = LINE('',#12489,#12490);
#12489 = CARTESIAN_POINT('',(76.6,-32.53333333333,0.));
#12490 = VECTOR('',#12491,1.);
#12491 = DIRECTION('',(0.,0.,1.));
#12492 = PCURVE('',#3946,#12493);
#12493 = DEFINITIONAL_REPRESENTATION('',(#12494),#12498);
#12494 = LINE('',#12495,#12496);
#12495 = CARTESIAN_POINT('',(0.,-18.16666666666));
#12496 = VECTOR('',#12497,1.);
#12497 = DIRECTION('',(1.,0.));
#12498 = ( GEOMETRIC_REPRESENTATION_CONTEXT(2) 
PARAMETRIC_REPRESENTATION_CONTEXT() REPRESENTATION_CONTEXT('2D SPACE',''
  ) );
#12499 = PCURVE('',#3918,#12500);
#12500 = DEFINITIONAL_REPRESENTATION('',(#12501),#12505);
#12501 = LINE('',#12502,#12503);
#12502 = CARTESIAN_POINT('',(1.301708279318,0.));
#12503 = VECTOR('',#12504,1.);
#12504 = DIRECTION('',(0.,-1.));
#12505 = ( GEOMETRIC_REPRESENTATION_CONTEXT(2) 
PARAMETRIC_REPRESENTATION_CONTEXT() REPRESENTATION_CONTEXT('2D SPACE',''
  ) );
#12506 = ADVANCED_FACE('',(#12507),#3918,.F.);
#12507 = FACE_BOUND('',#12508,.F.);
#12508 = EDGE_LOOP('',(#12509,#12510,#12531,#12532));
#12509 = ORIENTED_EDGE('',*,*,#3902,.F.);
#12510 = ORIENTED_EDGE('',*,*,#12511,.T.);
#12511 = EDGE_CURVE('',#3875,#11156,#12512,.T.);
#12512 = SURFACE_CURVE('',#12513,(#12517,#12524),.PCURVE_S1.);
#12513 = LINE('',#12514,#12515);
#12514 = CARTESIAN_POINT('',(75.6,-31.7,0.));
#12515 = VECTOR('',#12516,1.);
#12516 = DIRECTION('',(0.,0.,1.));
#12517 = PCURVE('',#3918,#12518);
#12518 = DEFINITIONAL_REPRESENTATION('',(#12519),#12523);
#12519 = LINE('',#12520,#12521);
#12520 = CARTESIAN_POINT('',(0.,0.));
#12521 = VECTOR('',#12522,1.);
#12522 = DIRECTION('',(0.,-1.));
#12523 = ( GEOMETRIC_REPRESENTATION_CONTEXT(2) 
PARAMETRIC_REPRESENTATION_CONTEXT() REPRESENTATION_CONTEXT('2D SPACE',''
  ) );
#12524 = PCURVE('',#3890,#12525);
#12525 = DEFINITIONAL_REPRESENTATION('',(#12526),#12530);
#12526 = LINE('',#12527,#12528);
#12527 = CARTESIAN_POINT('',(1.697056274848,0.));
#12528 = VECTOR('',#12529,1.);
#12529 = DIRECTION('',(0.,-1.));
#12530 = ( GEOMETRIC_REPRESENTATION_CONTEXT(2) 
PARAMETRIC_REPRESENTATION_CONTEXT() REPRESENTATION_CONTEXT('2D SPACE',''
  ) );
#12531 = ORIENTED_EDGE('',*,*,#11178,.T.);
#12532 = ORIENTED_EDGE('',*,*,#12486,.F.);
#12533 = ADVANCED_FACE('',(#12534),#3890,.F.);
#12534 = FACE_BOUND('',#12535,.F.);
#12535 = EDGE_LOOP('',(#12536,#12537,#12560,#12581,#12582));
#12536 = ORIENTED_EDGE('',*,*,#3874,.F.);
#12537 = ORIENTED_EDGE('',*,*,#12538,.T.);
#12538 = EDGE_CURVE('',#3847,#12539,#12541,.T.);
#12539 = VERTEX_POINT('',#12540);
#12540 = CARTESIAN_POINT('',(74.4,-30.5,3.8));
#12541 = SURFACE_CURVE('',#12542,(#12546,#12553),.PCURVE_S1.);
#12542 = LINE('',#12543,#12544);
#12543 = CARTESIAN_POINT('',(74.4,-30.5,0.));
#12544 = VECTOR('',#12545,1.);
#12545 = DIRECTION('',(0.,0.,1.));
#12546 = PCURVE('',#3890,#12547);
#12547 = DEFINITIONAL_REPRESENTATION('',(#12548),#12552);
#12548 = LINE('',#12549,#12550);
#12549 = CARTESIAN_POINT('',(0.,0.));
#12550 = VECTOR('',#12551,1.);
#12551 = DIRECTION('',(0.,-1.));
#12552 = ( GEOMETRIC_REPRESENTATION_CONTEXT(2) 
PARAMETRIC_REPRESENTATION_CONTEXT() REPRESENTATION_CONTEXT('2D SPACE',''
  ) );
#12553 = PCURVE('',#3862,#12554);
#12554 = DEFINITIONAL_REPRESENTATION('',(#12555),#12559);
#12555 = LINE('',#12556,#12557);
#12556 = CARTESIAN_POINT('',(1.6,0.));
#12557 = VECTOR('',#12558,1.);
#12558 = DIRECTION('',(0.,-1.));
#12559 = ( GEOMETRIC_REPRESENTATION_CONTEXT(2) 
PARAMETRIC_REPRESENTATION_CONTEXT() REPRESENTATION_CONTEXT('2D SPACE',''
  ) );
#12560 = ORIENTED_EDGE('',*,*,#12561,.T.);
#12561 = EDGE_CURVE('',#12539,#11128,#12562,.T.);
#12562 = SURFACE_CURVE('',#12563,(#12567,#12574),.PCURVE_S1.);
#12563 = LINE('',#12564,#12565);
#12564 = CARTESIAN_POINT('',(73.633333333333,-29.73333333333,
    3.033333333333));
#12565 = VECTOR('',#12566,1.);
#12566 = DIRECTION('',(0.57735026919,-0.57735026919,0.57735026919));
#12567 = PCURVE('',#3890,#12568);
#12568 = DEFINITIONAL_REPRESENTATION('',(#12569),#12573);
#12569 = LINE('',#12570,#12571);
#12570 = CARTESIAN_POINT('',(-1.084230397819,-3.033333333333));
#12571 = VECTOR('',#12572,1.);
#12572 = DIRECTION('',(0.816496580928,-0.57735026919));
#12573 = ( GEOMETRIC_REPRESENTATION_CONTEXT(2) 
PARAMETRIC_REPRESENTATION_CONTEXT() REPRESENTATION_CONTEXT('2D SPACE',''
  ) );
#12574 = PCURVE('',#11143,#12575);
#12575 = DEFINITIONAL_REPRESENTATION('',(#12576),#12580);
#12576 = LINE('',#12577,#12578);
#12577 = CARTESIAN_POINT('',(-1.084230397819,-3.333333333333E-02));
#12578 = VECTOR('',#12579,1.);
#12579 = DIRECTION('',(0.816496580928,-0.57735026919));
#12580 = ( GEOMETRIC_REPRESENTATION_CONTEXT(2) 
PARAMETRIC_REPRESENTATION_CONTEXT() REPRESENTATION_CONTEXT('2D SPACE',''
  ) );
#12581 = ORIENTED_EDGE('',*,*,#11155,.T.);
#12582 = ORIENTED_EDGE('',*,*,#12511,.F.);
#12583 = ADVANCED_FACE('',(#12584),#11143,.T.);
#12584 = FACE_BOUND('',#12585,.T.);
#12585 = EDGE_LOOP('',(#12586,#12609,#12610,#12611));
#12586 = ORIENTED_EDGE('',*,*,#12587,.T.);
#12587 = EDGE_CURVE('',#12588,#12539,#12590,.T.);
#12588 = VERTEX_POINT('',#12589);
#12589 = CARTESIAN_POINT('',(74.4,-28.9,3.8));
#12590 = SURFACE_CURVE('',#12591,(#12595,#12602),.PCURVE_S1.);
#12591 = LINE('',#12592,#12593);
#12592 = CARTESIAN_POINT('',(74.4,-19.7,3.8));
#12593 = VECTOR('',#12594,1.);
#12594 = DIRECTION('',(0.,-1.,0.));
#12595 = PCURVE('',#11143,#12596);
#12596 = DEFINITIONAL_REPRESENTATION('',(#12597),#12601);
#12597 = LINE('',#12598,#12599);
#12598 = CARTESIAN_POINT('',(0.,10.));
#12599 = VECTOR('',#12600,1.);
#12600 = DIRECTION('',(0.,-1.));
#12601 = ( GEOMETRIC_REPRESENTATION_CONTEXT(2) 
PARAMETRIC_REPRESENTATION_CONTEXT() REPRESENTATION_CONTEXT('2D SPACE',''
  ) );
#12602 = PCURVE('',#3862,#12603);
#12603 = DEFINITIONAL_REPRESENTATION('',(#12604),#12608);
#12604 = LINE('',#12605,#12606);
#12605 = CARTESIAN_POINT('',(-9.2,-3.8));
#12606 = VECTOR('',#12607,1.);
#12607 = DIRECTION('',(1.,0.));
#12608 = ( GEOMETRIC_REPRESENTATION_CONTEXT(2) 
PARAMETRIC_REPRESENTATION_CONTEXT() REPRESENTATION_CONTEXT('2D SPACE',''
  ) );
#12609 = ORIENTED_EDGE('',*,*,#12561,.T.);
#12610 = ORIENTED_EDGE('',*,*,#11127,.F.);
#12611 = ORIENTED_EDGE('',*,*,#12612,.T.);
#12612 = EDGE_CURVE('',#11105,#12588,#12613,.T.);
#12613 = SURFACE_CURVE('',#12614,(#12618,#12625),.PCURVE_S1.);
#12614 = LINE('',#12615,#12616);
#12615 = CARTESIAN_POINT('',(74.033333333333,-29.26666666666,
    3.433333333333));
#12616 = VECTOR('',#12617,1.);
#12617 = DIRECTION('',(-0.57735026919,-0.57735026919,-0.57735026919));
#12618 = PCURVE('',#11143,#12619);
#12619 = DEFINITIONAL_REPRESENTATION('',(#12620),#12624);
#12620 = LINE('',#12621,#12622);
#12621 = CARTESIAN_POINT('',(-0.51854497287,0.433333333333));
#12622 = VECTOR('',#12623,1.);
#12623 = DIRECTION('',(-0.816496580928,-0.57735026919));
#12624 = ( GEOMETRIC_REPRESENTATION_CONTEXT(2) 
PARAMETRIC_REPRESENTATION_CONTEXT() REPRESENTATION_CONTEXT('2D SPACE',''
  ) );
#12625 = PCURVE('',#3834,#12626);
#12626 = DEFINITIONAL_REPRESENTATION('',(#12627),#12631);
#12627 = LINE('',#12628,#12629);
#12628 = CARTESIAN_POINT('',(2.215601247718,-3.433333333333));
#12629 = VECTOR('',#12630,1.);
#12630 = DIRECTION('',(0.816496580928,0.57735026919));
#12631 = ( GEOMETRIC_REPRESENTATION_CONTEXT(2) 
PARAMETRIC_REPRESENTATION_CONTEXT() REPRESENTATION_CONTEXT('2D SPACE',''
  ) );
#12632 = ADVANCED_FACE('',(#12633),#3834,.F.);
#12633 = FACE_BOUND('',#12634,.F.);
#12634 = EDGE_LOOP('',(#12635,#12636,#12657,#12658,#12659));
#12635 = ORIENTED_EDGE('',*,*,#3818,.F.);
#12636 = ORIENTED_EDGE('',*,*,#12637,.T.);
#12637 = EDGE_CURVE('',#3791,#11082,#12638,.T.);
#12638 = SURFACE_CURVE('',#12639,(#12643,#12650),.PCURVE_S1.);
#12639 = LINE('',#12640,#12641);
#12640 = CARTESIAN_POINT('',(75.6,-27.7,0.));
#12641 = VECTOR('',#12642,1.);
#12642 = DIRECTION('',(0.,0.,1.));
#12643 = PCURVE('',#3834,#12644);
#12644 = DEFINITIONAL_REPRESENTATION('',(#12645),#12649);
#12645 = LINE('',#12646,#12647);
#12646 = CARTESIAN_POINT('',(0.,0.));
#12647 = VECTOR('',#12648,1.);
#12648 = DIRECTION('',(0.,-1.));
#12649 = ( GEOMETRIC_REPRESENTATION_CONTEXT(2) 
PARAMETRIC_REPRESENTATION_CONTEXT() REPRESENTATION_CONTEXT('2D SPACE',''
  ) );
#12650 = PCURVE('',#3806,#12651);
#12651 = DEFINITIONAL_REPRESENTATION('',(#12652),#12656);
#12652 = LINE('',#12653,#12654);
#12653 = CARTESIAN_POINT('',(2.2,0.));
#12654 = VECTOR('',#12655,1.);
#12655 = DIRECTION('',(0.,-1.));
#12656 = ( GEOMETRIC_REPRESENTATION_CONTEXT(2) 
PARAMETRIC_REPRESENTATION_CONTEXT() REPRESENTATION_CONTEXT('2D SPACE',''
  ) );
#12657 = ORIENTED_EDGE('',*,*,#11104,.T.);
#12658 = ORIENTED_EDGE('',*,*,#12612,.T.);
#12659 = ORIENTED_EDGE('',*,*,#12660,.F.);
#12660 = EDGE_CURVE('',#3819,#12588,#12661,.T.);
#12661 = SURFACE_CURVE('',#12662,(#12666,#12673),.PCURVE_S1.);
#12662 = LINE('',#12663,#12664);
#12663 = CARTESIAN_POINT('',(74.4,-28.9,0.));
#12664 = VECTOR('',#12665,1.);
#12665 = DIRECTION('',(0.,0.,1.));
#12666 = PCURVE('',#3834,#12667);
#12667 = DEFINITIONAL_REPRESENTATION('',(#12668),#12672);
#12668 = LINE('',#12669,#12670);
#12669 = CARTESIAN_POINT('',(1.697056274848,0.));
#12670 = VECTOR('',#12671,1.);
#12671 = DIRECTION('',(0.,-1.));
#12672 = ( GEOMETRIC_REPRESENTATION_CONTEXT(2) 
PARAMETRIC_REPRESENTATION_CONTEXT() REPRESENTATION_CONTEXT('2D SPACE',''
  ) );
#12673 = PCURVE('',#3862,#12674);
#12674 = DEFINITIONAL_REPRESENTATION('',(#12675),#12679);
#12675 = LINE('',#12676,#12677);
#12676 = CARTESIAN_POINT('',(0.,0.));
#12677 = VECTOR('',#12678,1.);
#12678 = DIRECTION('',(0.,-1.));
#12679 = ( GEOMETRIC_REPRESENTATION_CONTEXT(2) 
PARAMETRIC_REPRESENTATION_CONTEXT() REPRESENTATION_CONTEXT('2D SPACE',''
  ) );
#12680 = ADVANCED_FACE('',(#12681),#3806,.F.);
#12681 = FACE_BOUND('',#12682,.F.);
#12682 = EDGE_LOOP('',(#12683,#12704,#12705,#12706));
#12683 = ORIENTED_EDGE('',*,*,#12684,.T.);
#12684 = EDGE_CURVE('',#3763,#11059,#12685,.T.);
#12685 = SURFACE_CURVE('',#12686,(#12690,#12697),.PCURVE_S1.);
#12686 = LINE('',#12687,#12688);
#12687 = CARTESIAN_POINT('',(77.8,-27.7,0.));
#12688 = VECTOR('',#12689,1.);
#12689 = DIRECTION('',(0.,0.,1.));
#12690 = PCURVE('',#3806,#12691);
#12691 = DEFINITIONAL_REPRESENTATION('',(#12692),#12696);
#12692 = LINE('',#12693,#12694);
#12693 = CARTESIAN_POINT('',(0.,-0.));
#12694 = VECTOR('',#12695,1.);
#12695 = DIRECTION('',(0.,-1.));
#12696 = ( GEOMETRIC_REPRESENTATION_CONTEXT(2) 
PARAMETRIC_REPRESENTATION_CONTEXT() REPRESENTATION_CONTEXT('2D SPACE',''
  ) );
#12697 = PCURVE('',#3778,#12698);
#12698 = DEFINITIONAL_REPRESENTATION('',(#12699),#12703);
#12699 = LINE('',#12700,#12701);
#12700 = CARTESIAN_POINT('',(0.,-23.));
#12701 = VECTOR('',#12702,1.);
#12702 = DIRECTION('',(1.,0.));
#12703 = ( GEOMETRIC_REPRESENTATION_CONTEXT(2) 
PARAMETRIC_REPRESENTATION_CONTEXT() REPRESENTATION_CONTEXT('2D SPACE',''
  ) );
#12704 = ORIENTED_EDGE('',*,*,#11081,.T.);
#12705 = ORIENTED_EDGE('',*,*,#12637,.F.);
#12706 = ORIENTED_EDGE('',*,*,#3790,.F.);
#12707 = ADVANCED_FACE('',(#12708),#3778,.T.);
#12708 = FACE_BOUND('',#12709,.T.);
#12709 = EDGE_LOOP('',(#12710,#12711,#12732,#12733));
#12710 = ORIENTED_EDGE('',*,*,#11058,.F.);
#12711 = ORIENTED_EDGE('',*,*,#12712,.F.);
#12712 = EDGE_CURVE('',#3735,#11036,#12713,.T.);
#12713 = SURFACE_CURVE('',#12714,(#12718,#12725),.PCURVE_S1.);
#12714 = LINE('',#12715,#12716);
#12715 = CARTESIAN_POINT('',(77.8,-49.4,0.));
#12716 = VECTOR('',#12717,1.);
#12717 = DIRECTION('',(0.,0.,1.));
#12718 = PCURVE('',#3778,#12719);
#12719 = DEFINITIONAL_REPRESENTATION('',(#12720),#12724);
#12720 = LINE('',#12721,#12722);
#12721 = CARTESIAN_POINT('',(0.,-1.3));
#12722 = VECTOR('',#12723,1.);
#12723 = DIRECTION('',(1.,0.));
#12724 = ( GEOMETRIC_REPRESENTATION_CONTEXT(2) 
PARAMETRIC_REPRESENTATION_CONTEXT() REPRESENTATION_CONTEXT('2D SPACE',''
  ) );
#12725 = PCURVE('',#3750,#12726);
#12726 = DEFINITIONAL_REPRESENTATION('',(#12727),#12731);
#12727 = LINE('',#12728,#12729);
#12728 = CARTESIAN_POINT('',(0.,2.));
#12729 = VECTOR('',#12730,1.);
#12730 = DIRECTION('',(1.,0.));
#12731 = ( GEOMETRIC_REPRESENTATION_CONTEXT(2) 
PARAMETRIC_REPRESENTATION_CONTEXT() REPRESENTATION_CONTEXT('2D SPACE',''
  ) );
#12732 = ORIENTED_EDGE('',*,*,#3762,.T.);
#12733 = ORIENTED_EDGE('',*,*,#12684,.T.);
#12734 = ADVANCED_FACE('',(#12735),#3750,.T.);
#12735 = FACE_BOUND('',#12736,.T.);
#12736 = EDGE_LOOP('',(#12737,#12738,#12739,#12740));
#12737 = ORIENTED_EDGE('',*,*,#3734,.F.);
#12738 = ORIENTED_EDGE('',*,*,#12712,.T.);
#12739 = ORIENTED_EDGE('',*,*,#11035,.T.);
#12740 = ORIENTED_EDGE('',*,*,#11250,.F.);
#12741 = ADVANCED_FACE('',(#12742),#4405,.T.);
#12742 = FACE_BOUND('',#12743,.T.);
#12743 = EDGE_LOOP('',(#12744,#12745,#12746,#12747));
#12744 = ORIENTED_EDGE('',*,*,#4389,.F.);
#12745 = ORIENTED_EDGE('',*,*,#11535,.T.);
#12746 = ORIENTED_EDGE('',*,*,#11802,.T.);
#12747 = ORIENTED_EDGE('',*,*,#12748,.F.);
#12748 = EDGE_CURVE('',#4362,#11780,#12749,.T.);
#12749 = SURFACE_CURVE('',#12750,(#12754,#12761),.PCURVE_S1.);
#12750 = LINE('',#12751,#12752);
#12751 = CARTESIAN_POINT('',(19.7,56.6,0.));
#12752 = VECTOR('',#12753,1.);
#12753 = DIRECTION('',(0.,0.,1.));
#12754 = PCURVE('',#4405,#12755);
#12755 = DEFINITIONAL_REPRESENTATION('',(#12756),#12760);
#12756 = LINE('',#12757,#12758);
#12757 = CARTESIAN_POINT('',(0.,0.8));
#12758 = VECTOR('',#12759,1.);
#12759 = DIRECTION('',(1.,0.));
#12760 = ( GEOMETRIC_REPRESENTATION_CONTEXT(2) 
PARAMETRIC_REPRESENTATION_CONTEXT() REPRESENTATION_CONTEXT('2D SPACE',''
  ) );
#12761 = PCURVE('',#4377,#12762);
#12762 = DEFINITIONAL_REPRESENTATION('',(#12763),#12767);
#12763 = LINE('',#12764,#12765);
#12764 = CARTESIAN_POINT('',(0.,-1.3));
#12765 = VECTOR('',#12766,1.);
#12766 = DIRECTION('',(1.,0.));
#12767 = ( GEOMETRIC_REPRESENTATION_CONTEXT(2) 
PARAMETRIC_REPRESENTATION_CONTEXT() REPRESENTATION_CONTEXT('2D SPACE',''
  ) );
#12768 = ADVANCED_FACE('',(#12769),#4377,.F.);
#12769 = FACE_BOUND('',#12770,.F.);
#12770 = EDGE_LOOP('',(#12771,#12772,#12773,#12774));
#12771 = ORIENTED_EDGE('',*,*,#11779,.F.);
#12772 = ORIENTED_EDGE('',*,*,#12748,.F.);
#12773 = ORIENTED_EDGE('',*,*,#4361,.T.);
#12774 = ORIENTED_EDGE('',*,*,#12775,.T.);
#12775 = EDGE_CURVE('',#4334,#11757,#12776,.T.);
#12776 = SURFACE_CURVE('',#12777,(#12781,#12788),.PCURVE_S1.);
#12777 = LINE('',#12778,#12779);
#12778 = CARTESIAN_POINT('',(2.833333333333,56.6,0.));
#12779 = VECTOR('',#12780,1.);
#12780 = DIRECTION('',(0.,0.,1.));
#12781 = PCURVE('',#4377,#12782);
#12782 = DEFINITIONAL_REPRESENTATION('',(#12783),#12787);
#12783 = LINE('',#12784,#12785);
#12784 = CARTESIAN_POINT('',(0.,-18.16666666666));
#12785 = VECTOR('',#12786,1.);
#12786 = DIRECTION('',(1.,0.));
#12787 = ( GEOMETRIC_REPRESENTATION_CONTEXT(2) 
PARAMETRIC_REPRESENTATION_CONTEXT() REPRESENTATION_CONTEXT('2D SPACE',''
  ) );
#12788 = PCURVE('',#4349,#12789);
#12789 = DEFINITIONAL_REPRESENTATION('',(#12790),#12794);
#12790 = LINE('',#12791,#12792);
#12791 = CARTESIAN_POINT('',(1.301708279318,0.));
#12792 = VECTOR('',#12793,1.);
#12793 = DIRECTION('',(0.,-1.));
#12794 = ( GEOMETRIC_REPRESENTATION_CONTEXT(2) 
PARAMETRIC_REPRESENTATION_CONTEXT() REPRESENTATION_CONTEXT('2D SPACE',''
  ) );
#12795 = ADVANCED_FACE('',(#12796),#4349,.F.);
#12796 = FACE_BOUND('',#12797,.F.);
#12797 = EDGE_LOOP('',(#12798,#12799,#12820,#12821));
#12798 = ORIENTED_EDGE('',*,*,#4333,.F.);
#12799 = ORIENTED_EDGE('',*,*,#12800,.T.);
#12800 = EDGE_CURVE('',#4306,#11734,#12801,.T.);
#12801 = SURFACE_CURVE('',#12802,(#12806,#12813),.PCURVE_S1.);
#12802 = LINE('',#12803,#12804);
#12803 = CARTESIAN_POINT('',(2.,55.6,0.));
#12804 = VECTOR('',#12805,1.);
#12805 = DIRECTION('',(0.,0.,1.));
#12806 = PCURVE('',#4349,#12807);
#12807 = DEFINITIONAL_REPRESENTATION('',(#12808),#12812);
#12808 = LINE('',#12809,#12810);
#12809 = CARTESIAN_POINT('',(0.,0.));
#12810 = VECTOR('',#12811,1.);
#12811 = DIRECTION('',(0.,-1.));
#12812 = ( GEOMETRIC_REPRESENTATION_CONTEXT(2) 
PARAMETRIC_REPRESENTATION_CONTEXT() REPRESENTATION_CONTEXT('2D SPACE',''
  ) );
#12813 = PCURVE('',#4321,#12814);
#12814 = DEFINITIONAL_REPRESENTATION('',(#12815),#12819);
#12815 = LINE('',#12816,#12817);
#12816 = CARTESIAN_POINT('',(1.697056274848,0.));
#12817 = VECTOR('',#12818,1.);
#12818 = DIRECTION('',(0.,-1.));
#12819 = ( GEOMETRIC_REPRESENTATION_CONTEXT(2) 
PARAMETRIC_REPRESENTATION_CONTEXT() REPRESENTATION_CONTEXT('2D SPACE',''
  ) );
#12820 = ORIENTED_EDGE('',*,*,#11756,.T.);
#12821 = ORIENTED_EDGE('',*,*,#12775,.F.);
#12822 = ADVANCED_FACE('',(#12823),#4321,.F.);
#12823 = FACE_BOUND('',#12824,.F.);
#12824 = EDGE_LOOP('',(#12825,#12826,#12849,#12870,#12871));
#12825 = ORIENTED_EDGE('',*,*,#4305,.F.);
#12826 = ORIENTED_EDGE('',*,*,#12827,.T.);
#12827 = EDGE_CURVE('',#4278,#12828,#12830,.T.);
#12828 = VERTEX_POINT('',#12829);
#12829 = CARTESIAN_POINT('',(0.8,54.4,3.8));
#12830 = SURFACE_CURVE('',#12831,(#12835,#12842),.PCURVE_S1.);
#12831 = LINE('',#12832,#12833);
#12832 = CARTESIAN_POINT('',(0.8,54.4,0.));
#12833 = VECTOR('',#12834,1.);
#12834 = DIRECTION('',(0.,0.,1.));
#12835 = PCURVE('',#4321,#12836);
#12836 = DEFINITIONAL_REPRESENTATION('',(#12837),#12841);
#12837 = LINE('',#12838,#12839);
#12838 = CARTESIAN_POINT('',(0.,0.));
#12839 = VECTOR('',#12840,1.);
#12840 = DIRECTION('',(0.,-1.));
#12841 = ( GEOMETRIC_REPRESENTATION_CONTEXT(2) 
PARAMETRIC_REPRESENTATION_CONTEXT() REPRESENTATION_CONTEXT('2D SPACE',''
  ) );
#12842 = PCURVE('',#4293,#12843);
#12843 = DEFINITIONAL_REPRESENTATION('',(#12844),#12848);
#12844 = LINE('',#12845,#12846);
#12845 = CARTESIAN_POINT('',(1.6,0.));
#12846 = VECTOR('',#12847,1.);
#12847 = DIRECTION('',(0.,-1.));
#12848 = ( GEOMETRIC_REPRESENTATION_CONTEXT(2) 
PARAMETRIC_REPRESENTATION_CONTEXT() REPRESENTATION_CONTEXT('2D SPACE',''
  ) );
#12849 = ORIENTED_EDGE('',*,*,#12850,.T.);
#12850 = EDGE_CURVE('',#12828,#11706,#12851,.T.);
#12851 = SURFACE_CURVE('',#12852,(#12856,#12863),.PCURVE_S1.);
#12852 = LINE('',#12853,#12854);
#12853 = CARTESIAN_POINT('',(3.333333333333E-02,53.633333333333,
    3.033333333333));
#12854 = VECTOR('',#12855,1.);
#12855 = DIRECTION('',(0.57735026919,0.57735026919,0.57735026919));
#12856 = PCURVE('',#4321,#12857);
#12857 = DEFINITIONAL_REPRESENTATION('',(#12858),#12862);
#12858 = LINE('',#12859,#12860);
#12859 = CARTESIAN_POINT('',(-1.084230397819,-3.033333333333));
#12860 = VECTOR('',#12861,1.);
#12861 = DIRECTION('',(0.816496580928,-0.57735026919));
#12862 = ( GEOMETRIC_REPRESENTATION_CONTEXT(2) 
PARAMETRIC_REPRESENTATION_CONTEXT() REPRESENTATION_CONTEXT('2D SPACE',''
  ) );
#12863 = PCURVE('',#11721,#12864);
#12864 = DEFINITIONAL_REPRESENTATION('',(#12865),#12869);
#12865 = LINE('',#12866,#12867);
#12866 = CARTESIAN_POINT('',(-1.084230397819,-3.333333333333E-02));
#12867 = VECTOR('',#12868,1.);
#12868 = DIRECTION('',(0.816496580928,-0.57735026919));
#12869 = ( GEOMETRIC_REPRESENTATION_CONTEXT(2) 
PARAMETRIC_REPRESENTATION_CONTEXT() REPRESENTATION_CONTEXT('2D SPACE',''
  ) );
#12870 = ORIENTED_EDGE('',*,*,#11733,.T.);
#12871 = ORIENTED_EDGE('',*,*,#12800,.F.);
#12872 = ADVANCED_FACE('',(#12873),#11721,.T.);
#12873 = FACE_BOUND('',#12874,.T.);
#12874 = EDGE_LOOP('',(#12875,#12898,#12899,#12900));
#12875 = ORIENTED_EDGE('',*,*,#12876,.T.);
#12876 = EDGE_CURVE('',#12877,#12828,#12879,.T.);
#12877 = VERTEX_POINT('',#12878);
#12878 = CARTESIAN_POINT('',(-0.8,54.4,3.8));
#12879 = SURFACE_CURVE('',#12880,(#12884,#12891),.PCURVE_S1.);
#12880 = LINE('',#12881,#12882);
#12881 = CARTESIAN_POINT('',(-10.,54.4,3.8));
#12882 = VECTOR('',#12883,1.);
#12883 = DIRECTION('',(1.,-1.110223024625E-16,0.));
#12884 = PCURVE('',#11721,#12885);
#12885 = DEFINITIONAL_REPRESENTATION('',(#12886),#12890);
#12886 = LINE('',#12887,#12888);
#12887 = CARTESIAN_POINT('',(-1.099064721079E-15,10.));
#12888 = VECTOR('',#12889,1.);
#12889 = DIRECTION('',(0.,-1.));
#12890 = ( GEOMETRIC_REPRESENTATION_CONTEXT(2) 
PARAMETRIC_REPRESENTATION_CONTEXT() REPRESENTATION_CONTEXT('2D SPACE',''
  ) );
#12891 = PCURVE('',#4293,#12892);
#12892 = DEFINITIONAL_REPRESENTATION('',(#12893),#12897);
#12893 = LINE('',#12894,#12895);
#12894 = CARTESIAN_POINT('',(-9.2,-3.8));
#12895 = VECTOR('',#12896,1.);
#12896 = DIRECTION('',(1.,0.));
#12897 = ( GEOMETRIC_REPRESENTATION_CONTEXT(2) 
PARAMETRIC_REPRESENTATION_CONTEXT() REPRESENTATION_CONTEXT('2D SPACE',''
  ) );
#12898 = ORIENTED_EDGE('',*,*,#12850,.T.);
#12899 = ORIENTED_EDGE('',*,*,#11705,.F.);
#12900 = ORIENTED_EDGE('',*,*,#12901,.T.);
#12901 = EDGE_CURVE('',#11683,#12877,#12902,.T.);
#12902 = SURFACE_CURVE('',#12903,(#12907,#12914),.PCURVE_S1.);
#12903 = LINE('',#12904,#12905);
#12904 = CARTESIAN_POINT('',(-0.433333333333,54.033333333333,
    3.433333333333));
#12905 = VECTOR('',#12906,1.);
#12906 = DIRECTION('',(0.57735026919,-0.57735026919,-0.57735026919));
#12907 = PCURVE('',#11721,#12908);
#12908 = DEFINITIONAL_REPRESENTATION('',(#12909),#12913);
#12909 = LINE('',#12910,#12911);
#12910 = CARTESIAN_POINT('',(-0.51854497287,0.433333333333));
#12911 = VECTOR('',#12912,1.);
#12912 = DIRECTION('',(-0.816496580928,-0.57735026919));
#12913 = ( GEOMETRIC_REPRESENTATION_CONTEXT(2) 
PARAMETRIC_REPRESENTATION_CONTEXT() REPRESENTATION_CONTEXT('2D SPACE',''
  ) );
#12914 = PCURVE('',#4265,#12915);
#12915 = DEFINITIONAL_REPRESENTATION('',(#12916),#12920);
#12916 = LINE('',#12917,#12918);
#12917 = CARTESIAN_POINT('',(2.215601247718,-3.433333333333));
#12918 = VECTOR('',#12919,1.);
#12919 = DIRECTION('',(0.816496580928,0.57735026919));
#12920 = ( GEOMETRIC_REPRESENTATION_CONTEXT(2) 
PARAMETRIC_REPRESENTATION_CONTEXT() REPRESENTATION_CONTEXT('2D SPACE',''
  ) );
#12921 = ADVANCED_FACE('',(#12922),#4265,.F.);
#12922 = FACE_BOUND('',#12923,.F.);
#12923 = EDGE_LOOP('',(#12924,#12925,#12946,#12947,#12948));
#12924 = ORIENTED_EDGE('',*,*,#4249,.F.);
#12925 = ORIENTED_EDGE('',*,*,#12926,.T.);
#12926 = EDGE_CURVE('',#4222,#11660,#12927,.T.);
#12927 = SURFACE_CURVE('',#12928,(#12932,#12939),.PCURVE_S1.);
#12928 = LINE('',#12929,#12930);
#12929 = CARTESIAN_POINT('',(-2.,55.6,0.));
#12930 = VECTOR('',#12931,1.);
#12931 = DIRECTION('',(0.,0.,1.));
#12932 = PCURVE('',#4265,#12933);
#12933 = DEFINITIONAL_REPRESENTATION('',(#12934),#12938);
#12934 = LINE('',#12935,#12936);
#12935 = CARTESIAN_POINT('',(0.,0.));
#12936 = VECTOR('',#12937,1.);
#12937 = DIRECTION('',(0.,-1.));
#12938 = ( GEOMETRIC_REPRESENTATION_CONTEXT(2) 
PARAMETRIC_REPRESENTATION_CONTEXT() REPRESENTATION_CONTEXT('2D SPACE',''
  ) );
#12939 = PCURVE('',#4237,#12940);
#12940 = DEFINITIONAL_REPRESENTATION('',(#12941),#12945);
#12941 = LINE('',#12942,#12943);
#12942 = CARTESIAN_POINT('',(2.2,0.));
#12943 = VECTOR('',#12944,1.);
#12944 = DIRECTION('',(0.,-1.));
#12945 = ( GEOMETRIC_REPRESENTATION_CONTEXT(2) 
PARAMETRIC_REPRESENTATION_CONTEXT() REPRESENTATION_CONTEXT('2D SPACE',''
  ) );
#12946 = ORIENTED_EDGE('',*,*,#11682,.T.);
#12947 = ORIENTED_EDGE('',*,*,#12901,.T.);
#12948 = ORIENTED_EDGE('',*,*,#12949,.F.);
#12949 = EDGE_CURVE('',#4250,#12877,#12950,.T.);
#12950 = SURFACE_CURVE('',#12951,(#12955,#12962),.PCURVE_S1.);
#12951 = LINE('',#12952,#12953);
#12952 = CARTESIAN_POINT('',(-0.8,54.4,0.));
#12953 = VECTOR('',#12954,1.);
#12954 = DIRECTION('',(0.,0.,1.));
#12955 = PCURVE('',#4265,#12956);
#12956 = DEFINITIONAL_REPRESENTATION('',(#12957),#12961);
#12957 = LINE('',#12958,#12959);
#12958 = CARTESIAN_POINT('',(1.697056274848,0.));
#12959 = VECTOR('',#12960,1.);
#12960 = DIRECTION('',(0.,-1.));
#12961 = ( GEOMETRIC_REPRESENTATION_CONTEXT(2) 
PARAMETRIC_REPRESENTATION_CONTEXT() REPRESENTATION_CONTEXT('2D SPACE',''
  ) );
#12962 = PCURVE('',#4293,#12963);
#12963 = DEFINITIONAL_REPRESENTATION('',(#12964),#12968);
#12964 = LINE('',#12965,#12966);
#12965 = CARTESIAN_POINT('',(0.,0.));
#12966 = VECTOR('',#12967,1.);
#12967 = DIRECTION('',(0.,-1.));
#12968 = ( GEOMETRIC_REPRESENTATION_CONTEXT(2) 
PARAMETRIC_REPRESENTATION_CONTEXT() REPRESENTATION_CONTEXT('2D SPACE',''
  ) );
#12969 = ADVANCED_FACE('',(#12970),#4237,.F.);
#12970 = FACE_BOUND('',#12971,.F.);
#12971 = EDGE_LOOP('',(#12972,#12993,#12994,#12995));
#12972 = ORIENTED_EDGE('',*,*,#12973,.T.);
#12973 = EDGE_CURVE('',#4194,#11637,#12974,.T.);
#12974 = SURFACE_CURVE('',#12975,(#12979,#12986),.PCURVE_S1.);
#12975 = LINE('',#12976,#12977);
#12976 = CARTESIAN_POINT('',(-2.,57.8,0.));
#12977 = VECTOR('',#12978,1.);
#12978 = DIRECTION('',(0.,0.,1.));
#12979 = PCURVE('',#4237,#12980);
#12980 = DEFINITIONAL_REPRESENTATION('',(#12981),#12985);
#12981 = LINE('',#12982,#12983);
#12982 = CARTESIAN_POINT('',(0.,0.));
#12983 = VECTOR('',#12984,1.);
#12984 = DIRECTION('',(0.,-1.));
#12985 = ( GEOMETRIC_REPRESENTATION_CONTEXT(2) 
PARAMETRIC_REPRESENTATION_CONTEXT() REPRESENTATION_CONTEXT('2D SPACE',''
  ) );
#12986 = PCURVE('',#4209,#12987);
#12987 = DEFINITIONAL_REPRESENTATION('',(#12988),#12992);
#12988 = LINE('',#12989,#12990);
#12989 = CARTESIAN_POINT('',(0.,-23.));
#12990 = VECTOR('',#12991,1.);
#12991 = DIRECTION('',(1.,0.));
#12992 = ( GEOMETRIC_REPRESENTATION_CONTEXT(2) 
PARAMETRIC_REPRESENTATION_CONTEXT() REPRESENTATION_CONTEXT('2D SPACE',''
  ) );
#12993 = ORIENTED_EDGE('',*,*,#11659,.T.);
#12994 = ORIENTED_EDGE('',*,*,#12926,.F.);
#12995 = ORIENTED_EDGE('',*,*,#4221,.F.);
#12996 = ADVANCED_FACE('',(#12997),#4209,.T.);
#12997 = FACE_BOUND('',#12998,.T.);
#12998 = EDGE_LOOP('',(#12999,#13000,#13021,#13022));
#12999 = ORIENTED_EDGE('',*,*,#11636,.F.);
#13000 = ORIENTED_EDGE('',*,*,#13001,.F.);
#13001 = EDGE_CURVE('',#4166,#11614,#13002,.T.);
#13002 = SURFACE_CURVE('',#13003,(#13007,#13014),.PCURVE_S1.);
#13003 = LINE('',#13004,#13005);
#13004 = CARTESIAN_POINT('',(19.7,57.8,0.));
#13005 = VECTOR('',#13006,1.);
#13006 = DIRECTION('',(0.,0.,1.));
#13007 = PCURVE('',#4209,#13008);
#13008 = DEFINITIONAL_REPRESENTATION('',(#13009),#13013);
#13009 = LINE('',#13010,#13011);
#13010 = CARTESIAN_POINT('',(0.,-1.3));
#13011 = VECTOR('',#13012,1.);
#13012 = DIRECTION('',(1.,0.));
#13013 = ( GEOMETRIC_REPRESENTATION_CONTEXT(2) 
PARAMETRIC_REPRESENTATION_CONTEXT() REPRESENTATION_CONTEXT('2D SPACE',''
  ) );
#13014 = PCURVE('',#4181,#13015);
#13015 = DEFINITIONAL_REPRESENTATION('',(#13016),#13020);
#13016 = LINE('',#13017,#13018);
#13017 = CARTESIAN_POINT('',(0.,2.));
#13018 = VECTOR('',#13019,1.);
#13019 = DIRECTION('',(1.,0.));
#13020 = ( GEOMETRIC_REPRESENTATION_CONTEXT(2) 
PARAMETRIC_REPRESENTATION_CONTEXT() REPRESENTATION_CONTEXT('2D SPACE',''
  ) );
#13021 = ORIENTED_EDGE('',*,*,#4193,.T.);
#13022 = ORIENTED_EDGE('',*,*,#12973,.T.);
#13023 = ADVANCED_FACE('',(#13024),#4181,.T.);
#13024 = FACE_BOUND('',#13025,.T.);
#13025 = EDGE_LOOP('',(#13026,#13027,#13028,#13029));
#13026 = ORIENTED_EDGE('',*,*,#4165,.F.);
#13027 = ORIENTED_EDGE('',*,*,#13001,.T.);
#13028 = ORIENTED_EDGE('',*,*,#11613,.T.);
#13029 = ORIENTED_EDGE('',*,*,#11828,.F.);
#13030 = ADVANCED_FACE('',(#13031),#4836,.T.);
#13031 = FACE_BOUND('',#13032,.T.);
#13032 = EDGE_LOOP('',(#13033,#13034,#13035,#13036));
#13033 = ORIENTED_EDGE('',*,*,#4820,.F.);
#13034 = ORIENTED_EDGE('',*,*,#11855,.T.);
#13035 = ORIENTED_EDGE('',*,*,#12122,.T.);
#13036 = ORIENTED_EDGE('',*,*,#13037,.F.);
#13037 = EDGE_CURVE('',#4793,#12100,#13038,.T.);
#13038 = SURFACE_CURVE('',#13039,(#13043,#13050),.PCURVE_S1.);
#13039 = LINE('',#13040,#13041);
#13040 = CARTESIAN_POINT('',(76.6,10.,0.));
#13041 = VECTOR('',#13042,1.);
#13042 = DIRECTION('',(0.,0.,1.));
#13043 = PCURVE('',#4836,#13044);
#13044 = DEFINITIONAL_REPRESENTATION('',(#13045),#13049);
#13045 = LINE('',#13046,#13047);
#13046 = CARTESIAN_POINT('',(0.,0.8));
#13047 = VECTOR('',#13048,1.);
#13048 = DIRECTION('',(1.,0.));
#13049 = ( GEOMETRIC_REPRESENTATION_CONTEXT(2) 
PARAMETRIC_REPRESENTATION_CONTEXT() REPRESENTATION_CONTEXT('2D SPACE',''
  ) );
#13050 = PCURVE('',#4808,#13051);
#13051 = DEFINITIONAL_REPRESENTATION('',(#13052),#13056);
#13052 = LINE('',#13053,#13054);
#13053 = CARTESIAN_POINT('',(0.,-1.3));
#13054 = VECTOR('',#13055,1.);
#13055 = DIRECTION('',(1.,0.));
#13056 = ( GEOMETRIC_REPRESENTATION_CONTEXT(2) 
PARAMETRIC_REPRESENTATION_CONTEXT() REPRESENTATION_CONTEXT('2D SPACE',''
  ) );
#13057 = ADVANCED_FACE('',(#13058),#4808,.F.);
#13058 = FACE_BOUND('',#13059,.F.);
#13059 = EDGE_LOOP('',(#13060,#13061,#13062,#13063));
#13060 = ORIENTED_EDGE('',*,*,#12099,.F.);
#13061 = ORIENTED_EDGE('',*,*,#13037,.F.);
#13062 = ORIENTED_EDGE('',*,*,#4792,.T.);
#13063 = ORIENTED_EDGE('',*,*,#13064,.T.);
#13064 = EDGE_CURVE('',#4765,#12077,#13065,.T.);
#13065 = SURFACE_CURVE('',#13066,(#13070,#13077),.PCURVE_S1.);
#13066 = LINE('',#13067,#13068);
#13067 = CARTESIAN_POINT('',(76.6,26.866666666667,0.));
#13068 = VECTOR('',#13069,1.);
#13069 = DIRECTION('',(0.,0.,1.));
#13070 = PCURVE('',#4808,#13071);
#13071 = DEFINITIONAL_REPRESENTATION('',(#13072),#13076);
#13072 = LINE('',#13073,#13074);
#13073 = CARTESIAN_POINT('',(0.,-18.16666666666));
#13074 = VECTOR('',#13075,1.);
#13075 = DIRECTION('',(1.,0.));
#13076 = ( GEOMETRIC_REPRESENTATION_CONTEXT(2) 
PARAMETRIC_REPRESENTATION_CONTEXT() REPRESENTATION_CONTEXT('2D SPACE',''
  ) );
#13077 = PCURVE('',#4780,#13078);
#13078 = DEFINITIONAL_REPRESENTATION('',(#13079),#13083);
#13079 = LINE('',#13080,#13081);
#13080 = CARTESIAN_POINT('',(1.301708279318,0.));
#13081 = VECTOR('',#13082,1.);
#13082 = DIRECTION('',(0.,-1.));
#13083 = ( GEOMETRIC_REPRESENTATION_CONTEXT(2) 
PARAMETRIC_REPRESENTATION_CONTEXT() REPRESENTATION_CONTEXT('2D SPACE',''
  ) );
#13084 = ADVANCED_FACE('',(#13085),#4780,.F.);
#13085 = FACE_BOUND('',#13086,.F.);
#13086 = EDGE_LOOP('',(#13087,#13088,#13109,#13110));
#13087 = ORIENTED_EDGE('',*,*,#4764,.F.);
#13088 = ORIENTED_EDGE('',*,*,#13089,.T.);
#13089 = EDGE_CURVE('',#4737,#12054,#13090,.T.);
#13090 = SURFACE_CURVE('',#13091,(#13095,#13102),.PCURVE_S1.);
#13091 = LINE('',#13092,#13093);
#13092 = CARTESIAN_POINT('',(75.6,27.7,0.));
#13093 = VECTOR('',#13094,1.);
#13094 = DIRECTION('',(0.,0.,1.));
#13095 = PCURVE('',#4780,#13096);
#13096 = DEFINITIONAL_REPRESENTATION('',(#13097),#13101);
#13097 = LINE('',#13098,#13099);
#13098 = CARTESIAN_POINT('',(0.,0.));
#13099 = VECTOR('',#13100,1.);
#13100 = DIRECTION('',(0.,-1.));
#13101 = ( GEOMETRIC_REPRESENTATION_CONTEXT(2) 
PARAMETRIC_REPRESENTATION_CONTEXT() REPRESENTATION_CONTEXT('2D SPACE',''
  ) );
#13102 = PCURVE('',#4752,#13103);
#13103 = DEFINITIONAL_REPRESENTATION('',(#13104),#13108);
#13104 = LINE('',#13105,#13106);
#13105 = CARTESIAN_POINT('',(1.697056274848,0.));
#13106 = VECTOR('',#13107,1.);
#13107 = DIRECTION('',(0.,-1.));
#13108 = ( GEOMETRIC_REPRESENTATION_CONTEXT(2) 
PARAMETRIC_REPRESENTATION_CONTEXT() REPRESENTATION_CONTEXT('2D SPACE',''
  ) );
#13109 = ORIENTED_EDGE('',*,*,#12076,.T.);
#13110 = ORIENTED_EDGE('',*,*,#13064,.F.);
#13111 = ADVANCED_FACE('',(#13112),#4752,.F.);
#13112 = FACE_BOUND('',#13113,.F.);
#13113 = EDGE_LOOP('',(#13114,#13115,#13138,#13159,#13160));
#13114 = ORIENTED_EDGE('',*,*,#4736,.F.);
#13115 = ORIENTED_EDGE('',*,*,#13116,.T.);
#13116 = EDGE_CURVE('',#4709,#13117,#13119,.T.);
#13117 = VERTEX_POINT('',#13118);
#13118 = CARTESIAN_POINT('',(74.4,28.9,3.8));
#13119 = SURFACE_CURVE('',#13120,(#13124,#13131),.PCURVE_S1.);
#13120 = LINE('',#13121,#13122);
#13121 = CARTESIAN_POINT('',(74.4,28.9,0.));
#13122 = VECTOR('',#13123,1.);
#13123 = DIRECTION('',(0.,0.,1.));
#13124 = PCURVE('',#4752,#13125);
#13125 = DEFINITIONAL_REPRESENTATION('',(#13126),#13130);
#13126 = LINE('',#13127,#13128);
#13127 = CARTESIAN_POINT('',(0.,0.));
#13128 = VECTOR('',#13129,1.);
#13129 = DIRECTION('',(0.,-1.));
#13130 = ( GEOMETRIC_REPRESENTATION_CONTEXT(2) 
PARAMETRIC_REPRESENTATION_CONTEXT() REPRESENTATION_CONTEXT('2D SPACE',''
  ) );
#13131 = PCURVE('',#4724,#13132);
#13132 = DEFINITIONAL_REPRESENTATION('',(#13133),#13137);
#13133 = LINE('',#13134,#13135);
#13134 = CARTESIAN_POINT('',(1.6,0.));
#13135 = VECTOR('',#13136,1.);
#13136 = DIRECTION('',(0.,-1.));
#13137 = ( GEOMETRIC_REPRESENTATION_CONTEXT(2) 
PARAMETRIC_REPRESENTATION_CONTEXT() REPRESENTATION_CONTEXT('2D SPACE',''
  ) );
#13138 = ORIENTED_EDGE('',*,*,#13139,.T.);
#13139 = EDGE_CURVE('',#13117,#12026,#13140,.T.);
#13140 = SURFACE_CURVE('',#13141,(#13145,#13152),.PCURVE_S1.);
#13141 = LINE('',#13142,#13143);
#13142 = CARTESIAN_POINT('',(73.633333333333,29.666666666667,
    3.033333333333));
#13143 = VECTOR('',#13144,1.);
#13144 = DIRECTION('',(0.57735026919,-0.57735026919,0.57735026919));
#13145 = PCURVE('',#4752,#13146);
#13146 = DEFINITIONAL_REPRESENTATION('',(#13147),#13151);
#13147 = LINE('',#13148,#13149);
#13148 = CARTESIAN_POINT('',(-1.084230397819,-3.033333333333));
#13149 = VECTOR('',#13150,1.);
#13150 = DIRECTION('',(0.816496580928,-0.57735026919));
#13151 = ( GEOMETRIC_REPRESENTATION_CONTEXT(2) 
PARAMETRIC_REPRESENTATION_CONTEXT() REPRESENTATION_CONTEXT('2D SPACE',''
  ) );
#13152 = PCURVE('',#12041,#13153);
#13153 = DEFINITIONAL_REPRESENTATION('',(#13154),#13158);
#13154 = LINE('',#13155,#13156);
#13155 = CARTESIAN_POINT('',(-1.084230397819,-3.333333333333E-02));
#13156 = VECTOR('',#13157,1.);
#13157 = DIRECTION('',(0.816496580928,-0.57735026919));
#13158 = ( GEOMETRIC_REPRESENTATION_CONTEXT(2) 
PARAMETRIC_REPRESENTATION_CONTEXT() REPRESENTATION_CONTEXT('2D SPACE',''
  ) );
#13159 = ORIENTED_EDGE('',*,*,#12053,.T.);
#13160 = ORIENTED_EDGE('',*,*,#13089,.F.);
#13161 = ADVANCED_FACE('',(#13162),#12041,.T.);
#13162 = FACE_BOUND('',#13163,.T.);
#13163 = EDGE_LOOP('',(#13164,#13187,#13188,#13189));
#13164 = ORIENTED_EDGE('',*,*,#13165,.T.);
#13165 = EDGE_CURVE('',#13166,#13117,#13168,.T.);
#13166 = VERTEX_POINT('',#13167);
#13167 = CARTESIAN_POINT('',(74.4,30.5,3.8));
#13168 = SURFACE_CURVE('',#13169,(#13173,#13180),.PCURVE_S1.);
#13169 = LINE('',#13170,#13171);
#13170 = CARTESIAN_POINT('',(74.4,39.7,3.8));
#13171 = VECTOR('',#13172,1.);
#13172 = DIRECTION('',(0.,-1.,0.));
#13173 = PCURVE('',#12041,#13174);
#13174 = DEFINITIONAL_REPRESENTATION('',(#13175),#13179);
#13175 = LINE('',#13176,#13177);
#13176 = CARTESIAN_POINT('',(0.,10.));
#13177 = VECTOR('',#13178,1.);
#13178 = DIRECTION('',(0.,-1.));
#13179 = ( GEOMETRIC_REPRESENTATION_CONTEXT(2) 
PARAMETRIC_REPRESENTATION_CONTEXT() REPRESENTATION_CONTEXT('2D SPACE',''
  ) );
#13180 = PCURVE('',#4724,#13181);
#13181 = DEFINITIONAL_REPRESENTATION('',(#13182),#13186);
#13182 = LINE('',#13183,#13184);
#13183 = CARTESIAN_POINT('',(-9.2,-3.8));
#13184 = VECTOR('',#13185,1.);
#13185 = DIRECTION('',(1.,0.));
#13186 = ( GEOMETRIC_REPRESENTATION_CONTEXT(2) 
PARAMETRIC_REPRESENTATION_CONTEXT() REPRESENTATION_CONTEXT('2D SPACE',''
  ) );
#13187 = ORIENTED_EDGE('',*,*,#13139,.T.);
#13188 = ORIENTED_EDGE('',*,*,#12025,.F.);
#13189 = ORIENTED_EDGE('',*,*,#13190,.T.);
#13190 = EDGE_CURVE('',#12003,#13166,#13191,.T.);
#13191 = SURFACE_CURVE('',#13192,(#13196,#13203),.PCURVE_S1.);
#13192 = LINE('',#13193,#13194);
#13193 = CARTESIAN_POINT('',(74.033333333333,30.133333333333,
    3.433333333333));
#13194 = VECTOR('',#13195,1.);
#13195 = DIRECTION('',(-0.57735026919,-0.57735026919,-0.57735026919));
#13196 = PCURVE('',#12041,#13197);
#13197 = DEFINITIONAL_REPRESENTATION('',(#13198),#13202);
#13198 = LINE('',#13199,#13200);
#13199 = CARTESIAN_POINT('',(-0.51854497287,0.433333333333));
#13200 = VECTOR('',#13201,1.);
#13201 = DIRECTION('',(-0.816496580928,-0.57735026919));
#13202 = ( GEOMETRIC_REPRESENTATION_CONTEXT(2) 
PARAMETRIC_REPRESENTATION_CONTEXT() REPRESENTATION_CONTEXT('2D SPACE',''
  ) );
#13203 = PCURVE('',#4696,#13204);
#13204 = DEFINITIONAL_REPRESENTATION('',(#13205),#13209);
#13205 = LINE('',#13206,#13207);
#13206 = CARTESIAN_POINT('',(2.215601247718,-3.433333333333));
#13207 = VECTOR('',#13208,1.);
#13208 = DIRECTION('',(0.816496580928,0.57735026919));
#13209 = ( GEOMETRIC_REPRESENTATION_CONTEXT(2) 
PARAMETRIC_REPRESENTATION_CONTEXT() REPRESENTATION_CONTEXT('2D SPACE',''
  ) );
#13210 = ADVANCED_FACE('',(#13211),#4696,.F.);
#13211 = FACE_BOUND('',#13212,.F.);
#13212 = EDGE_LOOP('',(#13213,#13214,#13235,#13236,#13237));
#13213 = ORIENTED_EDGE('',*,*,#4680,.F.);
#13214 = ORIENTED_EDGE('',*,*,#13215,.T.);
#13215 = EDGE_CURVE('',#4653,#11980,#13216,.T.);
#13216 = SURFACE_CURVE('',#13217,(#13221,#13228),.PCURVE_S1.);
#13217 = LINE('',#13218,#13219);
#13218 = CARTESIAN_POINT('',(75.6,31.7,0.));
#13219 = VECTOR('',#13220,1.);
#13220 = DIRECTION('',(0.,0.,1.));
#13221 = PCURVE('',#4696,#13222);
#13222 = DEFINITIONAL_REPRESENTATION('',(#13223),#13227);
#13223 = LINE('',#13224,#13225);
#13224 = CARTESIAN_POINT('',(0.,0.));
#13225 = VECTOR('',#13226,1.);
#13226 = DIRECTION('',(0.,-1.));
#13227 = ( GEOMETRIC_REPRESENTATION_CONTEXT(2) 
PARAMETRIC_REPRESENTATION_CONTEXT() REPRESENTATION_CONTEXT('2D SPACE',''
  ) );
#13228 = PCURVE('',#4668,#13229);
#13229 = DEFINITIONAL_REPRESENTATION('',(#13230),#13234);
#13230 = LINE('',#13231,#13232);
#13231 = CARTESIAN_POINT('',(2.2,0.));
#13232 = VECTOR('',#13233,1.);
#13233 = DIRECTION('',(0.,-1.));
#13234 = ( GEOMETRIC_REPRESENTATION_CONTEXT(2) 
PARAMETRIC_REPRESENTATION_CONTEXT() REPRESENTATION_CONTEXT('2D SPACE',''
  ) );
#13235 = ORIENTED_EDGE('',*,*,#12002,.T.);
#13236 = ORIENTED_EDGE('',*,*,#13190,.T.);
#13237 = ORIENTED_EDGE('',*,*,#13238,.F.);
#13238 = EDGE_CURVE('',#4681,#13166,#13239,.T.);
#13239 = SURFACE_CURVE('',#13240,(#13244,#13251),.PCURVE_S1.);
#13240 = LINE('',#13241,#13242);
#13241 = CARTESIAN_POINT('',(74.4,30.5,0.));
#13242 = VECTOR('',#13243,1.);
#13243 = DIRECTION('',(0.,0.,1.));
#13244 = PCURVE('',#4696,#13245);
#13245 = DEFINITIONAL_REPRESENTATION('',(#13246),#13250);
#13246 = LINE('',#13247,#13248);
#13247 = CARTESIAN_POINT('',(1.697056274848,0.));
#13248 = VECTOR('',#13249,1.);
#13249 = DIRECTION('',(0.,-1.));
#13250 = ( GEOMETRIC_REPRESENTATION_CONTEXT(2) 
PARAMETRIC_REPRESENTATION_CONTEXT() REPRESENTATION_CONTEXT('2D SPACE',''
  ) );
#13251 = PCURVE('',#4724,#13252);
#13252 = DEFINITIONAL_REPRESENTATION('',(#13253),#13257);
#13253 = LINE('',#13254,#13255);
#13254 = CARTESIAN_POINT('',(0.,0.));
#13255 = VECTOR('',#13256,1.);
#13256 = DIRECTION('',(0.,-1.));
#13257 = ( GEOMETRIC_REPRESENTATION_CONTEXT(2) 
PARAMETRIC_REPRESENTATION_CONTEXT() REPRESENTATION_CONTEXT('2D SPACE',''
  ) );
#13258 = ADVANCED_FACE('',(#13259),#4668,.F.);
#13259 = FACE_BOUND('',#13260,.F.);
#13260 = EDGE_LOOP('',(#13261,#13282,#13283,#13284));
#13261 = ORIENTED_EDGE('',*,*,#13262,.T.);
#13262 = EDGE_CURVE('',#4625,#11957,#13263,.T.);
#13263 = SURFACE_CURVE('',#13264,(#13268,#13275),.PCURVE_S1.);
#13264 = LINE('',#13265,#13266);
#13265 = CARTESIAN_POINT('',(77.8,31.7,0.));
#13266 = VECTOR('',#13267,1.);
#13267 = DIRECTION('',(0.,0.,1.));
#13268 = PCURVE('',#4668,#13269);
#13269 = DEFINITIONAL_REPRESENTATION('',(#13270),#13274);
#13270 = LINE('',#13271,#13272);
#13271 = CARTESIAN_POINT('',(0.,-0.));
#13272 = VECTOR('',#13273,1.);
#13273 = DIRECTION('',(0.,-1.));
#13274 = ( GEOMETRIC_REPRESENTATION_CONTEXT(2) 
PARAMETRIC_REPRESENTATION_CONTEXT() REPRESENTATION_CONTEXT('2D SPACE',''
  ) );
#13275 = PCURVE('',#4640,#13276);
#13276 = DEFINITIONAL_REPRESENTATION('',(#13277),#13281);
#13277 = LINE('',#13278,#13279);
#13278 = CARTESIAN_POINT('',(0.,-23.));
#13279 = VECTOR('',#13280,1.);
#13280 = DIRECTION('',(1.,0.));
#13281 = ( GEOMETRIC_REPRESENTATION_CONTEXT(2) 
PARAMETRIC_REPRESENTATION_CONTEXT() REPRESENTATION_CONTEXT('2D SPACE',''
  ) );
#13282 = ORIENTED_EDGE('',*,*,#11979,.T.);
#13283 = ORIENTED_EDGE('',*,*,#13215,.F.);
#13284 = ORIENTED_EDGE('',*,*,#4652,.F.);
#13285 = ADVANCED_FACE('',(#13286),#4640,.T.);
#13286 = FACE_BOUND('',#13287,.T.);
#13287 = EDGE_LOOP('',(#13288,#13289,#13310,#13311));
#13288 = ORIENTED_EDGE('',*,*,#11956,.F.);
#13289 = ORIENTED_EDGE('',*,*,#13290,.F.);
#13290 = EDGE_CURVE('',#4597,#11934,#13291,.T.);
#13291 = SURFACE_CURVE('',#13292,(#13296,#13303),.PCURVE_S1.);
#13292 = LINE('',#13293,#13294);
#13293 = CARTESIAN_POINT('',(77.8,10.,0.));
#13294 = VECTOR('',#13295,1.);
#13295 = DIRECTION('',(0.,0.,1.));
#13296 = PCURVE('',#4640,#13297);
#13297 = DEFINITIONAL_REPRESENTATION('',(#13298),#13302);
#13298 = LINE('',#13299,#13300);
#13299 = CARTESIAN_POINT('',(0.,-1.3));
#13300 = VECTOR('',#13301,1.);
#13301 = DIRECTION('',(1.,0.));
#13302 = ( GEOMETRIC_REPRESENTATION_CONTEXT(2) 
PARAMETRIC_REPRESENTATION_CONTEXT() REPRESENTATION_CONTEXT('2D SPACE',''
  ) );
#13303 = PCURVE('',#4612,#13304);
#13304 = DEFINITIONAL_REPRESENTATION('',(#13305),#13309);
#13305 = LINE('',#13306,#13307);
#13306 = CARTESIAN_POINT('',(0.,2.));
#13307 = VECTOR('',#13308,1.);
#13308 = DIRECTION('',(1.,0.));
#13309 = ( GEOMETRIC_REPRESENTATION_CONTEXT(2) 
PARAMETRIC_REPRESENTATION_CONTEXT() REPRESENTATION_CONTEXT('2D SPACE',''
  ) );
#13310 = ORIENTED_EDGE('',*,*,#4624,.T.);
#13311 = ORIENTED_EDGE('',*,*,#13262,.T.);
#13312 = ADVANCED_FACE('',(#13313),#4612,.T.);
#13313 = FACE_BOUND('',#13314,.T.);
#13314 = EDGE_LOOP('',(#13315,#13316,#13317,#13318));
#13315 = ORIENTED_EDGE('',*,*,#4596,.F.);
#13316 = ORIENTED_EDGE('',*,*,#13290,.T.);
#13317 = ORIENTED_EDGE('',*,*,#11933,.T.);
#13318 = ORIENTED_EDGE('',*,*,#12148,.F.);
#13319 = ADVANCED_FACE('',(#13320),#3862,.F.);
#13320 = FACE_BOUND('',#13321,.F.);
#13321 = EDGE_LOOP('',(#13322,#13323,#13324,#13325));
#13322 = ORIENTED_EDGE('',*,*,#3846,.F.);
#13323 = ORIENTED_EDGE('',*,*,#12660,.T.);
#13324 = ORIENTED_EDGE('',*,*,#12587,.T.);
#13325 = ORIENTED_EDGE('',*,*,#12538,.F.);
#13326 = ADVANCED_FACE('',(#13327),#4293,.F.);
#13327 = FACE_BOUND('',#13328,.F.);
#13328 = EDGE_LOOP('',(#13329,#13330,#13331,#13332));
#13329 = ORIENTED_EDGE('',*,*,#4277,.F.);
#13330 = ORIENTED_EDGE('',*,*,#12949,.T.);
#13331 = ORIENTED_EDGE('',*,*,#12876,.T.);
#13332 = ORIENTED_EDGE('',*,*,#12827,.F.);
#13333 = ADVANCED_FACE('',(#13334),#4724,.F.);
#13334 = FACE_BOUND('',#13335,.F.);
#13335 = EDGE_LOOP('',(#13336,#13337,#13338,#13339));
#13336 = ORIENTED_EDGE('',*,*,#4708,.F.);
#13337 = ORIENTED_EDGE('',*,*,#13238,.T.);
#13338 = ORIENTED_EDGE('',*,*,#13165,.T.);
#13339 = ORIENTED_EDGE('',*,*,#13116,.F.);
#13340 = ADVANCED_FACE('',(#13341),#12212,.T.);
#13341 = FACE_BOUND('',#13342,.T.);
#13342 = EDGE_LOOP('',(#13343,#13344,#13345,#13346,#13347));
#13343 = ORIENTED_EDGE('',*,*,#12197,.F.);
#13344 = ORIENTED_EDGE('',*,*,#12249,.F.);
#13345 = ORIENTED_EDGE('',*,*,#12296,.F.);
#13346 = ORIENTED_EDGE('',*,*,#12343,.F.);
#13347 = ORIENTED_EDGE('',*,*,#12404,.F.);
#13348 = ( GEOMETRIC_REPRESENTATION_CONTEXT(3) 
GLOBAL_UNCERTAINTY_ASSIGNED_CONTEXT((#13352)) 
GLOBAL_UNIT_ASSIGNED_CONTEXT((#13349,#13350,#13351)) 
REPRESENTATION_CONTEXT('Context #1',
  '3D Context with UNIT and UNCERTAINTY') );
#13349 = ( LENGTH_UNIT() NAMED_UNIT(*) SI_UNIT(.MILLI.,.METRE.) );
#13350 = ( NAMED_UNIT(*) PLANE_ANGLE_UNIT() SI_UNIT($,.RADIAN.) );
#13351 = ( NAMED_UNIT(*) SI_UNIT($,.STERADIAN.) SOLID_ANGLE_UNIT() );
#13352 = UNCERTAINTY_MEASURE_WITH_UNIT(LENGTH_MEASURE(5.E-07),#13349,
  'distance_accuracy_value','confusion accuracy');
#13353 = PRODUCT_RELATED_PRODUCT_CATEGORY('part',$,(#7));
ENDSEC;
END-ISO-10303-21;
